:020000040800F2
:1000000000000520395002081D3B0208213B020870
:100010002D3B0208393B0208453B02080000000066
:10002000000000000000000000000000513B02083A
:10003000553B020800000000593B02085D3B0208E6
:100040008950020889500208895002088950020824
:100050008950020889500208895002088950020814
:100060008950020889500208895002088950020804
:1000700089500208895002088950020889500208F4
:1000800089500208895002088950020889500208E4
:1000900089500208895002088950020889500208D4
:1000A00089500208895002088950020889500208C4
:1000B00089500208895002088950020889500208B4
:1000C00089500208895002088950020889500208A4
:1000D0008950020889500208895002088950020894
:1000E0008950020889500208895002088950020884
:1000F0008950020889500208895002088950020874
:100100008950020889500208895002088950020863
:100110008950020889500208895002088950020853
:10012000895002088950020889500208913B020850
:100130008950020889500208895002088950020833
:100140008950020889500208895002088950020823
:100150008950020889500208895002088950020813
:100160008950020889500208895002088950020803
:1001700089500208895002088950020800000000D6
:1001800089500208895002088950020889500208E3
:100190008950020889500208895002089D3B0208D4
:1001A000613B02086D3B0208853B0208895002084A
:0401B000793B02088D
:1001B800704700BF38B50E4A0E4B12781B680546CB
:1001C8004FF47A70B0FBF2F0B3FBF0F000F0C2F835
:1001D80008B90F2D01D9012038BD04460246294629
:1001E8004FF0FF3000F05AF8034B1D60204638BD31
:1001F80000000020200300200400002008B50B4B5D
:100208001A6842F400721A601A6842F480621A602E
:100218001A6842F480721A60032000F02DF80F204B
:10022800FFF7C8FFFFF7C4FF002008BD003C0240ED
:10023800034A044B11681B780B441360704700BFD6
:100248004029002000000020014B1868704700BFBB
:100258004029002038B50446FFF7F6FF631C054621
:1002680002D0044B1B781C44FFF7EEFF401BA04252
:10027800FAD338BD000000200749CA6803024FF6C8
:10028800FF0003F4E0630240134343F0BF6343F409
:100298000033CB60704700BF00ED00E000B51B4B9A
:1002A800DB68C3F30223C3F1070EBEF1040F03F1A9
:1002B800040C28BF4FF0040EBCF1060F1CD9A3F1A3
:1002C800030C4FF0FF3303FA0CF322EA03024FF05A
:1002D800FF3303FA0EF321EA030303FA0CF3134383
:1002E8001B010028DBB20ADB00F1604000F5614029
:1002F80080F800335DF804FB00229446E7E7044ADF
:1003080000F00F00024413765DF804FB00ED00E0F6
:10031800FCEC00E0002807DB044A4109012300F057
:100328001F00834042F82130704700BF00E100E021
:1003380000280CDB4309064900F01F002033012286
:10034800824041F82320BFF34F8FBFF36F8F704770
:1003580000E100E00138B0F1807F01D3012070474F
:1003680010B44FF0E023074C586100224FF0F00C16
:10037800072184F823C09A61196110465DF8044B7F
:10038800704700BF00ED00E02DE9F04F00238D4CD1
:1003980083B001264FF0030803E00133102B00F06F
:1003A800D6800D6806FA03F202EA050EAA43F4D1D4
:1003B8004A6802F003024FEA430C02F1FF3908FAD7
:1003C8000CF5B9F1010F6FEA050516D8826802EA43
:1003D8000509CA6802FA0CF242EA090282604A6810
:1003E800D0F80490C2F300129A4029EA0E0942EAB2
:1003F800090242604A6802F00302032A25D0C26853
:1004080002EA05098A6802FA0CF242EA0902C260A5
:100418004A6802F00302022A17D14FEAD3090F698A
:1004280000EB890903F00702920007FA02FBD9F8EA
:1004380020A00F2707FA02F22AEA020A4BEA0A0268
:10044800C9F820204A6802F0030202FA0CF2D0F838
:1004580000C00CEA05052A4302604A6812F4403FCE
:100468009BD0594D002201926A6C42F480426A6422
:100478006A6C02F480420192019A23F0030202F1AD
:10048800804203F0030C0F2702F59C324FEA8C0CD4
:1004980007FA0CF94D4F9568B84225EA09052AD0A4
:1004A80007F58067B84255D0494FB84259D0DFF8B0
:1004B800249148455CD0DFF8209148455FD0DFF8AB
:1004C8001C91484569D0DFF8189148456CD0DFF891
:1004D800149148455AD0DFF8109148456BD0DFF8A1
:1004E8000C9148450CBF4FF009094FF00A0909FA69
:1004F8000CFC45EA0C0595604A68A5686FEA0E0C85
:10050800D70254BF0CEA05054EEA0505A5604A68FE
:10051800E568920254BF0CEA05054EEA0505E56058
:100528004A686568970354BF0CEA05054EEA050555
:1005380065604D682268ED0303F1010354BF0CEABE
:1005480002024EEA0202102B22607FF42AAF03B0A7
:10055800BDE8F08F4FF0010909FA0CFC45EA0C05DB
:10056800C9E74FF0020909FA0CFC45EA0C05C2E795
:100578004FF0030909FA0CFC45EA0C05BBE74FF0FC
:10058800040909FA0CFC45EA0C05B4E74FF0070921
:1005980009FA0CFC45EA0C05ADE74FF0050909FA24
:1005A8000CFC45EA0C05A6E74FF0060909FA0CFC15
:1005B80045EA0C059FE74FF0080909FA0CFC45EAE3
:1005C8000C0598E7003C014000380240000002405A
:1005D80000080240000C02400010024000140240D3
:1005E80000180240001C0240002002400024024083
:1005F8000369194214BF01200020704702B9090499
:1006080081617047436901EA030221EA030141EA73
:1006180002418161704700BF08B516498B6803F035
:100628000C03042B1BD0082B17D14A684B68496868
:1006380013F4800302F03F0213D10F48C1F388116D
:10064800A1FB000124F080FE0A4B5B68C3F3014361
:1006580001335B00B0FBF3F008BD074808BD07484D
:1006680008BD0648C1F388110023A1FB000124F04E
:100678006BFEE9E7003802400024F40000127A001B
:10068800002800F08A802DE9F041484A136803F0F9
:100698000F038B420D46044609D2CBB21370136880
:1006A80003F00F038B4202D00120BDE8F0812368DC
:1006B800990716D55A0705D53D4A936843F4E05380
:1006C800936023681B0704D5394A936843F4604351
:1006D8009360374AA168936823F0F0030B43936053
:1006E8002368DF0721D56268012A58D0931E012BA1
:1006F8002F4B1B684ED99907D6D52D4EB36823F0DA
:1007080003031343B360FFF79FFD41F288380746A0
:1007180004E0FFF799FDC01B404545D8B3686268FF
:1007280003F00C03B3EB820FF3D1204A136803F0F4
:100738000F03AB4206D9EBB21370136803F00F0333
:10074800AB42B1D123685A0707D5194AE1689368C3
:1007580023F4E0530B43936023681B0707D5144A1F
:100768002169936823F4604343EAC1039360FFF768
:1007780053FF0F4A0F4C92680F49C2F30312034606
:10078800A25C0E48D34000680B60FFF713FD002001
:10079800BDE8F0819801B0D486E701207047044B8A
:1007A8001B689E03A9D47FE703207EE7003C024034
:1007B80000380240A0840208200300200400002022
:1007C800044B05499B68054A0868C3F38223D35C38
:1007D800D84070470038024020030020988402085F
:1007E800F0B503681E0683B0044609D5AA4A416BD2
:1007F800D2F88C3023F000630B43C2F88C300368C6
:10080800DD0509D5A44AA16BD2F88C3023F08053BA
:100818000B43C2F88C30236813F0430F40F09F80DD
:1008280013F00C0F12D11D0603D5626BB2F1006FE5
:100838000CD09D0600F1E580DB0604D5974B94F8B3
:100848003020C3F8E021002003B0F0BD944B924E55
:1008580000221A67FFF7F8FC054604E0FFF7F4FCEE
:10086800431B022B78D833689800F7D423685907BC
:100878001BD5D6F88830D6F88820216902F0E042E6
:1008880003F440331343A26943EA811343EA026342
:10089800C6F88830D6F88C30626A23F4F853013AE7
:1008A80043EA0223C6F88C3023681A071AD57A4A15
:1008B8002069D2F88830D2F8881003F4403301F068
:1008C80070610B43E16943EA801343EA0173C2F89C
:1008D8008830D2F88C30A16A23F440330B43C2F835
:1008E8008C3023681B0617D5636BB3F1006F13D1E7
:1008F80069496269D1F88830D1F8880003F07063DB
:1009080000F0E04003432069520843EA8013013AAB
:1009180043EA0243C1F88830614B5F4E01221A67EF
:10092800FFF792FC054604E0FFF78EFC401B022807
:1009380012D833689F00F7D523687AE7FFF784FC5D
:1009480041F2883706462B6F9A0700F19080FFF72F
:100958007BFC801BB842F6D9032003B0F0BD504B96
:100968004D4E00229A66FFF76FFC054604E0FFF73C
:100978006BFC431B022BEFD833681801F7D42368AC
:10098800D90707D5D4E901231B0743EA8213C6F820
:10099800843023689A0716D53F4AE368D2F8841052
:1009A80060681B0601F0E04143EA80130B43C2F87C
:1009B8008430D2F88C10236A21F01F01013B0B43CD
:1009C800C2F88C3023685B0609D5201D0BC81B06AE
:1009D800314A43EA801343EA0173C2F88430304B4A
:1009E8002D4E01229A66FFF72FFC054604E0FFF71B
:1009F8002BFC401B0228AFD833681F01F7D52368AA
:100A08000EE7254B274D002201921A6C42F08052C6
:100A18001A641B6C03F080530193019B2B6843F409
:100A280080732B60FFF710FC064604E0FFF70CFC10
:100A3800801B022890D82B68D805F7D5164DE26A96
:100A48002B6F13F4407302F4407113D08B4211D012
:100A58002B6F134A0121C2F8401E23F44073002172
:100A6800C2F8401E2B672B6FD9073FF567AFE26AC4
:100A780002F44071B1F5407F16D0074A936823F419
:100A8800F8139360044AE36A116FC3F30B030B4333
:100A980013672368D0E600BF0038024000104742C1
:100AA800000047420070004005498B6822F0704200
:100AB80022F4407223F4F81313438B60E2E700BF7B
:100AC80000380240244B40F2BF120260D3F8842061
:100AD800C2F388124260D3F88420C2F302728260A3
:100AE800D3F88420C2F30362C260D3F88820C2F32B
:100AF80088120261D3F88820C2F30272C261D3F867
:100B08008820C2F303628261D3F88C2002F01F02AE
:100B18000262D3F88C20C2F304224262D3F88C20FC
:100B280002F44032826299681A6F01F4F81102F4F3
:100B380040720A43C262D3F88C2002F0006242631A
:100B4800D3F88C2002F080528263D3F88C30C3F340
:100B5800006380F83030704700380240002800F009
:100B6800E6812DE9F0410368DD0782B0044631D5FE
:100B78009E498A6802F00C02042A00F0F0808A6814
:100B880002F00C02082A00F0E6806368B3F5803FA3
:100B980000F0EF80B3F5A02F944B1A6800F0808125
:100BA80022F480321A601A6822F480221A6063687C
:100BB800002B00F00581FFF747FB8C4E054605E04A
:100BC800FFF742FB401B642800F2F68033689B0362
:100BD800F6D52368990728D5844B9A6812F00C0F2C
:100BE80000F09D809A6802F00C02082A00F09380B9
:100BF800E368002B00F00C817D4B7C4E01221A60CB
:100C0800FFF722FB054605E0FFF71EFB401B022805
:100C180000F2D28033689F07F6D53368226923F043
:100C2800F80343EAC203336023681A075ED45D07FA
:100C38003CD56E4A136C13F0805340F08A800193C0
:100C4800136C43F080531364136C03F080530193C7
:100C5800019B0125674E3368D80540F19D80A36844
:100C6800012B00F0E680052B604B1A6F00F02681FF
:100C780022F001021A671A6F22F004021A67A368A9
:100C8800002B00F0AB80FFF7DFFA584F064641F221
:100C9800883805E0FFF7D8FA801B404500F28C80C1
:100CA8003B6F9A07F6D5002D40F00281A369CBB1BE
:100CB8004E4DAA6802F00C02082A00F0C080022BF0
:100CC8004B4B4FF000021A6600F00081FFF7BCFAA8
:100CD800044604E0FFF7B8FA001B02286CD82B681A
:100CE8009B01F7D4002002B0BDE8F0816369FBB135
:100CF8003F4B3E4E0122C3F8802EFFF7A5FA05466A
:100D080004E0FFF7A1FA401B022855D8736F9B0730
:100D1800F7D523688BE75B685A023FF569AF334B19
:100D28001B689B072BD5E368012B28D00120DAE745
:100D38002F4A2E4EC2F8803EFFF786FA054604E099
:100D4800FFF782FA401B022836D8736F9F07F7D443
:100D5800DFE700257EE74A6851027FF516AF234A90
:100D6800126892037FF536AF6268002A7FF432AFCB
:100D7800DCE71E4A136843F48033136017E71B4A05
:100D88002169136823F0F80343EAC1031360236859
:100D98001A077FF54CAFA9E7336843F480733360D3
:100DA800FFF752FA07463368D9053FF558AFFFF702
:100DB8004BFAC01B0228F6D9032002B0BDE8F08127
:100DC800FFF742FA094E054604E0FFF73DFA401BDB
:100DD8006428F1D833689F03F7D4FAE6FFF734FAAA
:100DE800024F064641F288380BE000BF0038024047
:100DF8000000474200700040FFF726FA801B40457C
:100E0800DAD83B6F9B07F7D4002D3FF44FAF4FE084
:100E1800484A494E1360FFF717FA054604E0FFF702
:100E280013FA401B0228C7D833689907F7D42368F8
:100E3800FBE6414A136F43F0010313671FE7012BD9
:100E48003FF474AF6B68E26903F4800191427FF468
:100E58006DAF226A03F03F0191427FF467AF616A88
:100E680047F6C0721A40B2EB811F7FF45FAFA26AE7
:100E7800520803F44031013AB1EB024F7FF456AF08
:100E8800E16A03F07062B2EB016F7FF44FAF226B3F
:100E980003F0E043B3EB027F14BF0120002022E7F8
:100EA80042F480221A601A6842F480321A607EE6A0
:100EB800214A136C23F080531364F7E642F00402CE
:100EC8001A671A6F42F001021A67D8E6FFF7BCF9F1
:100ED800064605E0FFF7B8F9801B02283FF66CAF1D
:100EE8002B689901F6D4D4E90731626A0B4343EAC7
:100EF8008213D4E90A20216B43EA0063520843EACB
:100F08000173013A0B4943EA024301226B600A6606
:100F1800FFF79AF9084D044605E0FFF795F9001B1D
:100F280002283FF649AF2B689A01F6D5DAE6012088
:100F3800704700BF000047420038024030B583B018
:100F4800194B1A491A4D002201921A6C42F080522C
:100F58001A641B6C03F0805301930122019B0A64FD
:100F6800FFF772F9044605E0FFF76EF9001BB0F5CC
:100F78007A7F16D86B68DA03F6D50C4B0C4D012234
:100F88005A64FFF761F9044605E0FFF75DF9001BB5
:100F9800B0F57A7F05D86B689B03F6D5002003B0BF
:100FA80030BD032003B030BD0038024000000E42BF
:100FB8000070004038B50446FFF746F9002C77D09A
:100FC80022680023022184F8351084F8343013682D
:100FD80023F001030546136004E0FFF735F9431BCE
:100FE800052B50D823681A68D107F6D4D4E9012014
:100FF800E1681D6802430A43D4E9040102430A4335
:10100800D4E9060102430A43216A606A0A43324965
:10101800042801EA050142EA010203D1D4E90B10D0
:1010280001430A431A602168626A4B69042A23F063
:10103800070343EA02030AD1D4E90A20134330B173
:10104800A5693DBB012A43D032F0020229D04B6189
:101058002368224AD9B21039A2FB0102120920489A
:1010680023F47F73855CE56523F003035F2988BF5C
:1010780004333F22AA40A36500209A6001236065DB
:1010880084F8353038BD03232022626584F8353072
:10109800184638BDB5F5005F0CD0022A03D9032ADB
:1010A800D5D1C201D3D540220123626584F83530F9
:1010B800012038BD032ACAD801A555F822F000BF7F
:1010C800AF100008AB100008AF100008D9100008D6
:1010D800B0F1C07FBBD1E6E73F8010F0ABAAAAAA67
:1010E8004056020800283FD090F83520022A0346CF
:1010F800D0B238D030B41868016821F0010101601D
:10110800196800220A6019684A6019688A601968B3
:10111800CA6019680A61196821244C611968134C5E
:10112800C8B21038A2F15532A2FB0052120921F4BC
:101138007F71A55CDD65002221F003015F28C3E90A
:101148000F22C3E9112288BF04313F24AC409965BE
:10115800DA641A658C605A6583F8342083F8352080
:10116800104630BC7047704701207047405602084F
:1011780070B590F834C0846DBCF1010F0AD090F8B6
:1011880035C04FF0010EF44580F834E004D0002358
:1011980080F83430022070BD022580F8355006688A
:1011A80000254565356825F48025356005686B6040
:1011B8008368402B036819D099600368DA60C26DB0
:1011C8003F239340A3600268136843F0160313603B
:1011D800036C23B10268136843F0080313600268C4
:1011E800136843F001031360002070BD9A60036820
:1011F800D960E4E770B50446866DFFF725F894F8E2
:101208003530022B06D080236365002384F8343000
:10121800012070BD2268136823F01603136022684A
:10122800536923F080035361236C054653B3226846
:10123800136823F0080313602268136823F001037E
:10124800136004E0FFF700F8431B052B10D8236850
:101258001B6813F00103F5D1E16D3F228A4018465F
:1012680001210023B26084F8351084F8343070BD51
:10127800032320226265184684F83530002384F859
:10128800343070BDA36C002BD1D1D5E790F8353040
:10129800022B03D080234365012070470268052391
:1012A80080F83530136823F001030020136070477D
:1012B800F0B583B06D4A876D166800230193C36D3E
:1012C8003D68082202FA03F12942044604D0016865
:1012D8000868400700F19E8001229A402A4204D003
:1012E80021684969090600F18E8004229A402A4241
:1012F80003D02168096888077ED410229A402A42C0
:1013080003D021680968090764D4202202FA03F38C
:101318002B4215D022681268D50611D5BB6094F807
:101328003530052B35D023681A68500340F1868084
:101338001B68190340F19180E36B0BB12046984775
:10134800636D002B44D0636DDA071BD522684849CA
:10135800052384F835301368A1FB061623F0010332
:10136800B60A136003E023681B68DB0704D5019BFA
:101378000133B3420193F6D90122002384F83520C2
:1013880084F83430E36C1BB3204603B0BDE8F0406A
:1013980018472268136823F01603136022685369FC
:1013A80023F080035361236C002B5BD02268136801
:1013B80023F008031360E26D3F239340BB60236D65
:1013C8000121002284F8351084F83420002BDBD169
:1013D80003B0F0BDBA6023681A68500327D41A68AE
:1013E800D20503D41A6822F008021A60236C0BB1E4
:1013F80020469847E36D88E7BA60636D43F00403BD
:101408006365E36D79E7BA60636D43F00203636572
:10141800E36D6AE70B6823F004030B60E36D9A4001
:10142800BA60636D43F001036365E36D54E71B68BD
:101438001903DBD5A36C002BDAD1DBE71A6812F4A9
:1014480080727FF479AF196821F0100119600123C7
:1014580084F8353084F834206EE7636C002B7FF411
:101468006DAF6DE7A36C002BA0D1A4E7200300208B
:10147800B5814E1B30B4029C056844EA03436C6C8A
:1014880004F0404C43EA0C036B640368DA63436876
:10149800B3F5403F03D00368D96030BC7047836818
:1014A800B3B1012B18D0022B01F47F0201F47F4560
:1014B800CCB21FD0032B01F07F4110D0130D2D0BA0
:1014C8001B0243EA051343EA1413090F43EA0131E7
:1014D8000368996330BC704721F07F41F8E7D30C6B
:1014E800ED0A9B0243EA451343EAD403C90F43EAD2
:1014F800C131EDE7D30CAD0ADB0243EA451343EAF9
:10150800D401E5E7704700BF58B310B590F83930FB
:10151800044603F0FF02FBB122686168022384F8E5
:101528003930136823F440330B4313602268A168F1
:10153800536B23F007030B4353632268E168136C72
:1015480023F47F5323F03F030B431364002001234C
:10155800E06384F8393010BD80F83820FFF7D2FFF7
:10156800DAE70120704700BF90F838C0BCF1010FDE
:1015780015D030B583B04FF0010C069D009580F86A
:1015880038C04FF0020C80F839C0FFF773FF0268CB
:101598001368002043F00103136003B030BD02203C
:1015A800704700BF70B582B00022036801921A68C4
:1015B800D20705460C460FD4DA69596A0A439206DF
:1015C80033D4122101229960002085F839200023A4
:1015D80085F8383002B070BDFEF736FE06462B6837
:1015E80001E0601C4CD15A689107E5D45A68019211
:1015F800019A12F0210FF4D0019A960603D5EA6BEE
:1016080042F00202EA63019AD40703D5EA6B42F07A
:101618000102EA6321210422996085F8392001201A
:10162800002385F8383002B070BDFEF70DFE06467F
:101638002B6801E0611C33D15A68D206C1D45A68BC
:101648000192019A12F0290FF4D0019A160703D5D6
:10165800EA6B42F00402EA63019A940603D5EA6B46
:1016680042F00202EA63019AD00703D5EA6B42F01E
:101678000102EA6329210422996085F83920CEE71E
:10168800FEF7E2FD801BA04201D8002CA7D1EB6B2E
:10169800032243F02003EB63032085F8392096E703
:1016A800FEF7D2FD801BA042F1D8002CC0D1EEE796
:1016B800704700BF704700BF70B503685D681E685B
:1016C800EA07044601D5F1055AD4AA0601D5B304A0
:1016D8003ED4280701D5310522D46A0701D5730500
:1016E80078D4A80701D5B10504D4EA0601D5F304D6
:1016F8005CD470BD2268136823F4007313602368F8
:1017080002229A60E26BE2632369012284F839209D
:10171800002284F83820002BE7D020469847E4E7D9
:101728002268136823F400631360236808229A6010
:10173800E36B626943F00403E3630421002384F844
:10174800391084F83830002AC7D020469047C4E7BB
:101758002268136823F400531360236820229A60D8
:10176800E36B626943F00203E3630421002384F816
:10177800391084F83830002AABD020469047A8E7C3
:101788001A6822F480721A60C36B43F00103C363C2
:10179800036801229A60042380F83930002380F816
:1017A80038304369002B90D098478EE72268136839
:1017B80023F480531360236810209860E26BE2637F
:1017C8000121002384F8383084F839102046FFF7C7
:1017D80071FF70BD2268136823F480631360236867
:1017E80004229A602046FFF763FF7AE790F83820D2
:1017F800012A49D010B5034600EB011E0222012040
:1018080083F8380083F83920DEE9070240EA02420B
:1018180009380128DEF824009ABF00F07F4002430F
:1018280042EA00624FEA011C1868B9B9446A1749CC
:101838002140114341621A6899699161DA69093A4C
:10184800012A04D85A6A196822F07F428A62002065
:10185800012283F8392083F8380010BDC4690B4988
:1018680021401143C1619C441A68DCF818101161C9
:10187800DCF81C20093A012AE9D8DEF82420196886
:1018880022F07F420A62E2E702207047F0FFFC0084
:10189800704700BFF0B138B590F82C300D460446BB
:1018A80003F0FF028BB12146022384F82C3051F853
:1018B800040B01F065FCD4E90002294601F098FC0C
:1018C800012384F82C30002038BD80F82D20FFF744
:1018D800DFFFE8E70120704770B590F82C30022B45
:1018E8000546D8B204D000F0FB04012C01D0012039
:1018F80070BD0E46022385F82C30286801F0C2FC22
:101908003368022B06BF052385F82C3085F82C4058
:10191800002070BD38B590F82C30022B0446D8B2A0
:1019280005D094F82C30012BDDB201D0012038BD50
:101938000223206884F82C3001F0CAFC84F82C506B
:10194800002038BD70B5D30104684E68E26884335E
:101958001C44C2F30B42656805F470456560056870
:1019680094190A6802F1010CEA68C2F30B421D449B
:10197800624442EA04426A600468E26804EB030EC7
:10198800C2F30A0CDEF80820CC6802F47042CEF8E4
:101998000820A44404688A68E5680132C5F30A058A
:1019A8001C442A4442EA0C42A26002681A441469A0
:1019B80024F00704146102680C691A4414618D69E3
:1019C80091F83020046842EA056291F8315042EA01
:1019D800052291F832501C4442EA0542A26102688D
:1019E8001A44546924F0FF04546102684C691A448B
:1019F800546104681C44E26922F4E06222F00702A0
:101A0800E2610268CC690D6A1A442C43D461026809
:101A18004C6A1A4494620A694AB1012A2ED0941E6B
:101A2800022C2DD9072A14BF0124022400E0042423
:101A380002681A44D56A05F0E025D5620268D5180F
:101A4800D1E90062921B8E6A04FB02F2033206FBA4
:101A580004F442EA0442EA6204681C44226B22F459
:101A6800FF6222F0070222630268C96A1A441163FE
:101A78000168CA5842F00102CA5070BD0324D7E772
:101A88000224D5E7704700BF00285DD038B590F82C
:101A9800A130044603F0FF02002B50D02268022335
:101AA80084F8A130936923F070439361D4E901313C
:101AB800D4E9035022680B432B43916903430B433A
:101AC8009361D4E90513226843EA01439360D4E99A
:101AD8000713226843EA0143D360D4E90913226853
:101AE80043EA01431361D4E90B13226843EA014333
:101AF8005361226894F83500D36A94F8361003F0DD
:101B08007F43D362226894F83430D56A2B4343EA82
:101B1800002343EA0143D36221684B6B43F0060379
:101B28004B6321688B694FF0010C002243EA0C03D8
:101B38008B61C4F8A42084F8A1C0104638BD80F891
:101B4800A020FFF79FFFA9E701207047704700BF5B
:101B5800704700BF704700BF70B503689D6B5E6B30
:101B68006A07044601D571071ED4AA0701D5B30731
:101B78002FD4E80701D5F10743D42A0701D5330745
:101B880000D470BD2268536B23F0080353632368A5
:101B98000820D8630121002384F8A11084F8A0301C
:101BA8002046FFF7D7FF70BD5A6B22F004025A6334
:101BB80003680422DA63D0F8A43043F00103C0F8C4
:101BC800A430002380F8A12080F8A030FFF7BEFFE2
:101BD800CBE72268536B23F0020353632368022286
:101BE800DA63D4F8A43043F00203C4F8A430042222
:101BF800002384F8A12084F8A0302046FFF7A6FF30
:101C0800B7E72268536B23F001035363226801236B
:101C1800D363002284F8A13084F8A0202046FFF77F
:101C280097FFAAE7F8B590F8A030012B2ED001272E
:101C3800022380F8A07080F8A1304FF0340C8E4653
:101C480004460D4616460CFB020CBEE80F000CF1CC
:101C5800380CACE80F00BEE80F00ACE80F00BEE897
:101C68000F00ACE80F00DEF80030CCF80030324648
:101C780020462946FFF766FE2268002357621A4667
:101C880084F8A17084F8A0301046F8BD02221046EE
:101C9800F8BD00BF10B44A6A003A18BF01225207C3
:101CA800C2600A6AB2FA82F20346520992079A603F
:101CB800CA69B2FA82F25209D2075A604A6B013AEB
:101CC8009A61D1E90D242244013A1A62D1E90D241E
:101CD80022440C6C013A22449A62D1E90D24224430
:101CE800D1E90F14013A22440A441A6300205DF82E
:101CF800044B7047704700BF002800F0058170B59D
:101D0800437C84B00D460446002B00F0FA8022681C
:101D18000321002361740093D2F8303443F08073B8
:101D2800C2F830342368D3F8303403F0807300935A
:101D3800009BFEF789FA064606E0FEF785FA801B47
:101D4800B0F57A7F00F2E4802368D3F80C24D0043D
:101D5800F3D5D3F8302422F45E3222F4FE72C3F8AD
:101D68003024D5E900032268DB0243EA8003A8682F
:101D7800D2F8301443EA00430B43C2F830342268E7
:101D880000230193D2F8303401200343C2F83034E1
:101D98002368D3F8303403400193019BFEF75AFAC5
:101DA800FEF752FA064606E0FEF74EFA801BB0F53B
:101DB8007A7F00F2AD802368D3F80C24D105F3D5DF
:101DC800002202925A6842F001025A6023685A6857
:101DD80002F001020292029A9A6822F0FF029A60C7
:101DE8002268A16893680B4393602268D2F8A030F8
:101DF80043F00203C2F8A0302268D2F8A03043F0C2
:101E08000403C2F8A0302268D2F8A43023F00303F8
:101E1800C2F8A4302268E168D2F8A4300B43C2F8B3
:101E2800A430FEF711FA2368D3F8A42092070646D7
:101E380060D1D3F8B02002F01402142A0CD0FEF7B7
:101E480003FA801BB0F57A7F60D82368D3F8B020F6
:101E580002F01402142AF2D16A682F492868012A6C
:101E680038BF012201FB02F2A96801F003018A4090
:101E78004FF4FA5101FB00F0D3F81814B2FBF0F25A
:101E880021F03F01C3F818142068D0F818140A4349
:101E9800C0F8182422680023C2F8C4302268C2F8A7
:101EA800C83021680393A3614A6822F001024A609E
:101EB8002268516801F0010103910399D2F8941046
:101EC80021F00301C2F89410D4E90010D1F894204D
:101ED800024342F0010201251846C1F894206361CB
:101EE800657404B070BDFEF7AFF9801BB0F57A7F5A
:101EF8000CD82368D3F8B02002F09402942AF2D1C7
:101F0800AAE7FFF7F7FE02E70120704700232374D2
:101F1800032004B070BD00BF00093D00704700BF3A
:101F280000284AD030B585B00268002503234374E1
:101F38000095D2F8043423F00803C2F80434036887
:101F4800D3F8042402F008020092009A01955A6816
:101F580022F001025A6003685A6802F001020192F5
:101F6800019AD3F8A02022F00602C3F8A020026844
:101F78000295D2F8303423F00103C2F830340368F4
:101F8800D3F8302402F001020292029A0395D3F8A2
:101F9800302422F08072C3F830240368D3F8303438
:101FA80003F0807304460393039BFFF7B7FF2846AB
:101FB80065612574657405B030BD0120704700BFA8
:101FC800704700BF704700BF704700BF10B5036877
:101FD800D3F80C24D107044603D5D3F80824D20734
:101FE80062D4D3F80C24910703D5D3F808249207B8
:101FF8004FD4A369002B4BD02168D1F8BC20D1F86D
:10200800C400D1F8C030D1F8C81002400B4091B2DA
:1020180019B1616941F00101616112F4F81F03D03F
:10202800626942F002026261D80703D5626942F030
:1020380004026261990703D5626942F0080262618D
:1020480013F00C0F03D0626942F010026261DA06E5
:1020580003D5626942F020026261980603D562697D
:1020680042F040026261590603D5626942F080027B
:1020780062611A0603D5626942F48072626113F4E0
:10208800F85F03D0636943F40073636163693BB924
:1020980010BD0222C3F810242046FFF793FFA8E7DB
:1020A8002046FFF791FF10BD0122C3F81024FFF767
:1020B80087FF236895E700BF027C012A00F028818A
:1020C80030B40346012200681A74426B22F0010200
:1020D80042631868D0F8002422F00102C0F80024F6
:1020E8001868826B22F0030282631868CC68826BDE
:1020F800224382631868C26B22F47F5222F03F02A7
:10210800C26318680C69C26B2243C2631868814CA9
:10211800026C2240026418684D69026C2A4302640A
:102128001868426C2240426418688C69426C2243E9
:1021380042641868C26822F00302C26018680C681A
:10214800C2682243C2601868426922F007024261ED
:102158000D6A4A6A18682A43CD6944692A432243AA
:1021680042611868026922F00F02026118684C681F
:102178000269224302611868D0F8002422F00E0296
:10218800C0F8002418684C68D0F8002442EA4402D9
:10219800C0F800244A68032A09D11868026922F4A1
:1021A8008072026118688C680269224302611868AB
:1021B800594C826C2240826418688D6A826C2A436A
:1021C80082641868C26C2240C2641868CC6AC26C07
:1021D8002243C2641868026D22F4FF4222F07F0293
:1021E800026518680C6B026D224302651C684B4837
:1021F800626D024062651C684D6B626D2A436265C0
:102208001C68A26D0240A2651C68A26D8D6B2A43F2
:10221800A2651C68E26D0240E2651868CC6BC26D6D
:102228002243C2651868026E22F47F5222F03F02F0
:10223800026618680C6C026E224302661868826B8C
:1022480022F40042826318684C6C826B22438263DA
:102258001868826922F47F02826118688C6C82692E
:1022680042EA044282611868826922F0FF028261B0
:102278001868CC6C8269224382611868826B22F4E8
:102288000052826318680C6D826B2243826318685F
:10229800826B22F48052826318684C6D826B2243F1
:1022A80082631868826B22F40062826318688C6DFE
:1022B800826B224382631868826B22F48062826395
:1022C8001868826BCC6D224382631868826B22F493
:1022D8000072826318680C6E826B224382631868EE
:1022E800826B22F48072826318684C6E826B224380
:1022F80082631868826B22F48042826318688C6E4D
:10230800826B0021224382631974084630BC7047EF
:102318000220704700E0FFFF00F0FFFF00FCFFFF16
:10232800027C012A034610D0006801221A74C26A8E
:1023380022F01F02C2621868C26A4FF0000C0A43FA
:10234800C262604683F810C070470220704700BF21
:10235800027C012A40D010B40122027403460468AA
:10236800D1E90002904238BF1046D4F8982002F014
:10237800FC22C4F898201C68D4F8982042EA00424D
:102388000243C4F898201868D0F89C2002F4004250
:10239800C0F89C20D1E902241206186842EA0442D7
:1023A8000C692243D0F89C402243C0F89C2018684E
:1023B800D0F8A42022F47F42C0F8A42018684C6901
:1023C800D0F8A420002142EA0422C0F8A4201974FD
:1023D80008465DF8044B704702207047027C012ACA
:1023E80025D010B4034683B0006800220121009272
:1023F8001974416841F00101416019684C6804F0A2
:1024080001040094009C0192D1F8044444F00804AB
:10241800C1F804441968D1F804141A7401F00801C9
:102428000191019B104603B05DF8044B70470220F0
:10243800704700BF027C012A25D010B4034683B040
:1024480000680022012100921974416821F00101FD
:10245800416019684C6804F001040094009C0192E2
:10246800D1F8044424F00804C1F804441968D1F8E8
:1024780004141A7401F008010191019B104603B07D
:102488005DF8044B70470220704700BF2DE9F84300
:102498000546007C012822D0994601232B748846E2
:1024A8001746FDF7D1FE064606E0FDF7CDFEA0EB88
:1024B800060CBCF57A7F10D82C68636FDB07F4D55F
:1024C800089A47EA092343EA024343EA8813E36682
:1024D800002000232B74BDE8F8830320F9E70220CD
:1024E800BDE8F8832DE9F0471E46037CDDF820A0FF
:1024F800012B5CD00123037405460F469046FDF777
:10250800A3FE814606E0FDF79FFEA0EB0900B0F5AB
:102518007A7F48D82B685C6F14F00104F3D0032E3F
:10252800304628BF0320002E44D0099A541E0022AA
:10253800013214F8011F4FEAC20C01FA0CF1824271
:102548004AEA010AF4D3C3F870A0099B1A18301A92
:1025580018D0042881464FF0000E28BF4FF0040918
:10256800144673464A4414F801CB0CFA0EFCA242F6
:1025780043EA0C030EF1080EF5D12968B0EB090007
:102588000B67E6D10136320248EA871392B2360267
:102598002968134306F47F0600223343CB662A7466
:1025A8001046BDE8F0872C740320BDE8F0870220B0
:1025B800BDE8F087C3F870A0E4E700BF2DE9F84351
:1025C8001D46037CDDF82090012B00F08D8001234F
:1025D800022D06460F461446037410D8B9F1060FAB
:1025E8002AD0B9F1040F6BD0B9F1140F7FD0B9F12B
:1025F800240F6BD0002333740120BDE8F883FDF766
:1026080023FE804606E0FDF71FFEA0EB0800B0F5AC
:102618007A7FEFD833685A6FD007F4D52A0202F4CC
:102628007F02290242EA871289B20A4342F037023E
:10263800B9F1060FDA66D4D1099B32681B0243EA66
:10264800871343F00603D366FDF7FEFD002D07460A
:1026580032DD33680FE0FDF7F7FDC01BB0F57A7F78
:1026680025D833685A6F510603D4D3F8C020920690
:10267800C0D4002D20DD596F11F01001EBD1042DCD
:10268800AC46186F28BF4FF0040C04EB0C0220FA7C
:1026980001F304F8013B944201F10801F7D1A5EBDD
:1026A8000C05FDF7D1FDC01BB0F57A7FD9D9002301
:1026B80033740320BDE8F88300203074BDE8F88344
:1026C8003368BF0147F00407DF66BDE70A9932683F
:1026D8004978BB0143EA01430A99097843EA01238F
:1026E80043F02403D366AFE70220BDE8F8830A99D4
:1026F80032680978BB0143EA012343F01403D36627
:10270800A2E700BF2DE9F8430D46814616461F464D
:102718004FEA1148D9F8002001E07B1C13D1B8F129
:10272800010F0BBF5369946925EA030C25EA040CD1
:102738001FFA8CFCBCFA8CFC4FEA5C1CB445ECD04C
:102748000020BDE8F883FDF77FFD089BC01AB8425A
:1027580020D9D9F80030B8F1010F0CBF5B699B692B
:1027680025EA03039BB2B3FA83F35B09B342D1D1E1
:1027780000222023C9F8302089F83D3089F83E200E
:10278800D9F8403089F83C2043F02003C9F840309C
:102798000120D6E7002FBDD1DBE700BF2DE9F843C4
:1027A800804604680E461746994604E065696A053E
:1027B80009D47B1C23D1606926EA000080B2002876
:1027C800F4D1BDE8F883236843F400732360D8F894
:1027D8000010002220236FF480604861C8F8302080
:1027E80088F83D3088F83E20D8F8403043F004039C
:1027F800C8F84030002388F83C300120E1E7FDF7B5
:1028080023FDA0EB0900B842D8F8004001D8002FFA
:10281800D1D1636926EA03039BB2002BCBD00023F6
:102828002022C8F8303088F83D2088F83E30D8F8A3
:1028380040301343C8F84030DCE700BFF8B5036800
:1028480006465869400624D40D4617460DE0FDF7A4
:10285800FBFCC01BA842336800D81DB95C6914F0A2
:10286800400418D05A69520613D45A69D106EED5D5
:1028780000226FF0100020215861326386F83D1065
:1028880086F83E20336C3364002386F83C30012000
:10289800F8BD0020F8BD2023346386F83D3086F863
:1028A8003E40336C43F020033364EDE7F8B505464A
:1028B80004680E46174601E0731C1AD1636913F0C9
:1028C800800314D160694205F6D56FF48061202237
:1028D80061612B6385F83D2085F83E302B6C43F011
:1028E80004032B64002385F83C300120F8BD002048
:1028F800F8BDFDF7A9FCC01BB0422C6801D8002E1A
:10290800DCD1636913F08003D8D120222B6385F8CA
:102918003D2085F83E302B6C13432B64E2E700BF63
:10292800F8B5054604680E46174601E0731C1AD12F
:10293800636913F0040314D160694205F6D56FF496
:102948008061202261612B6385F83D2085F83E3047
:102958002B6C43F004032B64002385F83C300120E2
:10296800F8BD0020F8BDFDF76FFCC01BB0422C6815
:1029780001D8002EDCD1636913F00403D8D12022DA
:102988002B6385F83D2085F83E302B6C13432B6470
:10299800E2E700BF2DE9F04F914602689B461368B5
:1029A80083B043F4807313600C9EDDF834A005688F
:1029B8000746884601E0701C0ED16C69E307FAD51A
:1029C80008F0FE032B613149534632463846FFF77B
:1029D800E5FE00B301241AE0FDF736FCA0EB0A007F
:1029E80086423D6830D26B69D907E6D4002220239D
:1029F8003A6387F83D3087F83E203B6C87F83C20E7
:102A080043F020033B642B68DA0523D403242046D3
:102A180003B0BDE8F08F3B680190596901919B694B
:102A28000193524631463846019BFFF73FFF044663
:102A380010BBBBF1010F3B6810D15FFA89F2204649
:102A48001A6103B0BDE8F08F002EB6D16B69D907C3
:102A5800B3D4CBE74FF400733B64D7E74FEA1920B0
:102A68001861524631463846FFF720FF20B93A68C8
:102A78005FFA89F31361CAE73B6C042BAAD13A6861
:102A8800136843F400731360A4E700BF0200010059
:102A98002DE9F04F914602689B46136843F4806322
:102AA80013600268136885B043F4807313600E9E48
:102AB800DDF83CA005680746884601E0741C4BD148
:102AC8006C69E207FAD508F0FE032B6144495346C6
:102AD800324638465FFA88F8FFF760FE002868D16A
:102AE8003B680390596903919B69039352463146A9
:102AF8003846039BFFF7DAFE002852D1BBF1010FDD
:102B08003B6858D15FFA89F21A6152463146384615
:102B1800FFF7CCFE002844D102463868016841F42A
:102B2800807101603346CDF800A04FF0011138469E
:102B3800FFF7E8FD00284DD13A68294948F001031C
:102B48001361384653463246FFF728FE003818BF4F
:102B5800012005B0BDE8F08FFDF776FBA0EB0A0079
:102B680086423D6817D26B69D807A9D40022202372
:102B78003A6387F83D3087F83E203B6C87F83C2065
:102B880043F020033B642B68D90502D54FF400734A
:102B98003B640320DDE7002E92D16B69D8078FD400
:102BA800E4E73B6C042B04D13A68136843F40073E0
:102BB80013600120CDE74FEA19221A6131465246C7
:102BC8003846FFF773FE0028EBD13A685FFA89F3BD
:102BD80013619AE73B681B68DB05DAD5D6E700BFC7
:102BE80002000100704700BF002800F0B08070B5F7
:102BF80090F83D30044603F0FF02002B00F093806C
:102C08002268242384F83D30136823F001031360FD
:102C18002268136843F4004313602268136823F49E
:102C280000431360FDF7CCFD4A4B62689A4237D9DE
:102C3800494B984237D9256848496A68A1FB003151
:102C480022F03F0242EA91426A608B0C2168414DB2
:102C580066680A6AAE4222F03F0207D9404D4FF437
:102C6800967C0CFB03F3A5FB03539B090133134329
:102C78000B62D4E90021374DD369A94223F44F43AD
:102C880000F1FF3023F0FF030FD84900B0FBF1F04B
:102C980040F6FC710130084255D0C0F30B0014E037
:102CA800304B9842C7D8012070BDA568002D3FD091
:102CB80001EB810101EB8101B0FBF1F00130C0F3C0
:102CC8000B00002841D040F440400343D361216801
:102CD800206A0A68E36922F0C002034313430B60C9
:102CE8002168E0688A68236922F40342034322F0DA
:102CF800FF0213438B602168A069CA68636922F0E8
:102D0800FF0203431343CB6021680A680023202590
:102D180042F001020A60236484F83D50236384F87A
:102D28003E30184670BD80F83C20FFF75BFF67E730
:102D380001EB4101B0FBF1F00130C0F30B0020B111
:102D480040F40040C1E70420BFE70120BDE70120AF
:102D5800704700BFA0860100FF083D0083DE1B43CB
:102D6800D34D62107F841E00704700BFB0B110B50C
:102D78002423026880F83D30136823F001030446D9
:102D88001360FFF7F1FF0023236484F83C3084F8D4
:102D98003D30236384F83E30184610BD012070474B
:102DA8002DE9F047044682B09946BDF82CA00C9E48
:102DB8000F469046FDF748FA94F83D30202B03D093
:102DC800022002B0BDE8F087054600903F4919236C
:102DD80001222046FFF796FC0028F1D194F83C30F8
:102DE800012BEDD00123206884F83C300368D90713
:102DF8005CD53946076827F4006707600A9860625F
:102E08002120CDE9006584F83D00402084F83E008B
:102E180000202064A4F82AA0608D20852C48E06258
:102E28004B4642462046FFF7B5FD00284CD1238D7E
:102E3800002B28D02A4631462046FFF737FD0028C8
:102E48003AD1626A236812781A61628D238D606AAA
:102E58002168013B013A92B29BB2471C2385676205
:102E680062854A695207E3D56BB143780B61628D7D
:102E7800238D616A013B013A9BB2013192B26162D2
:102E880023856285D4E72A4631462046FFF748FD68
:102E980090B922681368202143F40073136084F802
:102EA8003D1084F83C0084F83E008AE7036843F04C
:102EB8000103036020689CE7236C042B04D122687B
:102EC800136843F40073136001207AE702001000CE
:102ED8000000FFFF2DE9F047044686B09946BDF88B
:102EE8003CA0109E0F469046FDF7AEF994F83D3091
:102EF800202B05D04FF00208404606B0BDE8F08709
:102F0800054600909949192301222046FFF7FAFB4C
:102F18000028EFD194F83C30012BEBD00123206836
:102F280084F83C300368DB0733D53946076827F453
:102F3800006707600E9860622220CDE9006584F87A
:102F48003D00402084F83E0000202064A4F82AA018
:102F5800608D20858648E06242464B462046FFF752
:102F680097FD804678B9238D2268C3B1012B00F004
:102F7800EB80022B00F0D68005905169059192698B
:102F88000592059A18E04FF00108404606B0BDE8E2
:102F9800F087036843F0010303602068C5E70293E4
:102FA8005369029393690293029B136843F4007375
:102FB8001360238D002B50D06E4F032B56D8012B56
:102FC80000F0A380022B009533464FF000023946EB
:102FD80020467ED0FFF796FB02460028D3D1216811
:102FE8000B6823F480630B602168636A09691970B0
:102FF800616A638D01316162013B218D9BB26385FA
:103008004B1E23853946009533462046FFF77AFB49
:103018000028B8D12268136843F40073136022684B
:10302800636A12691A70616A638D20684A1C626259
:10303800013B228D9BB26385531E238503694B7028
:10304800238D628D616A013B013A01319BB292B2D4
:10305800616223856285002BAFD10023202284F88A
:103068003D2084F83C3084F83E3045E72A46314616
:103078002046FFF7E3FB002885D12268636A1269BE
:103088001A70628D238D616A013A92B2013B6285A2
:103098000131226861629BB2238550694007DAD505
:1030A800032B05D1136823F4806313602268616AD7
:1030B80013690B70628D238D013A92B26285626A40
:1030C800013B9BB2013223856262002B7FF475AF0E
:1030D800C3E7FFF717FB00287FF455AF2268136892
:1030E80043F40073136023681A69636A1A70638D66
:1030F800626A013B9BB26385238D013B2385511C8A
:10310800236861621B695370D4E72A46314620461A
:10311800FFF794FB00287FF436AF23681A69636AC7
:103128001A70C7E7136823F4806313602268136872
:1031380043F400631360236804905A6904929B69FE
:103148000493049B238D35E7136823F4806313608D
:10315800236803905A6903929A690392039A1A683A
:1031680042F400721A60238D24E700BF02001000A9
:103178000000FFFF0400010090F83D00704700BF09
:1031880030B4D1E907344A6A0D682343134302680F
:10319800A5B922F4FF4222F07F021343D1E901428C
:1031A80023431343D1E9034223431343D1E905429F
:1031B80023431343036030BC0020704722F4F842D5
:1031C8001343036043684C688A6823F4FF4323F081
:1031D8007F0323431343D1E9034223431343D1E934
:1031E800054223431343436030BC0020704700BFAF
:1031F80030B4CB684C69013B04F1FF3C1B034FEA38
:103208000C5CE2B90A6884688D68013A43EA0C03E9
:1032180013434A6804F070442343013A0C6943EAB3
:1032280002138A69691E43EA0123611E43EA0143C6
:10323800013A43EA0263836030BC00207047826829
:1032480022F4700243EA0C0322F470421A438260AB
:10325800D1E90024C3688D68013C03F0704343EA58
:103268000413013A0C6913438A69691E43EA01236E
:10327800611E43EA0143013A43EA0263C36030BC7A
:103288000020704770B50B6815464A68044613431A
:103298000069CA68800D43EA42238A6880050343AF
:1032A800013A43EA42132361FCF7CEFF064601E0E8
:1032B8006B1C05D1A36913F02003F9D1184670BD22
:1032C80025B1FCF7C1FF801BA842F3D9032070BDCC
:1032D800436923F47F53024623F03E0343EA410344
:1032E80000205361704700BFF0B52C4C2C4E2D4B7D
:1032F800236089B000250095336B2B4F2B4A43F090
:1033080080033363336B626003F0800300934FF4F0
:103318008043009A23610022102012210223CDE964
:103328000423CDE90201042302A938460693A560C7
:10333800E5606561A561E5612562FDF725F802A9EB
:10334800384620230293FDF71FF80195336C43F4A8
:1033580080033364336C03F480030193019B336A65
:1033680043F480033362336A23F4800333622A46CA
:1033780005212120FCF792FF2120FCF7CBFF2A46EC
:1033880005212220FCF78AFF2220FCF7C3FF2046F4
:1033980009B0BDE8F040FFF727BC00BFA803002034
:1033A8000038024000580040001C0240A08601007E
:1033B80030B5404B40494148186089B0002200921E
:1033C800086B3F4C40F002000863096B3D485C60A5
:1033D80001F0020100914FF480414FF480741125EF
:1033E8009A60DA6019615A619A61DA611A62069222
:1033F8000223002202A9CDE90245CDE90423009C5D
:1034080005460A24FCF7C0FF01224FF480712846C4
:10341800FDF7F4F80120FCF71DFF00224FF480713E
:103428002846FDF7EBF80120FCF714FF621E12F0A6
:10343800FF04E9D14FF480721223CDE90223002260
:103448000223CDE9042302A904231E480693FCF7AE
:103458009BFF02A94FF400731A480293FCF794FFEC
:10346800154B01941A6C42F400121A64186C00F49B
:10347800001001900198186A40F400101862186A48
:1034880020F400101862224605211F20FCF706FFD1
:103498001F20FCF73FFF224605212020FCF7FEFEF7
:1034A8002020FCF737FF034809B0BDE83040FFF79C
:1034B8009BBB00BF000400200038024000540040BD
:1034C800801A06000004024003282DD870B5294E42
:1034D80056F820108AB0012303220228CDE90513EB
:1034E800CDE90732044638D0904229D098424FF0AF
:1034F8000002214B19D001921A6B42F040021A6364
:103508001B6B03F040030193019B1C4D05A955F863
:103518002400FCF739FF36F8241055F8240001225E
:10352800FDF76CF80AB070BD704702921A6B42F052
:1035380008021A631B6B03F008030293029BE4E77B
:103548000D4B002204921A6B42F480621A631B6BC3
:1035580003F480630493049BD7E7074B002203928C
:103568001A6B42F008021A631B6B03F008030393FB
:10357800039BCAE71C000020003802400C00002012
:10358800032800D97047044A044B32F8201053F836
:1035980020000022FDF732B81C0000200C0000209B
:1035A800032800D97047044A044B32F8201053F816
:1035B80020000122FDF722B81C0000200C0000208A
:1035C800032800D97047044A044B32F8201053F8F6
:1035D8002000FDF717B800BF1C0000200C000020D9
:1035E80030B589B01C4B002501951C6B44F00104D3
:1035F8001C631B6B03F001030193019BE1B10129DB
:1036080001D009B030BD154B012253F820004FF40A
:103618008813CDE9022302A902230022CDE904235D
:10362800FCF7B2FE2A460F210620FCF737FE0620DB
:10363800FCF770FE09B030BD084901220023CDE92E
:10364800022351F820000022022302A9CDE9042315
:10365800FCF79AFE09B030BD00380240080000208F
:1036680008B5034B012153F82000FCF7C1FF08BD42
:103678000800002008B50448FFF77EFD00B108BD2A
:10368800BDE80840FFF730BEA8030020704700BF20
:1036980000B587B0864694464FF47A700DF117024C
:1036A8000123CDE9002302900A460B488DF817C084
:1036B8007146FFF775FB10B907B05DF804FB0648C3
:1036C800FFF754FB0448FFF757FD0028F4D1FFF734
:1036D8000BFE07B05DF804FBA803002010B586B008
:1036E80084460A4600200DF1170101234FF47A742D
:1036F800CDE900138DF8170002940B486146FFF7D7
:10370800E9FB18B99DF8170006B010BD0648FFF789
:103718002DFB0548FFF730FD0028F3D1FFF7E4FD46
:103728009DF8170006B010BDA803002008B504488E
:10373800FFF722FD00B108BDBDE80840FFF738BE1D
:103748000004002000B587B08646944664200DF139
:1037580017020123CDE9002302900A460B488DF891
:1037680017C07146FFF71CFB10B907B05DF804FBE2
:103778000648FFF7FBFA0548FFF7FEFC0028F4D1DE
:10378800FFF716FE07B05DF804FB00BF0004002039
:1037980010B586B084460A4600200DF117010123B2
:1037A8004FF47A74CDE900138DF8170002940B4892
:1037B8006146FFF78FFB18B99DF8170006B010BDDA
:1037C8000648FFF7D3FA0548FFF7D6FC0028F3D1DF
:1037D800FFF7EEFD9DF8170006B010BD00040020AD
:1037E80010B584B004464FF47A70CDE900230290F6
:1037F8000A460B4821460123FFF76CFB044610B923
:10380800204604B010BD0648FFF7B0FA0448FFF799
:10381800B3FC0028F4D1FFF7CBFD204604B010BD5F
:1038280000040020FCF716BDFCF714BD2DE9F04399
:10383800224C234D83B0012600274FF01009214662
:1038480080464FF6FF722846C4E902670197266052
:10385800C4F80490FEF740F83046FCF7FBFC21461C
:1038680002234FF6FF7228462360C4E90196E760F9
:10387800FEF732F80323214623604FF6FF72082330
:103888002846A360C4F80490E760FEF725F84FF4D3
:103898000C73019304221023C4E900232146019BE1
:1038A800A6604FF6FF722846E360FEF715F841461A
:1038B800284603B0BDE8F043FEF72CB8B804002052
:1038C800E8040020002800F0C28070B590B0604B7A
:1038D800604C002501959A6B42F001029A639A6B3D
:1038E80002F001020192019A02951A6B42F48002D9
:1038F8001A631A6B02F480020292029A03951A6BF9
:1039080042F004021A631A6B02F004020392039A4B
:1039180004951A6B42F008021A631A6B02F0080247
:103928000492049A05951A6B42F010021A631A6BF6
:1039380002F010020592059A06951A6B42F02002D1
:103948001A631A6B02F020020692069A07951A6B00
:1039580042F040021A631A6B02F040020792079A7B
:1039680008951A6B42F080021A631A6B02F0800203
:103978000892089A09951A6B42F480721A631B6BB5
:103988000C2103F480730122064609930E91022349
:103998000AA93148CDE90A23CDE90C23099BFCF794
:1039A800F3FC0AA94CF203732C480A93FCF7ECFCCD
:1039B8000AA94FF683732A480A93FCF7E5FC0AA97B
:1039C8004FF63F0327480A93FCF7DEFC0AA948F2A2
:1039D800331325480A93FCF7D7FC0AA94FF60C7352
:1039E80022480A93FCF7D0FC0AA940F2FF6320485A
:1039F8000A93FCF7C9FC8022A2604FF40072E260CF
:103A08004FF4806222614FF4805262614FF4804229
:103A1800A2614FF40032174BE562256322623463DA
:103A2800032220462360A2626560E5616562A663A1
:103A3800FDF758FB2046FDF7BDFA2A460521382038
:103A4800FCF72CFC3820FCF765FC10B070BD704703
:103A5800003802405804002000080240000C0240D0
:103A6800001002400014024000180240001C0240EE
:103A7800002002401064024070B51A4C1A4D1B48D1
:103A8800206007220423C5E90123EA60E3602022BD
:103A98004023C4E9042302214FF400632960A9618B
:103AA800236200214FF4C0724FF48053C4E9062109
:103AB8006362022202232046C5E90423C4E90111F6
:103AC800A162FFF7FFFE29462046FDF7E3FE084EF8
:103AD800031E18BF012340F269503370FFF7A6FE9A
:103AE800307870BDE8040020C8040020400100A020
:103AF8002C00002030B587B00025164B00951A6BB6
:103B08001549164842F080021A631B6B0A7803F0C5
:103B18008003AA42009314BF112201228024009B33
:103B280001A90323CDE90353CDE90142FCF72CFC9D
:103B38002A4621460948FCF761FD1420FCF78AFB58
:103B4800012221460548FCF759FD1420FCF782FBA9
:103B580007B030BD00380240082A0020001C02408F
:103B680030B5184A184D12682D688FB000230A9195
:103B7800FF2106914FF4C061CDE90132CDE903354B
:103B88000B92059302460793ADF834308DF8363022
:103B98000891072301A904460C4809930C95FEF7E0
:103BA80041F80B4A0B4904EB440402EB84034FF041
:103BB8007F454FF0FF30C3E9010142F824500FB0B0
:103BC80030BD00BF34000020300000204429002010
:103BD8005805002040000020014B1860704700BFC6
:103BE80070050020084A1368C00184330129195858
:103BF8000CBF41F0010121F0010119501268536A0C
:103C080043F001035362704744290020034B044AE0
:103C18001B6803EB430342F823007047700500203C
:103C280058050020044B054A1B6803EB430302EBCD
:103C380083025060704700BF7005002058050020BF
:103C4800044B054A1B6803EB430302EB83029060B5
:103C5800704700BF70050020580500202DE9F0438B
:103C68001A4A1B4B16681B4C1B49342202FB0633AD
:103C78001A4ADF6DD1F80080D2F800900023A360C3
:103C8800E360174B236083B005464FF4403320466A
:103C98006360FDF739FC10B103B0BDE8F08331462D
:103CA8002046FDF7A3FD0028F6D1CDF80090434645
:103CB8003A4629462046FDF757FC0028ECD10A2150
:103CC800204603B0BDE8F043FDF76CBC700500204A
:103CD800442900200C2A0020340000203000002055
:103CE80000B002402DE9F04F364B374F1C68A2F167
:103CF800200304EB440207EB820787B0BA680491FB
:103D0800958811688046D0880390EA1D4FEAE20B37
:103D1800C5EBCB0200FB03F3D2B20BFB03F3059216
:103D2800002841D0294ADFF8A8A00B44342101FB20
:103D3800042900205C46049A93F800C01618012C48
:103D4800B6B207D0022C32D1B3F800C09CFA9CFC62
:103D58001FFA8CFC059A0293CDE9004005F1FF3E5D
:103D680096444FF0010B0022DAF80040D9F85C00C5
:103D780008EB0203AEEB02010BFA01F19BB211EA68
:103D88000C0F04FB063302F1010214BF396879688D
:103D980040F82310AA42E7D3DDE90040029B039ACA
:103DA800013082422344C6D107B0BDE8F08F002D10
:103DB800F5D05A784FEA0C4C4CEA022C9A784CEA27
:103DC800020CC7E770050020580500204429002090
:103DD800340000202DE9F0431746154617F8012B4B
:103DE80083B004460E469846002A4CD038460192C5
:103DF80021F07AF9019A00F1010E244B24491B683D
:103E0800DFF8909003EB430301EB8303B8F1010F54
:103E18009F68D9F80000B7F804C0B0FBFCF12AD0BD
:103E2800B8F1020F05D1A1EB0E0313FB0CF31B1B1A
:103E38009CB223B2002B80B2D8BF0124844517D886
:103E4800B2B1C5F1010820463146FFF74BFFB988EA
:103E5800D9F8003008EB050292B201FB12339BB28D
:103E68000C448B4215F8012FA4B201D3002AEAD1E1
:103E780003B0BDE8F083A1EB0E030CFB03F304EBE6
:103E880053039CB2D5E79646B7E700BF70050020FC
:103E980058050020340000202DE9F04F204C1F4623
:103EA800204BD4F800A0D3F800901F4B1F4C884635
:103EB800342101FB0A330AEB4A01D3F85CB01C4BEE
:103EC80085B053F8213003931A4B23604FF44033E5
:103ED800636000230646A3602046A9EB020315464B
:103EE800E360FDF711FB10B105B0BDE8F08F514656
:103EF8002046FDF77BFC0028F6D109FB08620399F0
:103F080000972B460BEB82022046FDF72DFB00287D
:103F1800EAD10A21204605B0BDE8F04FFDF742BBC3
:103F28007005002034000020442900200C2A0020BD
:103F38005805002000B0024000B5064A064811683E
:103F480083B00023009315222923FEF79FFA03B0BC
:103F58005DF804FB74050020EC29002000B5012859
:103F680083B00BD90A5C0346CDE900210948392200
:103F78000021FEF7B7FA03B05DF804FB4A780B7826
:103F88000448009200211522FEF780FA03B05DF87C
:103F980004FB00BFEC29002000B585B013460622BB
:103FA800CDE90101009205480A460021FEF706FB0B
:103FB800003818BF012005B05DF804FBEC2900208B
:103FC80010B584B0294B002401945A6C42F08062E9
:103FD8005A64586C00F0806001900198586A40F06B
:103FE80080605862586A20F0806058620294186BAA
:103FF80040F400001863186B00F400000290029867
:10400800186940F400001861186920F4000018616C
:104018000394586C40F000605864586C00F00060DD
:1040280003900398586A40F000605862586A20F07C
:1040380000605862224603215820FCF72FF95820C7
:10404800FCF768F9224603215A20FCF727F95A2081
:10405800FCF760F922465C200321FCF71FF95C207D
:1040680004B0BDE81040FCF755B900BF0038024065
:104078002DE9F047734C8AB00746FFF73BFDFFF781
:104088009FFF714B23602046FDF74AFF04267D22DF
:104098000223CDE901230DEB06010123002520466B
:1040A800E3600395A660FDF727FE2046FEF796F924
:1040B80031462046FEF734F900F0BEFD802805D0D1
:1040C80000F038FC402814BF02250125DFF89C9138
:1040D800DFF89CA189F80050FFF70CFD59485B4DAB
:1040E800FEF7A8F9002F40F2E54199F8000040F2E8
:1040F800BE7313BF4FF4F0724FF448720B464FF47F
:10410800487108BF4FF4F0712A60CAF800100028FF
:1041180040F08680962006464FF0780C4C4CC4E957
:104128000C3C052363600223E36040F6FF73A36140
:104138004FF004084D23C4E90A83226410234FF486
:1041480000424FF4005CC4E911234FF48053C4E9E2
:1041580014C34FF4006E4FF48063C4E916E3C4E956
:104168000E604FF48073002621614FF400782146D9
:1041780034482660C4E91883C4E907664FF0230869
:1041880066626661E664FDF797FF04A90A232D4875
:104198000993CDE90488CDE906880896FEF7D8F892
:1041A800DAF800302A682B4D2B48C5F81C80C5E981
:1041B800183203EB08024533EB62082303604FF41F
:1041C800C07303614FF0010807236A62C361866206
:1041D800C5F81480FCF704FB204B2B6021462846C9
:1041E800AE8685F836602E61FDF754FD2846FDF74A
:1041F8004BFC1448FEF7F2F8FFF73EFC184B194A3F
:104208001B6899F8000003EB430302EB8303164A8B
:104218009A6090B1012808D040460AB0BDE8F087FE
:1042280010200F264FF0010C78E73946304600F091
:1042380031F900200AB0BDE8F087394600F08AFB62
:10424800F7E700BFEC290020006C01403000002097
:1042580074050020442900201C0500200068014046
:10426800700500205805002040000020082A002082
:1042780034000020F8B5164D164E2B6804463078E9
:104288000F4698476B6854209847C0B211281AD037
:104298006B6870209847C3B2112B4FF070003070D4
:1042A80001D0D82B12D10C4BBC422CBF0C240124BA
:1042B8001C700A4CAB682560984723683078DB6827
:1042C80098470020F8BD54203070ECE70320F8BD73
:1042D80048000020F0050020F1050020F40500202A
:1042E80010B51A4982B0002204460878019201A943
:1042F80000F038FD019B1C2B15D81C2B10D8DFE8CB
:1043080003F0170F0F0F0F0F0F0F0F0F0F0F0F0FD8
:104318000F0F230F0F0F1F0F0F0F210F0F0F1D0070
:10432800012002B010BD482B06D0492BF8D1062336
:104338000020236102B010BD0523F9E70423F7E745
:104348000223F5E70323F3E70123F1E7F005002053
:104358002DE9F04FDFF830A1494ADAF800308BB088
:1043680000248346CDE907441B69107809949847CF
:104378008BF80000002872D0DFF81091DFF8108168
:10438800CDF80CB005AE06AD0BF10907DAF8003030
:104398003B4A5B69107831462A469847394B197869
:1043A8000B075FD433882A88880704D5C3F5477379
:1043B80003339BB23380490704D5C2F5EF7201324B
:1043C80092B22A80D9F80010D8F800E08B421FFA80
:1043D80081FC1FFA8EF08CBFA3EB0C01ACEB030140
:1043E80072458CBFA2EB000EA0EB020E89B21FFA39
:1043F8008EFE7144052905DDC9F80030C8F8002093
:1044080010469C462BF802CF09ABABF8040000938A
:104418001B4B07AA1878214608AB00F0B5FC079B90
:1044280007F8013FDDE908233A71032B05D8DFE8D7
:1044380003F00224211E0123BB70039B1B78013467
:10444800A34206F1020605F1020509F1040908F183
:1044580004089BD8DDF80CB05846FFF741FF0BB0B5
:10446800BDE8F08F32882B8833802A809CE70023B0
:10447800BB70E2E70323BB70DFE70223BB70DCE716
:10448800F0050020F1050020F4050020E8050020D3
:10449800E005002038B504460D460020CA49FFF75C
:1044A8005DFDCA490320FFF759FDC9490020FFF700
:1044B80055FDC8490220FFF751FDC5490020FFF707
:1044C8004DFDC5490020FFF749FD0A20FFF7AAF96D
:1044D800C2490020FFF742FDC1490020FFF73EFD19
:1044E8000A20FFF79FF9BF490020FFF737FDBE49B3
:1044F8000020FFF733FDBD490020FFF72FFDBC4921
:104508000020FFF72BFDBB490020FFF727FDBA4924
:104518000020FFF723FDAC490020FFF71FFDB74936
:104528000020FFF71BFDB6490020FFF717FDB5492E
:104538000020FFF713FDB4490020FFF70FFDB34932
:104548000020FFF70BFDB2490020FFF707FDB14936
:104558000020FFF703FDB0490020FFF7FFFCA44946
:104568000020FFF7FBFC98490020FFF7F7FCAB4958
:104578000220FFF7F3FCAA490020FFF7EFFCA94946
:104588000020FFF7EBFCA8490020FFF7E7FCA7494C
:104598000020FFF7E3FCA6490020FFF7DFFCA54950
:1045A8000020FFF7DBFC96490020FFF7D7FCA24963
:1045B8000020FFF7D3FC94490020FFF7CFFC9F4968
:1045C8000020FFF7CBFC9E490020FFF7C7FC9D4960
:1045D8000220FFF7C3FC7E490020FFF7BFFC9A4981
:1045E8000620FFF7BBFC99490020FFF7B7FC984964
:1045F8000E20FFF7B3FC97490020FFF7AFFC964960
:104608000E20FFF7ABFC95490020FFF7A7FC944963
:104618000A20FFF7A3FC93490020FFF79FFC92496B
:104628000020FFF79BFC6A490020FFF797FC8F49A1
:104638000A20FFF793FC8E490020FFF78FFC8D4975
:104648000F20FFF78BFC81490020FFF787FC8A4980
:104658000F20FFF783FC7F490020FFF77FFC874985
:104668000A20FFF77BFC7D490020FFF777FC84498F
:104678000F20FFF773FC7B490020FFF76FFC81498F
:104688000F20FFF76BFC80490020FFF767FC7F498C
:104698000A20FFF763FC7E490020FFF75FFC7D4995
:1046A8000A20FFF75BFC4A490020FFF757FC7A49CC
:1046B8000A20FFF753FC6E490020FFF74FFC7749AB
:1046C8000F20FFF74BFC61490020FFF747FC7449B6
:1046D8000F20FFF743FC5F490020FFF73FFC7149BB
:1046E8000A20FFF73BFC5D490020FFF737FC6E49C5
:1046F8000F20FFF733FC5B490020FFF72FFC6B49C5
:104708000F20FFF72BFC3E490020FFF727FC6849E4
:104718000020FFF723FC67490020FFF71FFC6649CC
:104728000020FFF71BFC65490020FFF717FC6449D0
:104738000020FFF713FC24490020FFF70FFC614914
:104748000320FFF70BFC20490020FFF707FC1E4958
:104758000020FFF703FC5C491020FFF7FFFB1A4914
:104768000020FFF7FBFB59491020FFF7F7FB00205B
:104778005749FFF7F3FB7820FFF754F8002C00F0B7
:10478800BB80022C03D153490020FFF7E7FB012D22
:1047980000F0B98050490020FFF7E0FB4F490020A6
:1047A800FFF7DCFB4E490020FFF7D8FB4D490020FE
:1047B800FFF7D4FB4C490020FFF7D0FB024900204B
:1047C800FFF7CCFB92E000BFA87D0208F07E02084C
:1047D800A47D0208EC7E0208A07D02089C7D0208E8
:1047E800987D0208947D0208907D02088C7D02085D
:1047F800887D0208847D0208807D02087C7D02088D
:10480800787D0208747D0208707D02086C7D0208BC
:10481800687D0208647D0208607D0208C07E020887
:104828005C7D0208587D0208547D0208507D02080C
:104838004C7D0208487D0208447D0208407D02083C
:104848003C7D0208BC7E0208B47E0208387D02085E
:10485800A47E0208347D0208947E0208307D020896
:10486800887E02082C7D0208F47C02087C7E0208FF
:10487800287D02086C7E02085C7E0208507E0208D1
:10488800407E0208307E0208247D0208247E020849
:10489800207D0208187E02080C7E0208FC7D0208B2
:1048A800EC7D0208E07D0208D07D0208C07D020888
:1048B800F07C0208EC7C0208E87C0208E47C020830
:1048C800E07C0208BC7D0208D87E0208C47E02088B
:1048D8001C7D0208187D02080C7D0208087D02086C
:1048E800047D0208007D0208FC7C02080C490020B7
:1048F800FFF734FB002038BD0A492046FFF72EFB9E
:10490800012D7FF447AF08490020FFF727FB07492F
:104918000420FFF723FB06490420FFF71FFB39E7B4
:10492800F87C0208147D0208107D0208B47D020894
:10493800AC7D020800B583B0002301220DF1070108
:10494800DA208DF80730FFF727FB9DF8070003B042
:104958005DF804FB30B50446B1B078200D46FEF78B
:1049680063FFA64ADFF8C4C2DFF8C4E2A44B92E8AA
:1049780003002C90ADF8B410A248A349CDE9140166
:10498800A249A348CDE916C1A249DFF8A8C2CDE9DA
:1049980018E140F2BF11ADF804109F491A46CDE95D
:1049A8001A019E4952F8040BADF84400CDE91CC128
:1049B8009B491E91000C01F180711F918DF84600F2
:1049C80092E80300DA68ADF84820120C8DF84A2006
:1049D80040F2B632ADF8082045F2B502ADF80C2029
:1049E8001A69ADF84C20120C8DF84E208D4A2E9085
:1049F800ADF8BC1092E803008DF88C108A4922901B
:104A08004FF03C40CDE920014FF4DD7103F1140271
:104A1800ADF810103621ADF8141092E8030003F138
:104A28001C0224908DF8941092E8030003F12402EC
:104A38008DF89C1046F236012690ADF8181092E8D1
:104A480003002C3328908DF8A41093E80300352335
:104A5800ADF81C301123ADF820302923ADF82430EF
:104A680047F65173ADF8283042F65343ADF82C3071
:104A780040F25523ADF830304FF65E73ADF8343060
:104A88002C232A908DF8AC10ADF8383045F23A5303
:104A980005202CA9ADF83C3047F23A73ADF8403008
:104AA800FFF75CFA14A90320FFF758FA15A90320A9
:104AB800FFF754FA16A90320FFF750FA17A90320A5
:104AC800FFF74CFA18A90320FFF748FA19A90320A1
:104AD800FFF744FA01A90120FFF740FA1AA90320B9
:104AE800FFF73CFA1BA90320FFF738FA1CA903209B
:104AF800FFF734FA1DA90320FFF730FA1EA9032097
:104B0800FFF72CFA1FA90320FFF728FA11A90220A2
:104B1800FFF724FA2EA90520FFF720FA12A9022090
:104B2800FFF71CFA02A90120FFF718FA03A90120D0
:104B3800FFF714FA13A90220FFF710FA22A904209C
:104B4800FFF70CFA20A90320FFF708FA21A9032090
:104B5800FFF704FA04A90120FFF700FA07A90020CB
:104B6800FFF7FCF9002010A9FFF7F8F9C820FEF7B5
:104B78005BFE002D34D105A90120FFF7EFF924A928
:104B88000420FFF7EBF926A90420FFF7E7F908A9A5
:104B98000020FFF7E3F97820FEF746FE022C0CBF51
:104BA8000FA910A90120FFF7D9F90AA90120FFF7D9
:104BB800D5F90BA90120FFF7D1F90CA90120FFF7BE
:104BC800CDF90DA90120FFF7C9F909A90020FFF7C0
:104BD800C5F900200EA9FFF7C1F9002031B030BD9A
:104BE80006A90120FFF7BAF928A90420FFF7B6F9AA
:104BF8002AA90420FFF7B2F9C9E700BFF47E02082A
:104C0800047F0208030303B0464646B6363636B775
:104C1800090909B3262626B8363636B9262626BA0D
:104C2800008000BCFC7E0208030000CC030303B133
:104C3800000002B2080808B500B583B000230122BD
:104C48000DF10701DB208DF80730FFF7A5F99DF876
:104C5800070003B05DF804FB704700BF00207047F1
:104C680010B50446FEF762FDA821E0B2FEF790FDFC
:104C780010BD00BF10B582B000240221C0B28DF86B
:104C88000740FEF785FD8DF807009DF8073003F013
:104C98000F038DF807309DF80730022B88BF8DF879
:104CA80007409DF80710044B9DF807005970002233
:104CB8009A7002B010BD00BFF805002070B5164C00
:104CC8001546A37862789A4282B020D90E4603B37B
:104CD800012B0CBF0921002104230DEB0302C0B2F4
:104CE800FEF77EFD9DF804309DF805209DF807101D
:104CF8001B0203F470631A439DF8063032801B02CE
:104D0800A27803F470631943531C2980A37002B07E
:104D180070BD0321E0E700BFF80500200122A421AF
:104D2800C0B2FEF70FBD00BF0022A421C0B2FEF73B
:104D380009BD00BF064A1378984204D051788842CA
:104D480001D013B101B170470123D054FEF7EEBC76
:104D5800FC050020704700BF0022A421C0B2FEF766
:104D6800F1BC00BF10B582B00C4600230121C0B2CF
:104D78008DF80730FEF70CFD8DF807009DF8073019
:104D8800236002B010BD00BF30B5124C94F801C0CA
:104D98008C4583B019D915461C46C1B101290CBFF1
:104DA8000D210021032301AAC0B2FEF719FD9DF8C9
:104DB80005309DF806209DF8041029601B1103F0AA
:104DC80004032360069B92091A6003B030BD0721D3
:104DD800E8E700BFF805002008B51BF085FA0F4A80
:104DE80000234FF0040C40F207104FF0010EEF2B98
:104DF8004FF0030108DDF22B0ADC0133EF2B02F838
:104E0800011F4FF00301F6DC02F801EF0133EEE772
:104E18000133834202F801CFE9D108BD7B2A002083
:104E280038B54FF4804200213A483B4C3B4D1EF0C8
:104E3800DBFB4FF48072002139481EF0D5FB39495D
:104E480039483A4A00230B70394923700B703949A5
:104E580003700B803849394C0B70394939480B704D
:104E6800394923700B70394903700B703849394C34
:104E780039480B70394923700370394C39480B7025
:104E8800394923700370394C39480B8039492370EC
:104E98000370394C39480B80394923700380394CE9
:104EA8002B70012008803849236008230B7037488D
:104EB8003749384C0B8002F58045374B056015485B
:104EC800226003F14001024643F8042F8B4202F5A9
:104ED8008062F9D1314A324B1278324913F82240B4
:104EE80003EB820300EB84245A7893F802C00C6227
:104EF80000EB82224A622C4ADC785279B2FA82F3B9
:104F080000EB8C2200EB8420C1E90A20274C5B09C6
:104F1800237038BD904B0020EC8B002059AD002049
:104F280040AC00203EAC0020712A002064AD002077
:104F3800108C00209A8B0020882B002038AC002091
:104F480039AC0020ED8B0020908B0020682A0020CF
:104F5800892B0020A52D0120A48B0020702A002079
:104F68001C8C0020088C0020A62D0120988B002086
:104F7800EE8B00203CAC00205BAD0020F28B0020C3
:104F8800028C0020048C0020EF8B0020148C002061
:104F9800F08B0020742A0020602D0120A42D012010
:104FA80070000020642D012040AD00209C8B002063
:104FB80038B5354C354DA2794FEA121C04F10B0176
:104FC80085F800C0042311F8010F013340B9082BFC
:104FD800F9D1E37923F00F034CEA030C85F800C0FC
:104FE8002B482C4B2C4902F00104047002F00200FB
:104FF80018702A4802F0080302F004040C700370C9
:105008004FF40052002126481EF0EEFA254A2649A0
:10501800264B022000241080FF20087040222146E1
:1050280023481C801EF0E0FA1822214621481EF071
:10503800DBFA214A214B224914601C60214A224B89
:105048000C6014601C60FFF7EBFE1AF0BFFC1F4AEF
:105058001368591C11D02878214604E0013152F810
:1050680031305C1C09D09842F8D102EBC102536878
:1050780098471BF045FA002038BD297814481EF0DF
:10508800C1FA4FF0FF3038BD40AD0020A58B00209D
:10509800A42D0120008C00203AAC002058AD00203F
:1050A800348C0020880000205AAD002050AD00202C
:1050B800AC8B00204C2A00208C4B0020188C002040
:1050C800FC8B00202C8C0020782A0020547F0208BA
:1050D800387F020810B504461EF05AFA20461EF022
:1050E800FBF9002803DBFFF763FFC01710BD4FF083
:1050F800FF3010BD10B40D490D4B11F8204001EBE5
:10510800800203EB84245078917892F803C0094A0E
:1051180003EB802003EB812103EB8C23C2E90A1304
:10512800146250625DF8044B704700BF70000020A5
:10513800904B0020642D01202DE9F04F114BCBB08E
:105148001B6801209847104A104B1468104A1B88A6
:10515800117811F0080104EB43241BD104F5007009
:1051680023461A46023383421180FAD1054B0020A8
:105178001B689847064B1B78DD0600F1B5814BB0DC
:10518800BDE8F08FA88B0020642A00203CAC0020EA
:105198003EAC0020C64ADFF844B31678C54A1078FA
:1051A80000EBD30003F007031E44C34B072EC8BF10
:1051B80001301B78C8BF06F007061D28C5BF1E387A
:1051C80083F00203039303938310DB0003F57075E8
:1051D800BA4B039A1978BA4B069553F822200491D2
:1051E80055198B104700EB5C01950D4601EB4011FA
:1051F800400107F00407059005F00200384443FA1F
:1052080000FC535CDBF80050F60006EB83131D44EA
:10521800AC4B93F800804FEA8C0CB8F1070F0CF0F8
:105228000C0C02EB010914D8A74805EB080205F19C
:10523800080E234612F8011B6144964530F811A068
:10524800A3F800A003F10203F4D1C8F1080804EBA5
:105258004804DFF88C82049BDFF888A2A5EB0800DD
:10526800C0F38F005D1CDAF8003098471F2D09F154
:1052780001095CDC2B46944807944D4602909946F8
:10528800019B4FEAA90209F002009A5C029B38438D
:105298000241D20015F8010B02F018021A4406EB7D
:1052A8008010DBF8003013F800E0103432F81EC02C
:1052B80024F810CC184409F1010990F801C032F81B
:1052C8001CC024F80ECC90F802C032F81CC024F898
:1052D8000CCC90F803C032F81CC024F80ACC90F823
:1052E80004C032F81CC024F808CC90F805C032F885
:1052F8001CC024F806CC90F806C032F81CC024F86C
:1053080004CC90F807C0A0EB080032F81C2024F861
:10531800022CC0F38F00DAF800209047B9F1200F73
:10532800AED1049B079CC3F11F0304EB0314039B3A
:10533800634A83F0010352F82330059A1A449146D0
:10534800069A1A445D4B1B789446002B62D00025C0
:105358004B465D480192A94602901D46019B15F8EF
:1053680001CB4FEAA90209F002009A5C029B38437C
:10537800024106EB8C1CDBF80000D20002F0180298
:1053880010F80CE01A441034604432F81EC024F8B7
:1053980010CC90F801C032F81CC024F80ECC90F85C
:1053A80002C032F81CC024F80CCC90F803C032F8C4
:1053B8001CC024F80ACC90F804C032F81CC024F8A9
:1053C80008CC90F805C032F81CC024F806CC90F838
:1053D80006C032F81CC024F804CC90F807C0A0EB33
:1053E800080032F81C2024F8022CC0F38F00DAF8E9
:1053F80000209047314B1A7809F101094A45ADDC84
:10540800DDF804C02B464D460CEBA50C05F0020553
:1054180099462F4399F800309CF8005006EB831307
:10542800DBF800601E44274B3D411F78AD0005F0B6
:105438000C0567B1244837443246214612F8013B2F
:105448002B44974230F8133021F8023BF6D1A6EBF3
:105458000800DAF80030C0F38F0098471B4B197822
:1054680011F002010CD11A4B1A881A4B1B6803EB76
:10547800422303F110001A46023383421180FAD105
:10548800154B1B78002B3FF471AE114B1A88A2F113
:105498000803E02B7FF66AAE0E4B1B6803EB422332
:1054A80003F500700021198002338342FBD15DE6C9
:1054B800A48B00201C8C0020EF8B0020EE8B00209A
:1054C800642D0120988B0020AC8B00203EAC00207E
:1054D8003CAC0020642A0020ED8B0020742A0020B8
:1054E80064AD00206C2A0020914ADFF86CA2137882
:1054F80023F020031370002140F2071208A81EF0C1
:1055080073F88C4B8C4A93F800E08C4B1F888C4BBB
:10551800D3F800908B4B0EF0200E1D88A2F58076F4
:105528004FF00008714659E01EF0010F0CF47E5C44
:1055380000F0B7800CF5804C6344534480F02000A1
:105548004FEA800C400692F807E00CF08C0C60D50E
:10555800D87928B10DF1200B40EA0C000BF80E00A9
:10556800987930B10EF1200BEB4440EA0C008BF82F
:105578000100587930B10EF1200BEB4440EA0C00E1
:105588008BF80200187930B10EF1200BEB4440EA99
:105598000C008BF80300D87830B10EF1200BEB44E7
:1055A80040EA0C008BF80400987830B10EF1200B1B
:1055B800EB4440EA0C008BF80500587830B10EF146
:1055C800200BEB4440EA0C008BF806001878002802
:1055D80060D108F10108043A964266D01379013384
:1055E8009D42F8DBF8188542F5DA92F906C092F880
:1055F80005E09079EB1ABCF1000FBCBFFB1A03F170
:10560800FF33DB004FEA8E1C00298DD163444B44E5
:1056180094E7187828B10DF1200B40EA0C000BF83C
:105628000E00587830B10EF1200BEB4440EA0C0024
:105638008BF80100987830B10EF1200BEB4440EA6A
:105648000C008BF80200D87830B10EF1200BEB4437
:1056580040EA0C008BF80300187930B10EF1200BEA
:10566800EB4440EA0C008BF80400587930B10EF195
:10567800200BEB4440EA0C008BF80500987930B118
:105688000EF1200BEB4440EA0C008BF80600D879A9
:1056980000289ED00EF120036B4440EA0C00D8711C
:1056A80097E79C440CEB0A0348E7274B274D1B78E8
:1056B800C3F58073A4EB43040DF21F100DF11F0313
:1056C80006E0228812040ED4984204F1020411D094
:1056D80013F8012F002AF7D002F00F0112F0800F03
:1056E80001F11001EDD035F811202280984204F123
:1056F8000204EDD1164B1A7812F004020CD1114BAA
:105708001988144B1B6803EB412303F11000194659
:10571800023383420A80FAD1B8F1070F7FF72FAD21
:10572800034A137843F0200313704BB0BDE8F08FA1
:10573800712A002038AC002038AD0020F08B002002
:10574800148C00203CAC0020988B0020AC8B0020EF
:105758003EAC0020642A002064AD002070B4294AC1
:1057680092F90230002B83B043DB00210223009121
:10577800019325495378087880064FEA831132D57A
:1057880013F0010F009B214801F47E5118BF03F567
:1057980080430B44034492F800C00CF1FF32D2B2AC
:1057A800EE2A1AD81A4A1588A5B10CF1010C194E1F
:1057B80000225FFA8CFC1968586801430CEB02045C
:1057C800019916BF3460013240F20712AA4203EB76
:1057D8008103F0DB03B070BC70470E4BF1221A60F6
:1057E80003B070BC70470C4B00981B6801440B4415
:1057F800D1E7074B1B88013B6FF00101DB000093E9
:105808000191B6E740AC002038AC002064AD002020
:10581800F08B0020048C0020148C00202DE9F04F20
:10582800DFF8ECA0384F9AF80020DFF8E890374E00
:1058380085B00021104608E040FA01F3DB070AD4DE
:105848000131082906F5805657D059F8042F57F822
:10585800043F9342F0D0CDE9012002F1080E02F591
:10586800816834460391AEF1080C25461CF8011BEB
:105878009CF807304A0823F0550B02F055025B00EC
:1058880042EA0B0201F0550103F0AA030B43002082
:105898009109C2F3810B61F3070000216BF3070143
:1058A8004FEA931B6BF30F20C3F3810B6BF30F21AC
:1058B800C2F3011B02F0030262F317416BF31740B6
:1058C800C3F3011203F0030362F31F6063F31F6164
:1058D800E6452860696005F10805C7D10EF1100E8C
:1058E800F04504F14004BED10399DDE901200131FE
:1058F80008293A6006F58056A7D100238AF80030B7
:1059080005B0BDE8F08F00BFFC05002064AD0020A5
:105918005AAD0020602D012038B53D4D3D4C2A88F8
:1059280023881AB93C4AD25C012A66D03B483C4AD3
:1059380000783C4910703C4A09783C4811703C4A50
:1059480000783C4910703C4A09783C4811703C4A40
:105958003C49007810703C4A09781170B3F5837F90
:1059680036D001339BB2F02B23802BD0F32B03D0FE
:10597800002B2FD0002038BD344A2B881288344899
:105988009A4288BF0133334A8CBF9BB200232B80D5
:105998001268314B8024002104701970002A30D01D
:1059A8002E4B1B6898472E4A2E492F481DF00AFE99
:1059B8002E4B93F90030002B17DB294B186840F366
:1059C800000038BD2B88002BD4D11DF0F5FDD1E7A0
:1059D80000232380264B1E4A5B79002111700BB9E6
:1059E8002B888BB1FFF7BAFEC4E7224B00221A704E
:1059F8001B4B186840F30000E3E7FFF79DFB238883
:105A080094E719F0ABFFCBE7FFF708FFEAE700BF21
:105A180050AD00203CAC00207C2A0020908B002058
:105A2800088C002039AC00201C8C0020882B00201A
:105A3800A48B0020702A00205BAD0020892B002059
:105A4800EE8B0020682A0020988B00208800002018
:105A5800712A002020060020108C0020308C0020A5
:105A68008C4B0020188C0020FC8B002038AC0020C8
:105A780040AD0020E5A402202DE9F84F2D4F2E4E11
:105A88002E4C2F4DDFF8D880DFF8D890DFF8D8A05B
:105A98003B883268934203D118F80330012B23D096
:105AA80071201AF075FD238871339BB247F2844246
:105AB8009342238010D999F8001069B1AAFB030119
:105AC800890B02FB11331F4A1F49238000230B70E7
:105AD800537D43F0400353752B689847FFF71CFF2D
:105AE8000130D5D1BDE8F88F184BDB78C3EBC30282
:105AF80003EB0213C3F30F2B58461AF049FD144B5E
:105B08001B7803F01802182A04D112490A7842F0C7
:105B180040020A70104A1278520604D5DB0602D5F4
:105B28000E4B00221A70CBF1710080B21AF030FDD2
:105B3800B9E700BF3CAC0020048C00209A8B002001
:105B4800948B00204C2A0020ECA5022040AC0020B9
:105B58003EAC0020712A002038AC0020E5A40220C9
:105B68007C2A0020A52D01200BC89D8C08B5FFF7C5
:105B780033F901E0FFF780FF1DF0A6FC0130F9D1F1
:105B88001AF06EF8BDE808401DF002BD704700BF6E
:105B9800000A7047704700BF704700BF704700BFDA
:105BA800094B0A4A1B79B1FBF3F000FB1311890377
:105BB80013680748074A01F4FE1101F5005C19440F
:105BC800634401601360704740AD00205CAD002065
:105BD800F88B00200C8C00201E4B1B88EF2B1AD84A
:105BE8001D4B1B7813F0180F15D01C4B1A78D2B91F
:105BF8001B4A1C49137803B31B4B00201B780B70FE
:105C0800107043B9194B1B78F3B9194B1B78FF2156
:105C1800117023B97047164B1B78002BFAD0154B1F
:105C280000221A707047104A0E4910780870002236
:105C38001A700B4A1378002BDED10B78002BE1D0B9
:105C4800013BDBB20B70DCE70949FF230B701370D3
:105C5800E5E700BF3CAC00203EAC002080D5012029
:105C6800772E0120F6D50120842E01203B2F01201C
:105C7800F72E0120ECA502200B4A1378990705D5C9
:105C88000A480178FF2902D001310170704708499C
:105C98000978017013F0010118BF43F00201054BA8
:105CA8001170002018707047012F0120E92E012083
:105CB8008DD50120ECA5022030B4104B104A1B7979
:105CC800104D114C89005B00C9B2B1FBF3F003FB26
:105CD800101113680D484A0303EB4131016002F5C6
:105CE8000051194429600A4802F5804102F5C04272
:105CF800194413442160036030BC704740AD002054
:105D08005CAD00200C8C0020842B0020F88B002038
:105D1800A08B0020B0F5304F40D010D8B0F5104F10
:105D280045D0B0F5204F28D1264A10684FF2FF031E
:105D38000902034001F470610B4313607047B0F52A
:105D4800404F28D0B0F5704F3BD110B41E4A1F4BBE
:105D580012791B681E4C49005200C9B2B1FBF2F01F
:105D680002FB101103EB41321A48134602F50052A8
:105D7800236002605DF8044B7047B0F5004F09D10D
:105D8800104A10684FF6F07301F00F0103401943F1
:105D9800116070477047104B19707047094A1368B3
:105DA800090389B2C3F30B030B4313607047054A19
:105DB80010684FF60F7309010340C9B20B43136013
:105DC80070477047AC2E012040AD00205CAD00202C
:105DD800F88B00200C8C00208ED501201E4B1B88D0
:105DE800EF2B1AD81D4B1B7813F0180F15D01C4B2E
:105DF8001A78D2B91B4A1C49137803B31B4B0020ED
:105E08001B780B70107043B9194B1B78F3B9194BF9
:105E18001B78FF21117023B97047164B1B78002B94
:105E2800FAD0154B00221A707047104A0E491078A4
:105E3800087000221A700B4A1378002BDED10B78F9
:105E4800002BE1D0013BDBB20B70DCE70949FF23F3
:105E58000B701370E5E700BF3CAC00203EAC00209F
:105E680074B0012089B00120202F0120382F012093
:105E780036B501206E2E0120ECA5022000F4A243C5
:105E8800B3F5A24F06BF024B9878000A704700BFCF
:105E980030D60120A0F5A240013802289CBF014B52
:105EA8009970704730D60120B0F5A04F07D045F261
:105EB8000103984202D1034B196070477047024BA7
:105EC80019607047642E012010B0012044F22003AD
:105ED800984206BF014B1878000A7047762E0120B9
:105EE800064B074A1B79126806485B00B1FBF3FCB6
:105EF8000CFB131102EB41320260704740AD0020E9
:105F08005CAD0020F48B002010B40C4A0C4B1279C5
:105F18001B680C4C4900520001F00E01B1FBF2F075
:105F280002FB101103EB41320748134602F50052F9
:105F3800236002605DF8044B704700BF40AD00204D
:105F48005CAD0020842B0020A08B0020064B1B7822
:105F580003F00303022B04D0032B0CBF0020832083
:105F680070474220704700BF182F0120124B1B8832
:105F7800EF2B0CD8114B1B7813F0180F07D0104BD0
:105F88001A7822B10F490A784AB1013A0A700E4BC1
:105F98001B7803B970470D4B00221A70704710B474
:105FA8001A70094C094BFF200022087020701A70E3
:105FB8005DF8044B704700BF3CAC00203EAC0020AD
:105FC800602E0120A82E012044B00120ECA502205B
:105FD800B0F5104F2DE9F041214A3AD0B0F5204FE5
:105FE80032D2137851781F4A1F48147900681F4F1E
:105FF8001F4E204D43EA01025200610002F1010CDC
:10600800B2FBF1F801FB182200EB423243F0030324
:106018003A60BCFBF1F201FB12CC5B0000EB4C32A6
:1060280003F1010E3260B3FBF1F201FB123300EB16
:106038004333114C2B60BEFBF1F301FB13EE00EB75
:106048004E302060BDE8F08101F0030113785170F3
:10605800C9E7491001F00C0313705178C3E700BF7A
:10606800B0B0012040AD00205CAD0020F88B0020CE
:106078000C8C0020842B0020A08B0020C3072DD57A
:10608800F0B4174A174B11791C68174A174F184E66
:10609800184D4010490000F07C00B0FBF1F301FB03
:1060A800130304EB43331360421CB2FBF1FC01FB06
:1060B8001C22831C04EB42323A60B3FBF1F201FB71
:1060C800123304EB433303303360B0FBF1F301FBCD
:1060D800130004EB40302860F0BC7047704700BFE5
:1060E80040AD00205CAD0020F88B00200C8C002017
:1060F800842B0020A08B002000F5FF431B339BB2AC
:106108003F2BF0B42FD8204A204B1179A0F500403E
:106118006538800000F00C0049001C681C4AB0FB80
:10612800F1F301FB130304EB43331360421C194FD3
:10613800B2FBF1FC01FB1C22831C04EB4232164E1D
:106148003A60B3FBF1F201FB1233033004EB433343
:10615800124D3360B0FBF1F301FB130004EB403048
:106168002860F0BC704700F5FE435B339BB23F2BC1
:10617800F7D8A0F50040044A044B1179A5388000EF
:1061880000F01C00C8E700BF40AD00205CAD002057
:10619800F88B00200C8C0020842B0020A08B002082
:1061A800114B124A1B881178EF2B1AD81048007827
:1061B80010F0180F15D00F48007890B169B90E4843
:1061C800017813B921B10139C9B24B1E037039B92D
:1061D8000A4BFF211B7811700370094B00221A70BB
:1061E80070470029F9D170473CAC002018D601202F
:1061F8003EAC0020902E0120F5D50120BB2D0120BA
:10620800ECA50220F0B5134B134A1B791268134F03
:10621800134E144DDFF850E04FEA430C9B0349003E
:10622800A3F58044A3F50053481C13443B60B1FB1D
:10623800FCF30CFB1311B0FBFCF30CFB1300144430
:1062480002EB413102EB403231602A60CEF8004067
:10625800F0BD00BF40AD00205CAD0020A08B002049
:10626800F88B00200C8C0020842B0020FFF7CABF7D
:10627800114B124A1B881178EF2B1AD81048007856
:1062880010F0180F15D00F48007890B169B90E4872
:10629800017813B921B10139C9B24B1E037039B95C
:1062A8000A4BFF211B7811700370094B00221A70EA
:1062B80070470029F9D170473CAC002033D6012043
:1062C8003EAC00204F2E0120022F0120DC2E0120A1
:1062D800ECA50220114A1378990705D510480178D2
:1062E800FF2909D0013101700E4B1B7803B97047A3
:1062F8000D4B00221A70704710B40A4C03F00103CA
:1063080021700A4903EB430313700B780370064BA3
:1063180000221A705DF8044B704700BFA9D5012010
:1063280020B50120562E0120ECA5022082AF0120C5
:10633800B0F5B04F05D3034B00F0030001F00F0197
:1063480019547047ECAF0120B0F5B04F06D3044B99
:1063580000F00300185C00F00F007047000A704757
:10636800ECAF012010B4174B174A5B79B1FBF3F07F
:1063780000FB131113681548C9B24A0303EB4131F6
:10638800016002F5806402F500611C441944C0E90B
:10639800014102F5406402F580511C441944C0E9EA
:1063A800034102F5A05402F5C0511C441944C0E948
:1063B800054102F5E0521344C3615DF8044BFFF751
:1063C8002DBA00BF40AD0020208C0020642D012094
:1063D80010B41E4B1E4A187912684B08400003F08F
:1063E8001E03B3FBF0F400FB14331A4802EB4334EA
:1063F8000460194804F5005201F003014B030260E0
:106408001648174A03F5806400EB41310444C2E999
:10641800001403F5006403F5406104440144C2E933
:10642800024103F5805403F5A05104440144C2E934
:10643800044103F5C05103F5E05301440344C2E9A4
:1064480006135DF8044BFFF7E9B900BF40AD002023
:106458005CAD0020F88B00200C8C0020682F0120F8
:10646800642D012070B4224B224C5A791879246883
:10647800214E4FEAD10CCB00D100204A40001268CF
:1064880003F038034FEA4C0CB3FBF1F501FB15336D
:10649800BCFBF0F500FB15CC19481A4D990202EB2C
:1064A8008323036004EB4C33336003F500532B6004
:1064B80001F5806401F5006314441344C0E9014305
:1064C80001F5406401F5805314441344C0E90343C3
:1064D80001F5A05401F5C05314441344C0E9054321
:1064E80001F5E0510A44C26170BCFFF797B900BFDB
:1064F80040AD00205CAD0020F88B0020208C0020EF
:10650800642D01200C8C002043F6F073184041F6EE
:10651800D073984210B44FD022D8B0F57D6F42D0D6
:10652800B0F57E6F3CD1294C294B60781B6829490E
:1065380082024FF0FE0C03EB802084F802C0086052
:1065480002F5806402F500601C441844C1E901406A
:1065580002F540621344CB605DF8044BFFF75EB967
:10656800B0F5FF5F1CD11C4C194B60781B681949AA
:1065780082024FF0FE0C03EB802084F802C0086111
:1065880002F5806402F500601C441844C1E9054026
:1065980002F540621344CB615DF8044BFFF73EB946
:1065A8005DF8044B7047094C094B20781B68094972
:1065B80082024FF0FD0CBEE7074C054B20781B68A4
:1065C800044982024FF0FD0CD5E700BF342F0120AB
:1065D800208C0020642D012068AF012043F6F07361
:1065E800184041F6D073984210B44FD022D8B0F575
:1065F8007D6F42D0B0F57E6F3CD1294C294B607835
:106608001B68294982024FF0FE0C03EB802084F8B6
:1066180002C0086002F5806402F500601C4418445A
:10662800C1E9014002F540621344CB605DF8044BB8
:10663800FFF7F4B8B0F5FF5F1CD11C4C194B60781C
:106648001B68194982024FF0FE0C03EB802084F886
:1066580002C0086102F5806402F500601C44184419
:10666800C1E9054002F540621344CB615DF8044B73
:10667800FFF7D4B85DF8044B7047094C094B2078F4
:106688001B68094982024FF0FD0CBEE7074C054B19
:1066980020781B68044982024FF0FD0CD5E700BF43
:1066A80008B50120208C0020642D0120A4B0012011
:1066B8002DE9F04F444B454893F804C005685A79D2
:1066C800434885B08C0000954FEA4C0C4B0804F009
:1066D80004014E1C01F1020ECC1CB1FBFCF50CFBB5
:1066E8001511009D019405EB41313A4D0068296070
:1066F800009DB6FBFCF10CFB116605EB4636364DEA
:10670800BEFBFCF12E60009D019E0CFB11EE05EB1B
:106718004E31324D03F038032960009DB6FBFCF181
:10672800D2000CFB11615F1C9C1C0297039403F1BF
:10673800030B2B4C2B4E03F1040A03F1050903F15B
:106748000608DF1D05EB4135B3FBF2F102FB1133FF
:1067580000EB8323356023600299B1FBF2F302FB5F
:10676800131300EB832363600399B1FBF2F302FB7D
:10677800131300EB8323A360BBFBF2F302FB13B3F9
:1067880000EB8323E360BAFBF2F302FB13A300EBF5
:1067980083232361B9FBF2F302FB139300EB8323FA
:1067A8006361B8FBF2F302FB138300EB8323A3615D
:1067B800B7FBF2F302FB137700EB8720E06105B02B
:1067C800BDE8F04FFFF72AB840AD00205CAD0020CF
:1067D800208C0020F88B00200C8C0020842B0020BB
:1067E800642D0120A08B00202DE9F04F264BDFF807
:1067F800ACA093F804C0DFF8A880244ADFF8A4907E
:106808001468234F234E244D8B10090303F00C000A
:1068180001F4405303F5806BD344C8F814B003F572
:10682800006BD3444FEA4C0CC8F818B003F5406B22
:106838005344C8F81030B0FBFCF30CFB130304EB13
:106848004333411C821C00F1030ED344C8F81CB02A
:10685800C9F80030B1FBFCF30CFB1311B2FBFCF3DD
:106868000CFB1322BEFBFCF30CFB13EE04EB4131D3
:1068780004EB423204EB4E34396032602C60BDE8E0
:10688800F04FFEF7CBBF00BF40AD00205CAD00204D
:106898000C8C0020842B0020A08B0020904B002023
:1068A800642D0120F88B002047F6FE73984230B41F
:1068B80009D047F6FF73984245D047F6FD739842D2
:1068C80020D030BC70472F4B2F4A5B798900DB0002
:1068D800C9B2B1FBF3F003FB101113682B488A020D
:1068E80003EB8121016002F5806402F500611C441C
:1068F8001944C0E9014102F540621344C36030BC49
:10690800FEF78CBF1F4B224A1B79224D224C89006F
:106918005B00C9B2B1FBF3F003FB101113681F4809
:106928004A0303EB4131016002F500511944296023
:106938001B4802F5804102F5C04219441344216006
:10694800036030BC70470F4B0F4A5B798900DB004E
:10695800C9B2B1FBF3F003FB101113680B488A02AC
:1069680003EB8121016102F5806402F500611C449A
:106978001944C0E9054102F540621344C36130BCC3
:10698800FEF74CBF40AD0020208C0020642D012074
:106998005CAD00200C8C0020842B0020F88B00209C
:1069A800A08B002000F47F40B0F5054F2DE9F041A1
:1069B80050D0B0F5074F74D0B0F5014F59D0404AC8
:1069C800404B52791B684048D2004F1CB7FBF2F885
:1069D80002FB18778E1C03EB87274760B6FBF2F79C
:1069E80002FB1766CD1C03EB86268660B5FBF2F624
:1069F80002FB165501F1040E03EB8525B1FBF2F4F9
:106A080002FB141403EB8424C560BEFBF2F502FB01
:106A180015EE03EB8E2504604C1D0561B4FBF2F501
:106A280002FB154401F1060C03EB84244461BCFB12
:106A3800F2F402FB14CC03EB8C2407318461B1FB24
:106A4800F2F402FB141103EB8123C361BDE8F041AA
:106A5800FEF7E4BE1A4B1D4A1B7912681C4C5B00FA
:106A6800B1FBF3F003FB101302EB43332360BDE8E3
:106A7800F081134B154A1B791068154C5B00B1FB6C
:106A8800F3F203FB121200EB423201312260114A89
:106A9800B1FBF3F403FB141100EB41301060BDE8C7
:106AA800F081074B094A1B7912680A4C5B00B1FB5D
:106AB800F3F003FB101302EB43332360BDE8F081CE
:106AC80040AD0020208C0020642D01205CAD00200A
:106AD800F88B00200C8C0020F0B5294A294C13793A
:106AE80055792468DFF8B0E0DFF8B0C0264F080910
:106AF8004000CA00B0FBF3F603FB1600ED0002F0FD
:106B0800780280032149224E096800F4FE13B2FB83
:106B1800F5F005FB10221F4D900204EB82222A603B
:106B280003F500520A44CEF8002003F580420A44D7
:106B3800CCF8002003F5C0420B443B60114400F53B
:106B4800006300F58062224423443160C5E90123D3
:106B580000F5406200F5805322442344C5E903232D
:106B680000F5C05100F5A05323442144C5E905317F
:106B780000F5E0522244EA61BDE8F040FEF74EBE5F
:106B880040AD0020208C0020F88B00205CAD002058
:106B9800A08B0020642D01200C8C0020842B002069
:106BA800080610B401F00F0304D44A0618D45DF89F
:106BB800044B70472249234A09791268224C49003C
:106BC8005B00B3FBF1F001FB103302EB43311F48CC
:106BD8000A4601F50051226001605DF8044B7047D8
:106BE800174A1B495279DB00D200B3FBF2F002FBD3
:106BF80010330A681748990202EB8323036001F5F2
:106C0800806401F5006314441344C0E9014301F5AD
:106C1800406401F5805314441344C0E9034301F56B
:106C2800A05401F5C05314441344C0E9054301F5C9
:106C3800E0510A44C2615DF8044BFEF7EFBD00BFA6
:106C480040AD00205CAD0020F88B00200C8C0020AB
:106C5800208C0020642D0120F0B41C4B1C4C1879AA
:106C680093F805C01B4E1C4F8A00400002F01C021E
:106C78000B092168B2FBF0F500FB152250034FEA1F
:106C8800CC0C01EB42325B003260B3FBFCF500F543
:106C980000520CFB1533114CDFF84CC02468104D22
:106CA800104E0A44CCF8002000F580420A443A60AD
:106CB80000F5C04004EB83221446014402F58062CB
:106CC8003160C5E90042F0BCFEF7A8BD40AD002028
:106CD8005CAD0020F88B0020842B0020208C002045
:106CE800642D0120A08B00200C8C0020F0B4284BD0
:106CF800284F5A791C794808CB00D100264A1568D4
:106D0800264A6400126800F0040003F03803B0FB60
:106D1800F4F604FB1600B3FBF1F401FB1433204C2A
:106D2800204E990202EB832323601F4B4FEA403C1D
:106D380005EB403018600CF500532B443B601B48B2
:106D48000CF580430CF5C04C2B446544336005605A
:106D580001F5006301F5806010441344C4E90103A0
:106D680001F5406001F5805310441344C4E903035E
:106D780001F5A05001F5C05310441344C4E90503BC
:106D880001F5E0510A44E261F0BCFEF747BD00BFDF
:106D980040AD00200C8C00205CAD0020208C002031
:106DA800642D0120842B0020F88B0020A08B00206C
:106DB80020F47F6046F20302904210B483B20BD8ED
:106DC800B3F5C04F1CD3A3F5C043013B022B78D8C1
:106DD800DFE803F04D193300B3F5E04F61D047F217
:106DE800010293420CD1444B444A1B79126844482F
:106DF8005B00B1FBF3F403FB141102EB41320260B8
:106E08005DF8044B70473C4B3E4A5B7910683E4C3A
:106E1800DB004900B1FBF3F203FB121200EB822204
:106E280001312261B1FBF3F203FB121100EB812067
:106E380060615DF8044BFEF7F1BC2F4B314A5B797A
:106E48001068314CDB004900B1FBF3F203FB12126E
:106E580000EB82220131A261B1FBF3F203FB1211B4
:106E680000EB8120E0615DF8044BFEF7D7BC224BB4
:106E7800244A5B791068244CDB004900B1FBF3F22B
:106E880003FB121200EB82220131A260B1FBF3F284
:106E980003FB121100EB8120E0605DF8044BFEF764
:106EA800BDBC154B154A1B791268184C5B00B1FB29
:106EB800F3F003FB101302EB433323605DF8044B3C
:106EC80070470D4B0F4A5B7910680F4CDB00490087
:106ED800B1FBF3F203FB121200EB822201312260B4
:106EE800B1FBF3F203FB121100EB812060605DF847
:106EF800044BFEF793BC00BF40AD00205CAD002002
:106F08000C8C0020208C0020642D0120F88B0020A0
:106F1800C3B25A00B0F5104F02F01E0110B403F0CE
:106F28000F0203F0F00332D3D02B49D0E02B44D129
:106F38002E4B2F495B79D200DB00B2FBF3F003FB49
:106F480010220B682B48910203EB8222026001F5A4
:106F5800806401F500621C441A44C0E9014201F54D
:106F6800406401F580521C441A44C0E9034201F50B
:106F7800A05401F5C0521C441A44C0E9054201F569
:106F8800E0510B44C3615DF8044BFEF747BC702B1E
:106F9800CED0B02B11D1154B174A1B791268174C5C
:106FA8005B00B1FBF3F003FB101302EB4331144811
:106FB8000A4601F50051226001605DF8044B7047F4
:106FC8000A4A0D4B10791B680C4C4000B1FBF0F2DB
:106FD80000FB121203EB423109480B4601F5005140
:106FE800236001605DF8044B704700BF40AD00208E
:106FF800208C0020642D01205CAD0020842B002013
:10700800A08B002044F21603984206D044F22003D5
:10701800984204BF554B1970704730B4544B554AC9
:107028005B79126849074FEAC30353D509200A213F
:10703800B0FBF3F0B1FBF3F103FB00F003FB01F14C
:107048004D4CC0F10900C1F10A0102EB802002EBAE
:1070580081216060A1600B200C21B0FBF3F0B1FB33
:10706800F3F103FB00F003FB01F1C0F10B00C1F1E8
:107078000C0102EB802002EB8121C4E903010D2001
:107088000E21B0FBF3F0B1FBF3F103FB00F003FBBF
:1070980001F1C0F10D00C1F10E0102EB812102EBFB
:1070A8008020C4E9050108250F21B5FBF3F5B1FBE4
:1070B800F3F103FB05F501FB03F3C5F10805C3F183
:1070C8000F0302EB852502EB83232560E36130BCC7
:1070D800FEF7A4BB02240321B4FBF3F4B1FBF3F1E4
:1070E80003FB04F403FB01F12348C4F10204C1F1DA
:1070F800030102EB842402EB81218460C160042433
:107108000521B4FBF3F4B1FBF3F103FB04F403FB37
:1071180001F1C4F10404C1F1050102EB842402EB7E
:107128008121C0E9044101250621B5FBF3F5B1FB36
:10713800F3F103FB05F503FB01F10724B4FBF3F4BA
:1071480003FB04F4C5F10105C1F10603C4F107010D
:1071580002EB8525026002EB832302EB8122C0E962
:107168000632456030BCFEF759BB00BF762E0120C1
:1071780040AD0020208C0020642D012010B4184B55
:10718800184A5B79C900DB0001F01801B1FBF3F084
:1071980003FB1011136814488A0203EB8121016074
:1071A80002F5806402F500611C441944C0E90141FC
:1071B80002F5406402F580511C441944C0E90341BA
:1071C80002F5A05402F5C0511C441944C0E9054118
:1071D80002F5E0521344C3615DF8044BFEF71EBB91
:1071E80040AD0020208C0020642D01202DE9F047BF
:1071F8004148424C02792468DFF81491DFF8148181
:107208003F4F404E40794B00520003F00C0303F10E
:10721800010E03F1020CDD1CB3FBF2FA02FB1A3378
:1072280004EB4333C9F80030BEFBF2F302FB13EE64
:1072380004EB4E33C8F80030BCFBF2F302FB13CC6E
:1072480004EB4C333B60B5FBF2F302FB135504EB44
:107258004534346008B9BDE8F0872B4B2B4A1B68CE
:10726800C90001F03801C00001F1010EBEFBF0F8C1
:1072780000FB18EE01F1020C03EB8E2EC2F804E0BD
:10728800BCFBF0FE00FB1ECCCF1C03EB8C2CC2F821
:1072980008C0B7FBF0FC00FB1C770E1D03EB87272B
:1072A800D760B6FBF0F700FB17664D1D03EB86268B
:1072B800B1FBF0F400FB141403EB84241661B5FB56
:1072C800F0F600FB1655146003EB85258C1D5561FF
:1072D800B4FBF0F500FB1544073103EB84249461FB
:1072E800B1FBF0F400FB141103EB8121D161BDE87F
:1072F800F047FEF793BA00BF40AD00205CAD002018
:10730800842B0020A08B0020208C0020642D0120DD
:10731800F88B00200C8C00204AF2070398420FD803
:10732800B0F5204F10B417D3A0F520400138062837
:1073380000F2CC80DFE800F062738495A64051002B
:107348004CF20303984220D9B0F5604F33D1684B13
:1073580001F001011970704748F20103984200F0EA
:10736800A78048F20203984214D1624B624A1B7903
:107378001268624C5B00B1FBF3F003FB101302EBE5
:10738800433323605DF8044B7047B0F5404F00F27B
:107398008A807047B0F5004FF4D1564B564A1B7996
:1073A8001268574C5B00B1FBF3F003FB101302EBC0
:1073B80043332360E6E770474E4B524A5B791268C5
:1073C800514CDB00B1FBF3F003FB101302EB8323FA
:1073D800A3615DF8044BFEF721BA464B494A5B7935
:1073E8001268494CDB00B1FBF3F003FB101302EB0E
:1073F8008323E3615DF8044BFEF710BA3D4B414A25
:107408005B791268404CDB00B1FBF3F003FB10130F
:1074180002EB832363605DF8044BFEF7FFB9354B3D
:10742800384A5B791268384CDB00B1FBF3F003FB98
:10743800101302EB8323A3605DF8044BFEF7EEB94B
:107448002C4B304A5B7912682F4CDB00B1FBF3F010
:1074580003FB101302EB8323E3605DF8044BFEF794
:10746800DDB9244B274A5B791268274CDB00B1FB56
:10747800F3F003FB101302EB832323615DF8044B45
:10748800FEF7CCB91B4B1F4A5B7912681E4CDB0018
:10749800B1FBF3F003FB101302EB832363615DF888
:1074A800044BFEF7BBB9194A194B11701970704794
:1074B800104B114A1B791268164C5B00B1FBF3F0B4
:1074C80003FB101302EB433323605BE7094B0D4AC0
:1074D8005B7912680C4CDB00B1FBF3F003FB101373
:1074E80002EB832323605DF8044BFEF797B900BFD6
:1074F80019D6012040AD00205CAD0020842B00206F
:10750800F88B0020208C0020642D0120B02D012054
:10751800B4B401200C8C00202DE9F04F484A494CA6
:107528001568494BA4FB0124E409484A93F804C0B0
:1075380010685B79C4EB0414A1EB041485B0C4F3A0
:107548008504CA0089104FEA4C0C671C01F03C0105
:107558000097B1FBFCF70CFB17113D4F05EB4131D0
:107568003960009FB7FBFCF10CFB11773949A61C69
:1075780005EB47370F600334B6FBFCF1364F019437
:107588000CFB116605EB46363E6002F07802019E60
:10759800B6FBFCF1541CDB0002940CFB1161941C3B
:1075A800039402F1030B2D4C2D4E02F1040A02F153
:1075B800050902F1060E02F1070805EB4135B2FB99
:1075C800F3F103FB112200EB82223560226002995D
:1075D800B1FBF3F203FB121200EB82226260039903
:1075E800B1FBF3F203FB121200EB8222A260BBFB99
:1075F800F3F203FB12B200EB8222E260BAFBF3F271
:1076080003FB12A200EB82222261B9FBF3F203FB17
:10761800129200EB82226261BEFBF3F203FB12EED0
:1076280000EB8E22A261B8FBF3F203FB128800EB99
:107638008820E06105B0BDE8F04FFEF7EFB800BF65
:107648005CAD00208988888840AD0020208C00200F
:10765800F88B00200C8C0020842B0020642D012046
:10766800A08B0020FFF758BF00F47040B0F5404FE2
:1076780030B445D02FD9B0F5604F50D0B0F5704F29
:107688003CD1434B434A5B791268434DDB00890088
:1076980001F1010CB1FBF3F003FB101002EB8020A9
:1076A800BCFBF3F403FB14CC02EB8C242861881C8C
:1076B8006C61B0FBF3F403FB140002EB8020033190
:1076C800A861B1FBF3F003FB101102EB8122EA6120
:1076D80030BCFEF7A3B8B0F5004F49D0B0F5204F45
:1076E8000CD12B4B2D4A1B7912682D4C5B00B1FB3A
:1076F800F3F003FB101302EB4333236030BC7047F5
:10770800234B264A1B791268264C5B00B1FBF3F029
:1077180003FB101302EB4333236030BC70471C4B50
:107728001C4A5B7912681C4DDB0089004C1CB1FBBC
:10773800F3F003FB101002EB8020B4FBF3FC03FB17
:107748001C4402EB84242860881C6C60B0FBF3F4B2
:1077580003FB140002EB80200331A860B1FBF3F0B7
:1077680003FB101102EB8122EA6030BCFEF756B829
:10777800074B0A4A1B7912680B4C5B00B1FBF3F00C
:1077880003FB101302EB4333236030BC704700BF88
:1077980040AD0020208C0020642D01205CAD00202D
:1077A8000C8C0020842B0020F88B002049F2070362
:1077B80098420FD8B0F5104F10B41BD3A0F5104065
:1077C8000138062800F2D980DFE800F07B8CA1B2EE
:1077D80048596A0000F580439BB2032B00F2C7802A
:1077E800A0F540400138022800F2E880DFE800F008
:1077F800332C300048F20103984200F0AA8048F286
:10780800020398420FD1764B764A1B791268764C60
:107818005B00B1FBF3F003FB101302EB433323606F
:107828005DF8044B7047B0F5004FF9D16C4B6D4AC9
:107838001B7912686D4C5B00B1FBF3F003FB10136E
:1078480002EB43332360EBE7694B00221A70704761
:10785800684B19707047684B19707047604B674ADE
:107868005B791268664CDB00B1FBF3F003FB101385
:1078780002EB832363615DF8044BFDF7CFBF584BE0
:107888005E4A5B7912685E4CDB00B1FBF3F003FBE8
:10789800101302EB8323A3615DF8044BFDF7BEBF11
:1078A8004F4B564A5B791268554CDB00B1FBF3F03D
:1078B80003FB101302EB8323E3615DF8044BFDF730
:1078C800ADBF474B4D4A5B7912684D4CDB00B1FBAD
:1078D800F3F003FB101302EB832363605DF8044BA2
:1078E800FDF79CBF474B1A78022A41D03C4B434ACC
:1078F8005B791268424CDB00B1FBF3F003FB101319
:1079080002EB8323A3605DF8044BFDF787BF344B7C
:107918003A4A5B7912683A4CDB00B1FBF3F003FB9F
:10792800101302EB8323E3605DF8044BFDF776BF89
:107938002B4B324A5B791268314CDB00B1FBF3F018
:1079480003FB101302EB832323615DF8044BFDF75F
:1079580065BF234B234A1B7912682B4C5B00B1FB94
:10796800F3F003FB101302EB4333236058E770472F
:10797800E8291CBF00221A70B8E72B2925D0A829AE
:1079880025D01F2925D07C2925D0182925D0602964
:107998000CBF06230023124A18485279194C006874
:1079A8002370D200164CB1FBF2F302FB131300EB69
:1079B800832323605DF8044BFDF730BF0E4B0D4960
:1079C8000B4A1B780B70137070470123E3E70223FF
:1079D800E1E70323DFE70423DDE70523DBE700BF57
:1079E80040AD00205CAD0020842B0020F88B0020E7
:1079F80003B00120B12D0120CA2E0120208C0020C7
:107A0800642D0120032F01200C8C002038B5B24CC6
:107A18002388BBB1EF2B15D0402B67D0802B27D004
:107A2800A02B04D1AD4B1B78062B00F0BF81AC4BCB
:107A38001A7832B1AB490A78FF2A00F08D800132FA
:107A48000A7038BDA54A1278012A00F00882023A65
:107A5800042AE1D801A151F822F000BF6D7B00088B
:107A6800DB7B0008217A00082D7C0008017D0008D6
:107A78009A4B1B78042B00F01B82052BD7D19A4A0E
:107A88009A4B50791D68C00074217522B1FBF0F142
:107A9800B2FBF0F200FB01F100FB02F276234FF09B
:107AA800770CB3FBF0F3BCFBF0FC00FB03F300FB2B
:107AB8000CF0C0F17700C1F17401C2F17502C3F195
:107AC800760305EB832305EB812105EB822205EB89
:107AD8008025874883608361016001614260C560D9
:107AE8004261C561FDF79AFE238899E77B4B1B78B5
:107AF800042B9CD17C4B7D4A5B7910687C4DDB0064
:107B08006D22B2FBF3F203FB02F2C2F16D0200EB4D
:107B180082226A606E22B2FBF3F203FB02F2C2F128
:107B28006E0200EB8222AA606C216F22B1FBF3F196
:107B3800B2FBF3F203FB01F102FB03F3C3F16F03A2
:107B4800C1F16C0100EB812100EB83202960E86022
:107B5800FDF764FE238861E76648002202700A7018
:107B68001A7038BD604A614B50791D68C000782191
:107B78007922B1FBF0F1B2FBF0F200FB01F100FB5E
:107B880002F27A23B3FBF0F300FB03F3C1F17801AF
:107B9800C2F17902C3F17A034FF07B0CBCFBF0FC15
:107BA80000FB0CF005EB812105EB822205EB83231A
:107BB800C0F17B0005EB80254D488360836101603F
:107BC80001614260C5604261C561FDF727FE2388F7
:107BD80022E7454A454B50791D68C0007C217D222B
:107BE800B1FBF0F1B2FBF0F200FB01F100FB02F295
:107BF8007E23B3FBF0F300FB03F3C1F17C01C2F178
:107C08007D02C3F17E034FF07F0CBCFBF0FC00FB50
:107C18000CF005EB812105EB822205EB8323C0F1F3
:107C28007F00C7E7304B314A5B7912683048DB0088
:107C38007121B1FBF3F103FB01F1C1F1710102EB19
:107C4800812141607221B1FBF3F103FB01F1C1F124
:107C5800720102EB812181607321B1FBF3F103FB17
:107C680001F1C1F1730102EB8121C1607421B1FB03
:107C7800F3F103FB01F1C1F1740102EB8121016110
:107C88007521B1FBF3F103FB01F1C1F1750102EBC1
:107C9800812141617621B1FBF3F103FB01F1C1F1CF
:107CA800760102EB8121816170257721B5FBF3F51F
:107CB800B1FBF3F103FB05F501FB03F3C3F1770314
:107CC800C5F1700502EB852502EB83220560C261D0
:107CD800FDF7A4FD23889FE63CAC0020032F01207C
:107CE80003B00120B12D012040AD0020208C0020E0
:107CF800642D0120ECA50220864B874A5B79126827
:107D08008648DB005D21B1FBF3F103FB01F1C1F112
:107D18005D0102EB812141605E21B1FBF3F103FBC0
:107D280001F1C1F15E0102EB812181605F21B1FBAC
:107D3800F3F103FB01F1C1F15F0102EB8121C160A5
:107D48007C21B1FBF3F103FB01F1C1F17C0102EBF2
:107D5800812101617D21B1FBF3F103FB01F1C1F147
:107D68007D0102EB812141617E21B1FBF3F103FB2F
:107D780001F1C1F17E0102EB812181615C257F2146
:107D8800B5FBF3F5B1FBF3F103FB05F501FB03F3D9
:107D9800C3F17F03C5F15C0502EB852502EB832265
:107DA8000560C261FDF73AFD238835E6594B5A4A0A
:107DB8005B791268594CDB0061205E21B0FBF3F05F
:107DC800B1FBF3F103FB00F003FB01F1C0F161002B
:107DD800C1F15E0102EB802002EB81216060A160AD
:107DE8005F207C21B0FBF3F0B1FBF3F103FB00F063
:107DF80003FB01F1C0F15F00C1F17C0102EB8020BF
:107E080002EB8121C4E903017D207E21B0FBF3F060
:107E1800B1FBF3F103FB00F003FB01F1C0F17D00BE
:107E2800C1F17E0102EB802002EB8121C4E905014A
:107E380060257F21B5FBF3F5B1FBF3F103FB05F5F5
:107E480001FB03F3C3F17F03C5F1600502EB852550
:107E580002EB83222560E261FDF7E0FCE7E52D4AAD
:107E68002D4B50791D68C00058215922B1FBF0F103
:107E7800B2FBF0F200FB01F100FB02F25A23B3FB64
:107E8800F0F300FB03F3C1F15801C2F15902C3F149
:107E98005A034FF05B0CBCFBF0FC00FB0CF005EB4D
:107EA800812105EB822205EB8323C0F15B0081E68B
:107EB800184B194A5B791068184DDB006922B2FB30
:107EC800F3F203FB02F2C2F1690200EB82226A605C
:107ED8006A22B2FBF3F203FB02F2C2F16A0200EB80
:107EE8008222AA6068216B22B1FBF3F1B2FBF3F2A4
:107EF80003FB01F102FB03F3C3F16B03C1F168015A
:107F080000EB812100EB83202960E860FDF786FC07
:107F1800238885E540AD0020208C0020642D0120B9
:107F2800A0F5C040F0B403282CD8DFE800F0457075
:107F38002D02434A434B10791C68434A434F444E31
:107F4800444D40008900B1FBF0F300FB131304EB30
:107F5800433313604A1CB2FBF0FC00FB1C228B1C51
:107F680004EB42323A60B3FBF0F200FB1233033108
:107F780004EB43333360B1FBF0F300FB131104EB64
:107F880041312960F0BC70472D4B334A5B7910684A
:107F9800324CDB00B1FBF3F203FB121200EB82223E
:107FA8000131A261B1FBF3F203FB121100EB812056
:107FB800E061F0BCFDF732BC214B274A5B791268BF
:107FC800264DDB0001F0FC0101F1010CB1FBF3F0DF
:107FD80003FB101002EB8020BCFBF3F403FB14CC72
:107FE80002EB8C242860881C6C60B0FBF3F403FB64
:107FF800140002EB80200331A860B1FBF3F003FB0F
:10800800101102EB8122EA60F0BCFDF707BC0C4BB3
:10801800114A5B791068114CDB00B1FBF3F203FBEA
:10802800121200EB822201312261B1FBF3F203FB51
:10803800121100EB81206061F0BCFDF7EFBB00BFBF
:1080480040AD00205CAD0020F88B00200C8C002097
:10805800842B0020A08B0020208C0020642D012080
:108068002DE9F04F10F0080285B000F0878000F08D
:1080780003004FEA800C0CF10203C20000930CF1DC
:1080880003030193931D0293D31D0CF1010702F121
:10809800010E02F1020902F1030802F1040B02F1D8
:1080A800050A03933F4B404918790D685B793F49AE
:1080B8003F4C09684000BCFBF0F600FB16CC3D4E77
:1080C80005EB4C3CC6F800C0B7FBF0FC3A4E00FB91
:1080D8001C7705EB47373760009EB6FBF0F700FBCF
:1080E8001766364F05EB46363E60019FB7FBF0F644
:1080F80000FB167005EB40353148DB000560B2FB2C
:10810800F3F003FB102201EB82222260BEFBF3F2A4
:1081180003FB12EE01EB8E226260B9FBF3F203FB64
:10812800129201EB8222A260B8FBF3F203FB1282E7
:1081380001EB8222E260BBFBF3F203FB12B201EB1C
:1081480082222261BAFBF3F203FB12A201EB822224
:1081580062610298B0FBF3F203FB120201EB822288
:10816800A2610398B0FBF3F203FB120301EB832136
:10817800E16105B0BDE8F04FFDF750BB06230721CC
:108188004FF003084FF002094FF0010ECDE902311C
:10819800CDE900984FF0050A4FF0040B7746944656
:1081A80080E700BF40AD00205CAD0020208C00209F
:1081B800642D0120F88B00200C8C0020842B0020DB
:1081C800A08B0020674B18404CF20203984210B471
:1081D80000F0A6801CD8B0F5304F00F0B28030D93E
:1081E8004BF2020398425AD0B0F5404F3CD15E4B57
:1081F8005E4A5B7912685E4CDB00B1FBF3F003FB6F
:10820800101302EB8323A3605DF8044BFDF706BB54
:10821800B0F5604F54D02AD94EF20203984223D1C8
:10822800514B524A5B7912685148DB00B1FBF3FCB1
:1082380003FB1C1102EB8122C2615DF8044BFDF7C0
:10824800EDBAB0F5004F4CD0B0F5204F0CD1464BED
:10825800484A1B791268484C5B00B1FBF3F003FBFA
:10826800101302EB433323605DF8044B7047B0F5FD
:10827800504F44D04DF202039842F5D13A4B3B4A55
:108288005B7912683A4CDB00B1FBF3F003FB101387
:1082980002EB832363615DF8044BFDF7BFBA324BF1
:1082A800324A5B791268324CDB00B1FBF3F003FB16
:1082B800101302EB832363605DF8044BFDF7AEBA3D
:1082C800294B2A4A5B791268294CDB00B1FBF3F091
:1082D80003FB101302EB8323A3615DF8044BFDF746
:1082E8009DBA214B234A1B791268244C5B00B1FBD1
:1082F800F3F003FB101302EB43332360B4E71A4B8C
:108308001A4A5B7912681A4CDB00B1FBF3F003FBE5
:10831800101302EB832323615DF8044BFDF77EBA4B
:10832800114B124A5B791268114CDB00B1FBF3F078
:1083380003FB101302EB8323E3605DF8044BFDF7A6
:108348006DBA094B094A5B791268094CDB00B1FB2D
:10835800F3F003FB101302EB832323605DF8044B57
:10836800FDF75CBA03F0FFFF40AD0020208C002031
:10837800642D01205CAD00200C8C0020F88B0020BF
:1083880028482949294B2A4A70B52A4C04602A4DA5
:108398002A4C0D602A482B492B4D196025602B4922
:1083A8002B4C04602B4B2C482C4D08602C49196031
:1083B8002C4C11792C4E2D482D4B2E602D4D2560BF
:1083C80001292D4C1B68046022D903F5005503F5DB
:1083D800804403F5C041294852790360284B294855
:1083E8001D60294B0460196062B1284A284B126845
:1083F80003F1200143F8042F994202F58062F9D174
:10840800FDF70CFA0121BDE87040084618F0B6B82F
:1084180021B103F500510D461C46DCE71D461C46FC
:108428001946D8E754AD002034AC0020288C002031
:1084380040AD002089830008955B0008248C00204B
:1084480060AD00204179010845790108308C002091
:10845800995B0008948B00209D5B00086C2A002023
:1084680049790108A88B0020A15B0008F48B002043
:108478005CAD0020A55B00088C2B0020F88B002049
:108488000C8C0020842B0020A08B0020208C002046
:10849800602D012030B41C4C1C491D4D25601D4821
:1084A8001D4C0C601D4D1E4905601E4C1E48086081
:1084B8001E4D1F4925601F481F4C0C601F4D204949
:1084C8000560204C2048214B214A0860214D224854
:1084D800126825601B79214C0460214921480A60F3
:1084E80002F500559B030560A3F500511E4C1F487B
:1084F800A3F5804313440A4402600121236030BC81
:10850800084618F03BB800BF54AD002034AC00203A
:108518009D840008288C0020A95B00084179010887
:10852800248C002060AD002045790108995B000883
:10853800308C0020948B00209D5B0008497901084D
:108548006C2A0020A88B0020A15B000840AD002009
:108558005CAD0020A55B0008F48B00208C2B00206C
:10856800F88B00200C8C0020842B0020A08B00208E
:1085780038B5254C2549264D25602648264C0C60E3
:10858800264D27490560274C27480860274D28496C
:1085980025602848284C0C60284A2949294D2A4C2E
:1085A80005602A4B2A4808602A4D10791B682A4919
:1085B80025602A4D2A4C0C60012803F50051C6BFDE
:1085C80003F5804403F5C0401C462B60254B5279C7
:1085D8001960D8BF0846244B244918600C6062B162
:1085E800234A244B126803F1200143F8042F8B42DD
:1085F80002F58062F9D1FDF711F90121BDE8384093
:10860800084617F0BBBF00BF54AD002034AC0020B3
:1086180079850008288C00206D63000841790108DD
:10862800248C002060AD002045790108995B000882
:10863800308C0020948B00209D5B000840AD00200A
:108648006C2A002049790108A88B00205CAD002025
:10865800A15B0008A55B0008F48B0020F88B0020C4
:108668008C2B00200C8C0020A08B0020842B002059
:10867800208C0020602D012032483349334A38B518
:10868800334D0560334C34480860344D3449256017
:108698003448354C0C60354D35490560354C364805
:1086A8000860364D364925603648374C374B0C60E4
:1086B800374D38491B6805603748086037483849DE
:1086C800384C5279236003F50055056003F5E03016
:1086D8000860354903F5F0330B60FAB9334B344A77
:1086E80003F5006103F5806003F54064916003F5CC
:1086F8008051C2E90030C2E9034103F5A05003F5F7
:10870800C05103F5E053C2E90501D361FDF786F8CE
:108718000121BDE83840084617F030BF254A264BEE
:10872800126803F1200143F8042F8B4202F580629E
:10873800F9D1FDF773F80121BDE83840084617F074
:108748001DBF00BF54AD002034AC002040AD002058
:1087580081860008288C0020D96300084179010827
:10876800248C002060AD0020A9F00008995B000867
:10877800308C0020948B00209D5B0008454E01083A
:108788006C2A0020A88B0020A15B00085CAD0020AB
:10879800A55B0008F48B00208C2B00200C8C00209B
:1087A800842B0020F88B0020A08B0020682F01204C
:1087B800642D0120208C0020602D012019481A49C1
:1087C8001A4A1B4B30B41B4C04601B4D1B4C0D60EC
:1087D8001B481C491C4D116025601C491C4C046039
:1087E8001C4A1D4C1D4D0D601D481E491E4D116033
:1087F8001B6825601D491E4A1E4C04601E4D1F4CF7
:1088080013600D601E481F4A03F50055256003F5E7
:10881800804403F5C04304600121136030BC08465E
:1088280017F0ACBE54AD002034AC0020288C0020DA
:108838005CAD0020C58700082DF10008248C0020BD
:1088480060AD00204179010845790108308C00208D
:10885800995B0008948B00206C2A00209D5B00081F
:10886800A88B002049790108A15B0008F48B00203F
:10887800F88B0020A55B00088C2B00200C8C0020B6
:10888800842B0020A08B002022482349234A38B596
:10889800234D0560234C24480860244D2449256055
:1088A8002448254C0C60254D25490560254C264853
:1088B8000860264D264925602648274C274B0C6022
:1088C800274D28491B68056027480860274828491C
:1088D800284C5279236003F50055056003F5804064
:1088E8000860254903F5C0430B6062B1234A244B55
:1088F800126803F1200143F8042F8B4202F58062CD
:10890800F9D1FCF78BFF0121BDE83840084617F084
:1089180035BE00BF54AD002034AC002040AD00206F
:1089280091880008288C00206D64000841790108AE
:10893800248C002060AD002045790108995B00086F
:10894800308C0020948B00209D5B00084979010839
:108958006C2A0020A88B0020A15B00085CAD0020D9
:10896800A55B0008F48B00208C2B00200C8C0020C9
:10897800842B0020F88B0020A08B0020208C002066
:10898800602D012070B52A492A4C0B7948792A496B
:1089980021602A492A4C0C602A492B4C0C602B492F
:1089A8002B4C0C602B492C4C0C602C492C4C0C602B
:1089B8002C492D4C0C602D492D4C0C602D492E4C0A
:1089C8000C602E492E4C2F4A0C602F4912682F4EEE
:1089D8000A609B03A3F5C04111442D4D2D4C316015
:1089E800A3F58041A3F50053114413442960236083
:1089F80060B1294A294B126803F1200143F8042F7A
:108A08008B4202F58062F9D1FCF708FF2448254B18
:108A18004FF0FE0C002280F802C00280012183F88A
:108A280002C01A80BDE87040084617F0A7BD00BF15
:108A380040AD002054AD00208D89000834AC0020E2
:108A48009DF10008288C002041790108248C002021
:108A58004579010860AD0020995B0008308C002042
:108A68009D5B0008948B0020497901086C2A00203E
:108A780011650008A88B0020A55B0008F48B002076
:108A88008C2B00205CAD0020F88B00200C8C002083
:108A9800842B0020A08B0020208C0020602D01203A
:108AA800342F012068AF012070B52949294C0B7972
:108AB8004879294921602949294C0C6029492A4CBF
:108AC8000C602A492A4C0C602A492B4C0C602B4913
:108AD8002B4C0C602B492C4C0C602C492C4C0C60FA
:108AE8002C492D4C0C602D492D4C2E4A0C602E49DA
:108AF80012680A609B03A3F580412C4D2C4E2D4C27
:108B0800A3F500531144134402F5005231602A6062
:108B1800236060B1284A294B126803F1200143F809
:108B2800042F8B4202F58062F9D1FCF777FE2448C6
:108B3800244B4FF0FE0C002280F802C00280012175
:108B480083F802C01A80BDE87040084617F016BDC9
:108B580040AD002054AD0020B18A000834AC00209C
:108B680005F30008288C002041790108248C002096
:108B78004579010860AD0020995B0008308C002021
:108B88009D5B0008948B0020497901086C2A00201D
:108B9800E5650008A88B0020A55B0008F48B002081
:108BA8008C2B00205CAD0020F88B00200C8C002062
:108BB800842B0020A08B0020208C0020602D012019
:108BC80008B50120A4B001202DE9F84F284A294B07
:108BD8002949DFF8F0B009681A6002F5806058602A
:108BE800586126481A61016002F5006002F540628A
:108BF80098609861DA60DA61DFF8CCA0DFF8CC80A1
:108C0800DFF8CCE0DFF8CCC01D4F1E4E1E4DDFF85C
:108C1800C8901E4C1E4A01F50053CBF8003001F5F0
:108C28008043CAF800301B4BC8F800301A4BCEF806
:108C380000301A4BCCF80030194B3B60194B3360AD
:108C480001F5C041184BC9F800102B601749184BA3
:108C58002360184B0B601849184B0A60184A1360B8
:108C6800FCF7DCFD0121BDE8F84F084617F086BC8B
:108C7800904B0020642D01205CAD0020F88B002073
:108C8800248C002060AD0020308C0020948B0020C4
:108C9800A55B0008D18B0008F1670008417901083D
:108CA80045790108995B00089D5B00086C2A002043
:108CB80049790108A15B0008A88B00208C2B0020B3
:108CC800F48B00200C8C0020842B002054AD002055
:108CD80034AC0020288C0020A08B002019481A49A9
:108CE8001A4A1B4B30B41B4C04601B4D1B4C0D60C7
:108CF8001B481C491C4D116025601C491C4C046014
:108D08001C4A1D4C1D4D0D601D481E491E4D11600D
:108D18001B6825601D491E4A1E4C04601E4D1F4CD1
:108D280013600D601E481F4A03F50055256003F5C2
:108D3800804403F5C04304600121136030BC084639
:108D480017F01CBC54AD002034AC0020288C002047
:108D58005CAD0020E58C00087DF50008248C00201F
:108D680060AD00204179010845790108308C002068
:108D7800995B0008948B00206C2A00209D5B0008FA
:108D8800A88B002049790108A15B0008F48B00201A
:108D9800F88B0020A55B00088C2B00200C8C002091
:108DA800842B0020A08B00202DE9F041234A244881
:108DB8001168244A244B10602448254A026025483B
:108DC8001B790260244A25481060254A254810600E
:108DD800254A26481060264A26481060264A274811
:108DE8001060274A27481060274A28481060284AF8
:108DF800284C11609B03DFF8AC80DFF8ACE0264F0D
:108E0800264E274DDFF8A4C0A3F58040A3F50052F5
:108E1800084400230A4401F50051C8F80000CCF8C2
:108E28000010CEF8002001213B702380A37033602E
:108E38002B60BDE8F041084617F0A0BB5CAD0020F0
:108E4800B18D000854AD002040AD002034AC0020A6
:108E580071F60008288C0020248C00204579010830
:108E680060AD0020995B0008308C00209D5B0008F5
:108E7800948B0020714E01086C2A0020A15B000829
:108E8800A88B0020A55B0008F48B00208C2B002009
:108E9800F88B002000B0012044D501200CD6012019
:108EA80030B00120842B0020A08B00200C8C0020E7
:108EB80070B52749274C0B794879274921602749FC
:108EC800274C0C602749284C0C602849284C0C601A
:108ED8002849294C0C602949294C0C6029492A4CFD
:108EE8000C602A492A4C0C602A492B4C0C602B49EF
:108EF8002B4C2C4A0C602C4912680A609B03A3F582
:108F080080412A4D2A4E2B4CA3F50053114413449B
:108F180002F5005231602A60236060B1264A274B6F
:108F2800126803F1200143F8042F8B4202F5806296
:108F3800F9D1FCF773FC2248224C234A0023037022
:108F4800012123601360BDE87040084617F016BB86
:108F580040AD002054AD0020B98E000834AC00208C
:108F6800955B0008288C002041790108248C00209A
:108F780061F8000860AD0020995B0008308C002083
:108F88009D5B0008948B00209D4E01086C2A0020F0
:108F9800A15B0008F48B00208C2B0020A88B0020FC
:108FA800A55B00085CAD0020F88B00200C8C00202D
:108FB800842B0020A08B0020208C0020602D012015
:108FC800F92D012030B50120F02D01202DE9F041C7
:108FD800244A254C1168254A254B1460254A264CFD
:108FE8001460264A264C1460264A274C1460274AE7
:108FF800274C1460274A284C1460284A284C1460CF
:10900800284A294C1460294A294C14601B79294A9A
:10901800294C14609B03294ADFF8B880284811605E
:10902800A3F5804C274FDFF8B0E0274E274D284C9A
:10903800A3F5005201EB0C03C8F800300A440023E2
:1090480001F50051436039600360C0F80730CEF87D
:109058000020012133702B802380BDE8F0410846B1
:1090680017F08CBA5CAD0020D58F000854AD0020F5
:1090780040AD002034AC0020C5FA0008288C002040
:1090880041790108248C00204579010860AD002051
:10909800995B0008308C00209D5B0008948B0020B1
:1090A800CD4E01086C2A0020A15B0008A88B002087
:1090B800A55B0008F48B00208C2B0020F88B002087
:1090C800B42E01200C8C0020BDAF012052D5012008
:1090D8002CD60120842B0020A08B00202DE9F04104
:1090E800254A26481168264A264B1060264A2748F2
:1090F8001060274A27481060274A28481060284AE5
:1091080028481060284A29481060294A29481060D0
:10911800294A2A4810602A4A2A4810602A4A2B48B5
:109128001B7910602A4A2B4C11609B03DFF8BCE0C6
:10913800294F2A4E2A4DDFF8B880DFF8B8C0A3F5CA
:1091480000520A44A3F5804000230844CEF80020CA
:1091580001F500513B70237233702B70214A224B6A
:10916800C8F80000CCF80010226001216360BDE857
:10917800F041084617F002BA5CAD0020E5900008FF
:1091880054AD002040AD002034AC002091FF000811
:10919800288C002041790108248C00204579010899
:1091A80060AD0020995B0008308C00209D5B0008B2
:1091B800948B0020815C00086C2A0020A15B0008C9
:1091C800A88B0020A55B0008F48B00208C2B0020C6
:1091D800F88B0020C02E0120012F0120E92E01204C
:1091E8008DD501200001020304050607A08B00208D
:1091F800842B00200C8C002070B52449244C0B795A
:109208004879244921602449244C0C602449254C80
:109218000C602549254C0C602549264C0C602649D4
:10922800264C0C602649274C0C602749274C0C60BB
:109238002749284C0C602849284C294A0C602949A0
:1092480012680A609B03A3F58041274D274E284CDE
:10925800A3F500531144134402F5005231602A600B
:10926800236060B1234A244B126803F1200143F8BC
:10927800042F8B4202F58062F9D1FCF7CFFA012165
:10928800BDE87040084617F079B900BF40AD00202E
:1092980054AD00200192000834AC002021040108DC
:1092A800288C002041790108248C00204579010888
:1092B80060AD0020995B0008308C00209D5B0008A1
:1092C800948B0020497901086C2A0020A15B0008D2
:1092D800A88B0020A55B0008F48B00208C2B0020B5
:1092E8005CAD0020F88B00200C8C0020842B002023
:1092F800A08B0020208C0020602D012070B52A4909
:109308002A4C0B7948792A4921602A492A4C0C6051
:109318002A492B4C0C602B492B4C0C602B492C4CAC
:109328000C602C492C4C0C602C492D4C0C602D49A0
:109338002D4C0C602D492E4C0C602E492E4C2F4A7A
:109348000C602F4912680A609B03A3F580412D4DDC
:109358002D4E2E4CA3F500531144134402F5005230
:1093680031602A60236060B1294A2A4B126803F1F0
:10937800200143F8042F8B4202F58062F9D1FCF7F3
:109388004DFA254A254D2648264C00232B7003709C
:10939800254D13722370254B156001215360BDE8DC
:1093A8007040084617F0EAB840AD002054AD0020E0
:1093B8000593000834AC002009060108288C002019
:1093C80041790108248C00204579010860AD00200E
:1093D800995B0008308C00209D5B0008948B00206E
:1093E800497901086C2A0020A15B0008A88B00209D
:1093F800A55B0008F48B00208C2B00205CAD0020BE
:10940800F88B00200C8C0020842B0020A08B0020DF
:10941800208C0020602D012078AF0120B6AF0120FC
:10942800A0D5012038B00120000102030405060779
:1094380030B41C4C1C491D4D25601D481D4C0C604A
:109448001D4D1E4905601E4C1E4808601E4D1F49D3
:1094580025601F481F4C0C601F4D20490560204C9B
:109468002048214B214A0860214D22481268256076
:109478001B79214C0460214921480A6002F50055F6
:109488009B030560A3F500511E4C1F48A3F58043BC
:1094980013440A4402600121236030BC084617F0D7
:1094A8006DB800BF54AD002034AC002039940008DA
:1094B800288C0020F10A010841790108248C002039
:1094C80060AD002045790108995B0008308C0020C8
:1094D800948B00209D5B0008F94E01086C2A00203F
:1094E800A88B0020A15B000840AD00205CAD0020E7
:1094F800A55B0008F48B00208C2B0020F88B002043
:109508000C8C0020842B0020A08B00201F492048B1
:10951800204B214A70B4086020492148086021493D
:1095280021480860214922480860224922480860E9
:1095380022492348086023492348086023492448CE
:109548000860244924480860244925481B79086094
:10955800244912680A609B032348244C244D254E55
:10956800A3F58041A3F5005313441144036002F5A9
:109578000052002331602A60012123606360A360E8
:10958800E36070BC084616F0F9BF00BF54AD002078
:109598001595000840AD00205CAD002034AC0020DB
:1095A80005840108288C002041790108248C0020BA
:1095B8004579010860AD0020995B0008308C0020D7
:1095C8009D5B0008948B00202D4F01086C2A002019
:1095D800A15B0008A88B0020A55B0008F48B002085
:1095E8008C2B0020F88B0020A08B00201CD601209B
:1095F8000C8C0020842B002070B52649264C0B7952
:109608004879264921602649264C0C602649274C72
:109618000C602749274C0C602749284C0C602849C6
:10962800284C0C602849294C0C602949294C0C60AD
:1096380029492A4C0C602A492A4C2B4A0C602B4990
:1096480012680A609B03A3F58041294D294E2A4CD4
:10965800A3F500531144134402F5005231602A6007
:10966800236060B1254A264B126803F1200143F8B4
:10967800042F8B4202F58062F9D1FCF7CFF8214C18
:10968800214A0023012123701370BDE87040084669
:1096980016F074BF40AD002054AD002001960008BC
:1096A80034AC0020910D0108288C00204179010874
:1096B800248C00204579010860AD0020995B0008E2
:1096C800308C00209D5B0008948B00205D4F0108C2
:1096D8006C2A0020A15B0008A88B0020A55B00086D
:1096E800F48B00208C2B00205CAD0020F88B002030
:1096F8000C8C0020842B0020A08B0020208C0020C4
:10970800602D0120542F01204876022070B525498C
:10971800254C0B794879254921602549254C0C6051
:109728002549264C0C602649264C0C602649274CB6
:109738000C602749274C0C602749284C0C602849A5
:10974800284C0C602849294C0C602949294A2A4D83
:1097580012682A4E00240C7029492A4C0C602A49A8
:109768002A4C0A609B03A3F58041A3F500531144DA
:10977800134402F5005231602A60236060B1244A24
:10978800244B126803F1200143F8042F8B4202F5A1
:109798008062F9D1FCF742F80121BDE87040084623
:1097A80016F0ECBE40AD002054AD0020159700081F
:1097B80034AC002089100108288C00204179010868
:1097C800248C00204579010860AD0020995B0008D1
:1097D800308C00209D5B0008948B0020497901089B
:1097E8006C2A0020A15B0008A88B0020A55B00085C
:1097F800B5AF01205CAD00200C8C0020842B00202C
:10980800F48B00208C2B0020F88B0020A08B0020EC
:10981800208C0020602D012070B52B492B4C0B7932
:1098280048792B4921602B492B4C0C602B492C4C37
:109838000C602C492C4C0C602C492D4C0C602D498B
:109848002D4C0C602D492E4C0C602E492E4C0C6072
:109858002E492F4C0C602F492F4C304A0C60304950
:1098680012680A609B03A3F580412E4D2E4E2F4CA3
:10987800A3F500531144134402F5005231602A60E5
:109888002360E0B12A4B2B482B491A68002301F8C2
:10989800013F0133082B40F8042F02F58062F6D10E
:1098A800FBF7BCFF2548264C264A002303700121FC
:1098B80023701370BDE87040084616F05FBE224B57
:1098C80018605860EEE700BF40AD002054AD00209E
:1098D8002198000834AC00204D110108288C002084
:1098E80041790108248C00204579010860AD0020E9
:1098F800995B0008308C00209D5B0008948B002049
:10990800497901086C2A0020A15B0008A88B002077
:10991800A55B0008F48B00208C2B00205CAD002098
:10992800F88B00200C8C0020842B0020A08B0020BA
:10993800208C0020602D01206776022045D501206B
:1099480098B00120752E01206876022070B5244950
:10995800244C0B794879244921602449244C0C6013
:109968002449254C0C602549254C0C602549264C7A
:109978000C602649264C0C602649274C0C60274968
:10998800274C0C602749284C0C602849284C294A48
:109998000C60294912680A609B03A3F58041274D92
:1099A800274E284CA3F500531144134402F50052E6
:1099B80031602A60236060B1234A244B126803F1A6
:1099C800200143F8042F8B4202F58062F9D1FBF79E
:1099D80025FF0121BDE87040084616F0CFBD00BF45
:1099E80040AD002054AD00205599000834AC00204B
:1099F800C15C0008288C0020B1680008248C002075
:109A08004579010860AD0020995B0008308C002082
:109A18009D5B0008948B0020497901086C2A00207E
:109A2800A15B0008A88B0020A55B0008F48B002030
:109A38008C2B00205CAD0020F88B00200C8C0020C3
:109A4800842B0020A08B0020208C0020602D01207A
:109A58002648274ADFF804C12649F8B5264D05608F
:109A6800264C27481060274D274A25602748284C50
:109A78001460284D284A0560284C29481060294D53
:109A880029482560294A2A4C04602A4B2A48106034
:109A98002A4A1B682A4F13602A4E2B4D2B4C2C4800
:109AA800497900228CF800203A6003F54042326080
:109AB80003F500422A6003F5204203F56043226063
:109AC800036061B1234A244B126803F1200143F873
:109AD800042F8B4202F58062F9D1FBF79FFE01212A
:109AE800BDE8F840084616F049BD00BF54AD002057
:109AF80034AC002040AD0020599A0008288C002082
:109B08009D4F010841790108248C002060AD002098
:109B180045790108995B0008308C0020948B00205F
:109B28009D5B0008015001086C2A0020A88B0020CA
:109B3800A15B00085CAD0020A55B0008842B002019
:109B4800302F0120F48B0020F88B00200C8C002093
:109B5800A08B0020208C0020602D01200E2F0120DA
:109B680022482349234A38B5234D0560234C24480D
:109B78000860244D244925602448254C0C60254D57
:109B880025490560254C26480860264D264925604C
:109B98002648274C274B0C60274D28491B68056031
:109BA8002748086027482849284C5279236003F53C
:109BB8000055056003F580400860254903F5C0435A
:109BC8000B6062B1234A244B126803F1200143F869
:109BD800042F8B4202F58062F9D1FBF71FFE0121A9
:109BE800BDE83840084616F0C9BC00BF54AD002097
:109BF80034AC002040AD0020699B0008288C002070
:109C08000D5A0108A96F0108248C002060AD0020BE
:109C180045790108995B0008308C0020948B00205E
:109C28009D5B0008497901086C2A0020A88B002058
:109C3800A15B00085CAD0020A55B0008F48B002048
:109C48008C2B00200C8C0020842B0020F88B00200B
:109C5800A08B0020208C0020602D0120F8B525491C
:109C6800254C0B794879254921602549254C0C60FC
:109C78002549264C0C602649264C0C602649274C61
:109C88000C602749274C0C602749284C0C60284950
:109C9800284C0C602849294C294A0C60294912682B
:109CA800294F0A609B03A3F500411144274E3960F0
:109CB800A3F5C0411144264D264C3160A3F58041DF
:109CC800A3F50053114413442960236060B1224A6C
:109CD800224B126803F1200143F8042F8B4202F54E
:109CE8008062F9D1FBF79AFD0121BDE8F8400846EA
:109CF80016F044BC40AD002054AD0020659C00081F
:109D080034AC002055130108288C00204179010843
:109D1800248C00204579010860AD0020995B00087B
:109D2800308C00209D5B0008948B00202550010892
:109D38006C2A0020A15B0008A88B0020A55B000806
:109D48005CAD0020F48B0020F88B00200C8C0020E8
:109D5800842B0020A08B0020208C0020602D012067
:109D680027482849284AF8B5284D0560284C29482D
:109D78000860294D2949256029482A4C0C602A4D3C
:109D88002A4905602A4C2B482B4B08602B4D2C4840
:109D98001B6825602B492C4C04602C4F2C4808600C
:109DA80003F5804C2B4E2C49C7F800C02B4C0B6098
:109DB80003F500572A4D2B482B493760527903F594
:109DC800004603F5903323604FF0010C00232E600A
:109DD80080F800C00B6062B1244A254B126803F179
:109DE800200143F8042F8B4202F58062F9D1FBF77A
:109DF80015FD0121BDE8F840084616F0BFBB00BFBD
:109E080054AD002034AC002040AD0020699D00080E
:109E1800288C0020D950010841790108248C0020A1
:109E280060AD00207550010855500108308C0020A5
:109E3800948B00209D5B00085CAD00200551010853
:109E48006C2A0020A88B0020A15B0008F48B00205E
:109E5800A55B0008F88B00200C8C0020A08B00204C
:109E6800842B0020ACB00120E0D50120208C0020FC
:109E7800602D012070B52749274C0B79487927496F
:109E880021602749274C0C602749284C0C60284939
:109E9800284C0C602849294C0C602949294C0C6035
:109EA80029492A4C0C602A492A4C0C602A492B4C17
:109EB8000C602B492B4C2C4A0C602C4912680A6008
:109EC8009B03A3F580412A4D2A4E2B4CA3F5005342
:109ED8001144134402F5005231602A60236060B1D6
:109EE800264A274B126803F1200143F8042F8B42BE
:109EF80002F58062F9D1FBF791FC2248224C234AF3
:109F080000230370012123701370BDE870400846D8
:109F180016F034BB40AD002054AD00207D9E0008F3
:109F280034AC0020D1130108288C002041790108A5
:109F3800248C00204579010860AD0020995B000859
:109F4800308C00209D5B0008948B0020C9510108CB
:109F58006C2A0020A15B0008A88B0020A55B0008E4
:109F6800F48B00208C2B00205CAD0020F88B0020A7
:109F78000C8C0020842B0020A08B0020208C00203B
:109F8800602D012018B5012004B50120642F01209F
:109F98002DE9F843334B34481968344D344B056088
:109FA800344C35481860354D354B25603548364CAE
:109FB8001C60364D364B0560364C37481860374DB7
:109FC800374B25603748384C1C60384D384B056096
:109FD800384C39481860002338482360012404604D
:109FE800DFF810813648DFF810C1016001F500592B
:109FF800344FC8F8009001F5804801F5C041324E51
:10A00800CCF8001002213148314D39600421314A21
:10A01800314C316005210360DFF8E0E02F48304B18
:10A028002960062121601268CEF8008007210160AE
:10A0380003F1200143F8042F8B4202F58062F9D125
:10A04800FBF7ECFB274D284A2848294C00230370CE
:10A0580001212B70937013802370BDE8F8430846E4
:10A0680016F08CBA5CAD002054AD0020999F000812
:10A0780034AC0020288C002031930108119301088A
:10A08800248C002060AD002045790108995B000808
:10A09800308C0020948B00209D5B00080D52010835
:10A0A8006C2A0020A88B0020A15B0008A55B000893
:10A0B800F48B00208CB001208C2B00201C2F012059
:10A0C800F88B002060B001207CD5012078B00120F9
:10A0D80068D50120208C002090AF0120242E01207B
:10A0E800602D0120A9B00120FCD501206476022052
:10A0F800A1D501200C8C0020A08B0020842B0020EF
:10A108002DE9F04F3A4B3B4A1D791468DFF838B116
:10A118005B79DFF838A1DFF83891DFF83881DFF8AC
:10A1280038E1DFF838C1344F344E6D000F20B0FBF2
:10A13800F5F005FB00F0C0F10F0004EB40300821FA
:10A14800B1FBF5F105FB01F1C1F10801CBF8000005
:10A158002B4804EB41310922B2FBF5F205FB02F270
:10A16800C2F109020160274983B004EB42320A6058
:10A17800254A01930B23B3FBF5F305FB03F31460A6
:10A18800C3F10B03214A224D04EB43331360214BE7
:10A19800CAF80030204BC9F80030204BC8F800300E
:10A1A8001F4BCEF800301F4B1F4ACCF800301F4B16
:10A1B8003B602A601E4B1F4A33601F4B1360019B94
:10A1C80063B11E4A1E4B126803F1200143F8042FA5
:10A1D8008B4202F58062F9D1FBF720FB194B012174
:10A1E800002208461A7003B0BDE8F04F16F0C6B951
:10A1F80040AD00205CAD0020308C0020948B002006
:10A20800F88B00200C8C0020842B0020A08B0020D1
:10A218006C2A002009A10008955B00084179010813
:10A2280055520108995B0008A15B00089D5B000876
:10A23800B5520108A88B0020A55B0008208C0020DF
:10A24800602D01200CB00120F48B002054AD0020BB
:10A2580034AC0020288C0020248C002060AD002025
:10A268002148224A224938B5224D0560224C23480C
:10A278001060234D234A25602348244C1460244D44
:10A28800244A0560244C25481060254D254A256040
:10A298002548264C1460264D264A274B056027483A
:10A2A8001B681060264C2748274D236003F5005291
:10A2B80003604979254B2A601A6061B1244A254B0D
:10A2C800126803F1200143F8042F8B4202F58062E3
:10A2D800F9D1FBF7A3FA204B002201211A70BDE83F
:10A2E8003840084616F04AB954AD002034AC002076
:10A2F80040AD002069A20008288C002099150108AB
:10A3080041790108248C002060AD002045790108BE
:10A31800995B0008308C0020948B00209D5B00081E
:10A32800497901086C2A0020A88B0020A15B00084D
:10A33800A55B0008F48B00205CAD00208C2B00206E
:10A34800F88B0020842B00200C8C0020A08B002090
:10A35800208C0020602D012009D601202048214AA8
:10A36800214938B5214D0560214C22481060224D05
:10A37800224A25602248234C1460234D234A056055
:10A38800234C24481060244D244A25602448254C39
:10A398001460254D254A264B056026481B68106029
:10A3A800254C2648264D236003F500520360497961
:10A3B800244B2A601A6061B1234A244B126803F1C6
:10A3C800200143F8042F8B4202F58062F9D1FBF794
:10A3D80025FA0121BDE83840084616F0CFB800BF7D
:10A3E80054AD002034AC002040AD002065A3000827
:10A3F800288C0020FD17010841790108248C0020D1
:10A4080060AD002045790108995B0008308C002078
:10A41800948B00209D5B0008497901086C2A002074
:10A42800A88B0020A15B0008A55B0008F48B002026
:10A438005CAD00208C2B0020F88B0020842B0020A2
:10A448000C8C0020A08B0020208C0020602D012087
:10A4580022482349234A38B5234D0560234C244814
:10A468000860244D244925602448254C0C60254D5E
:10A4780025490560254C26480860264D2649256053
:10A488002648274C274B0C60274D28491B68056038
:10A498002748086027482849284C5279236003F543
:10A4A8000055056003F580400860254903F5C04361
:10A4B8000B6062B1234A244B126803F1200143F870
:10A4C800042F8B4202F58062F9D1FBF7A7F901212D
:10A4D800BDE83840084616F051B800BF54AD00201A
:10A4E80034AC002040AD002059A40008288C00207E
:10A4F8005D19010841790108248C002060AD002015
:10A5080045790108995B0008308C0020948B002065
:10A518009D5B0008497901086C2A0020A88B00205F
:10A52800A15B00085CAD0020A55B0008F48B00204F
:10A538008C2B00200C8C0020842B0020F88B002012
:10A54800A08B0020208C0020602D012030B41C4CF2
:10A558001C491D4D25601D481D4C0C601D4D1E4994
:10A5680005601E4C1E4808601E4D1F4925601F4887
:10A578001F4C0C601F4D20490560204C2048214B82
:10A58800214A0860214D2248126825601B79214C18
:10A598000460214921480A6002F500559B030560C3
:10A5A800A3F500511E4C1F48A3F5804313440A44E9
:10A5B80002600121236030BC084615F0DFBF00BFF0
:10A5C80054AD002034AC002055A50008288C00208C
:10A5D800A51A010841790108248C002060AD0020EB
:10A5E80045790108995B0008308C0020948B002085
:10A5F8009D5B0008497901086C2A0020A88B00207F
:10A60800A15B000840AD00205CAD0020A55B000800
:10A61800F48B00208C2B0020F88B00200C8C002061
:10A62800842B0020A08B002022482349234A38B5D8
:10A63800234D0560234C24480860244D2449256097
:10A648002448254C0C60254D25490560254C264895
:10A658000860264D264925602648274C274B0C6064
:10A66800274D28491B68056027480860274828495E
:10A67800284C5279236003F50055056003F58040A6
:10A688000860254903F5C0430B6062B1234A244B97
:10A69800126803F1200143F8042F8B4202F580620F
:10A6A800F9D1FBF7BBF80121BDE83840084615F0A1
:10A6B80065BF00BF54AD002034AC002040AD002081
:10A6C80031A60008288C0020AD69000841790108EE
:10A6D800248C002060AD002045790108995B0008B2
:10A6E800308C0020948B00209D5B0008497901087C
:10A6F8006C2A0020A88B0020A15B00085CAD00201C
:10A70800A55B0008F48B00208C2B00200C8C00200B
:10A71800842B0020F88B0020A08B0020208C0020A8
:10A72800602D012038B52549254B0A791B68254835
:10A73800254C264D25609203A2F500521344036070
:10A748002348244C04602448244C04602448254CA5
:10A7580004602548254C04602548264C046026489A
:10A76800264C04602648274C04602748274C046080
:10A77800274A2848284C046013602848284A497901
:10A788000360136061B1274A274B126803F1200167
:10A7980043F8042F8B4202F58062F9D1FBF73EF8AB
:10A7A8002248234C234A002303700121237013708D
:10A7B800BDE83840084615F0E1BE00BF40AD0020B6
:10A7C8005CAD0020F88B002054AD00202DA70008B8
:10A7D80034AC002039700108288C00204179010828
:10A7E800248C00204579010860AD0020995B0008A1
:10A7F800308C00209D5B0008948B0020497901086B
:10A808006C2A0020A15B0008A88B0020A55B00082B
:10A818000C8C0020F48B00208C2B0020842B002033
:10A82800A08B0020208C0020602D01200DB5012078
:10A83800552E0120D32D012070B52449244C0B79C5
:10A848004879244921602449244C0C602449254C2A
:10A858000C602549254C0C602549264C0C6026497E
:10A86800264C0C602649274C0C602749274C0C6065
:10A878002749284C0C602849284C294A0C6029494A
:10A8880012680A609B03A3F58041274D274E284C88
:10A89800A3F500531144134402F5005231602A60B5
:10A8A800236060B1234A244B126803F1200143F866
:10A8B800042F8B4202F58062F9D1FAF7AFFF01212C
:10A8C800BDE87040084615F059BE00BF40AD0020F5
:10A8D80054AD002041A8000834AC0020951B0108A5
:10A8E800288C002041790108248C00204579010832
:10A8F80060AD0020995B0008308C00209D5B00084B
:10A90800948B0020D95201086C2A0020A15B000812
:10A91800A88B0020A55B0008F48B00208C2B00205E
:10A928005CAD0020F88B00200C8C0020842B0020CC
:10A93800A08B0020208C0020602D012038B5214AF2
:10A94800214D224C5179224A22482A60224D256005
:10A95800224C0260224D234A25602348234C146070
:10A96800234D244A0560244C24481060244D254A70
:10A97800254B2560254C1B6814602548254A264C24
:10A98800264D0560136003F500552548254A2560C6
:10A9980003F5804403F5C0430460136061B1224AA3
:10A9A800224B126803F1200143F8042F8B4202F571
:10A9B8008062F9D1FAF732FFBDE838400021012062
:10A9C80015F0DCBD40AD002034AC002054AD0020B3
:10A9D800E16A0008288C002045A90008248C002082
:10A9E8004579010860AD0020308C0020995B000893
:10A9F8009D5B0008948B00206C2A0020497901088F
:10AA0800A15B0008A88B00205CAD0020A55B0008B6
:10AA1800F48B0020F88B00200C8C00208C2B00205D
:10AA2800842B0020A08B0020208C0020602D01208A
:10AA38002DE9F84F374B384A19795D79374B10684B
:10AA48001B68374ADFF82CB113606D03A5F5406623
:10AA58001E445661A5F500661E449661A5F58066FC
:10AA6800A5F580551D441E4489031561D661A1F5DD
:10AA78008044CBF80000A1F50051DFF8FCB0DFF806
:10AA8800FCA0DFF8FC90DFF8FC80DFF8FCE0DFF8E2
:10AA9800FCC0244F244E254D0444014400F50050C9
:10AAA800CBF80000224804602248234C016003F5DB
:10AAB8008061516003F5006103F54063D3601F4B6B
:10AAC8009160CAF800301E4BC9F800301D4BC8F819
:10AAD80000301D4BCEF800301C4B1D49CCF800301F
:10AAE8001C4B3B601C4A1D4B33600A601C4B1D4AC3
:10AAF8002B601D4B1360FAF791FE1C481C4A00237B
:10AB08000370012123701370BDE8F84F084615F053
:10AB180035BD00BF40AD00205CAD0020208C00207A
:10AB2800642D0120308C0020948B00206C2A00209A
:10AB3800842B0020A08B0020FCAF012039AA00083C
:10AB4800CD1D01084179010845790108995B000884
:10AB5800A88B00209D5B0008A55B00081153010825
:10AB6800A15B0008F48B00208C2B0020522F0120C1
:10AB7800882E0120F88B00200C8C002054AD00207A
:10AB880034AC0020288C0020248C002060AD0020EC
:10AB980030B41D4C1D491E4D25601E481E4C0C60CE
:10ABA8001E4D1F4905601F4C1F4808601F4D204956
:10ABB80025602048204C0C60204D21490560214C1F
:10ABC8002148224B224A0860224D234825601268FA
:10ABD800224C1B790460224C224923480A6002F562
:10ABE80000559B032560A3F50054A3F58043134447
:10ABF8001E49036022441E4C0A6000230121236081
:10AC080030BC084615F0BABC54AD002034AC002066
:10AC180099AB0008288C0020419801084179010867
:10AC2800248C002060AD002045790108995B00085C
:10AC3800308C0020948B00209D5B00084979010826
:10AC48006C2A0020A88B0020A15B000840AD0020E2
:10AC58005CAD0020A55B0008F48B00208C2B002045
:10AC68000C8C0020F88B0020842B0020A08B002067
:10AC7800AC2D012070B52649264C0B794879264918
:10AC880021602649264C0C602649274C0C60274930
:10AC9800274C0C602749284C0C602849284C0C602C
:10ACA8002849294C0C602949294C0C6029492A4C0F
:10ACB8000C602A492A4C2B4A0C602B4912680A60FE
:10ACC8009B03A3F58041294D294E2A4CA3F5005337
:10ACD8001144134402F5005231602A60236060B1C8
:10ACE800254A264B126803F1200143F8042F8B42B2
:10ACF80002F58062F9D1FAF791FD214C214A00232F
:10AD0800012123701360BDE87040084615F036BC79
:10AD180040AD002054AD00207DAC000834AC0020CC
:10AD280089720108288C002041790108248C0020B0
:10AD38004579010860AD0020995B0008308C00203F
:10AD48009D5B0008948B0020615301086C2A002049
:10AD5800A15B0008A88B0020A55B0008F48B0020ED
:10AD68008C2B00205CAD0020F88B00200C8C002080
:10AD7800842B0020A08B0020208C0020602D012037
:10AD8800532F01204476022030B41C4C1C491D4D21
:10AD980025601D481D4C0C601D4D1E4905601E4C4C
:10ADA8001E4808601E4D1F4925601F481F4C0C6037
:10ADB8001F4D20490560204C2048214B214A08603E
:10ADC800214D2248126825601B79214C04602149D5
:10ADD80021480A6002F500559B030560A3F5005160
:10ADE8001E4C1F48A3F5804313440A440260012106
:10ADF800236030BC084615F0C1BB00BF54AD00202D
:10AE080034AC002091AD0008288C0020491F0108AF
:10AE180041790108248C002060AD002045790108A3
:10AE2800995B0008308C0020948B00209D5B000803
:10AE3800497901086C2A0020A88B0020A15B000832
:10AE480040AD00205CAD0020A55B0008F48B00201D
:10AE58008C2B0020F88B00200C8C0020842B0020E9
:10AE6800A08B002030B41C4C1C491D4D25601D488A
:10AE78001D4C0C601D4D1E4905601E4C1E48086087
:10AE88001E4D1F4925601F481F4C0C601F4D20494F
:10AE98000560204C2048214B214A0860214D22485A
:10AEA800126825601B79214C0460214921480A60F9
:10AEB80002F500559B030560A3F500511E4C1F4881
:10AEC800A3F5804313440A4402600121236030BC87
:10AED800084615F053BB00BF54AD002034AC002029
:10AEE8006DAE0008288C0020BD7301084179010867
:10AEF800248C002060AD002045790108995B00088A
:10AF0800308C0020948B00209D5B00084979010853
:10AF18006C2A0020A88B0020A15B000840AD00200F
:10AF28005CAD0020A55B0008F48B00208C2B002072
:10AF3800F88B00200C8C0020842B0020A08B002094
:10AF480070B52449244C0B79487924492160244957
:10AF5800244C0C602449254C0C602549254C0C6078
:10AF68002549264C0C602649264C0C602649274C5E
:10AF78000C602749274C0C602749284C0C6028494D
:10AF8800284C294A0C60294912680A609B03A3F5DA
:10AF98008041274D274E284CA3F5005311441344F4
:10AFA80002F5005231602A60236060B1234A244BC5
:10AFB800126803F1200143F8042F8B4202F58062E6
:10AFC800F9D1FAF72BFC0121BDE87040084615F0CD
:10AFD800D5BA00BF40AD002054AD002049AF0008ED
:10AFE80034AC0020A96B0008288C002041790108A6
:10AFF800248C00204579010860AD0020995B000889
:10B00800308C00209D5B0008948B00204979010852
:10B018006C2A0020A15B0008A88B0020A55B000813
:10B02800F48B00208C2B00205CAD0020F88B0020D6
:10B038000C8C0020842B0020A08B0020208C00206A
:10B04800602D012030B41E4C1E491F4D25601F483D
:10B058001F4C0C601F4D20490560204C204808609B
:10B06800204D214925602148214C0C60214D224961
:10B078000560224C2248234B234A0860234D24486C
:10B08800126825601B79234C04602349234C0A600D
:10B0980002F500559B03256021492248A3F5005479
:10B0A800A3F58043134422440A601F4C1F4A0360DF
:10B0B800002301212370136030BC084615F05EBAE6
:10B0C80054AD002034AC00204DB00008288C00207E
:10B0D8001D5D000841790108248C002060AD002026
:10B0E80045790108995B0008308C0020948B00207A
:10B0F8009D5B00088D5301086C2A0020A88B002056
:10B10800A15B000840AD00205CAD0020A55B0008F5
:10B11800F48B00208C2B0020F88B00200C8C002056
:10B12800A08B0020842B00208ED50120AC2E01207E
:10B1380070B52649264C0B7948792649216026495D
:10B14800264C0C602649274C0C602749274C0C607C
:10B158002749284C0C602849284C0C602849294C60
:10B168000C602949294C0C6029492A4C0C602A4951
:10B178002A4C2B4A0C602B4912680A609B03A3F5E2
:10B188008041294D294E2A4CA3F5005311441344FC
:10B1980002F5005231602A60236060B1254A264BCF
:10B1A800126803F1200143F8042F8B4202F58062F4
:10B1B800F9D1FAF733FB214B4FF4807201211A8041
:10B1C800BDE87040084615F0D9B900BF40AD002071
:10B1D80054AD002039B1000834AC00200520010826
:10B1E800288C002041790108248C00204579010829
:10B1F80060AD0020995B0008308C00209D5B000842
:10B20800948B0020497901086C2A0020A15B000872
:10B21800A88B0020A55B0008F48B00208C2B002055
:10B228005CAD0020F88B00200C8C0020842B0020C3
:10B23800A08B0020208C0020602D0120D02D012023
:10B2480070B52449244C0B79487924492160244954
:10B25800244C0C602449254C0C602549254C0C6075
:10B268002549264C0C602649264C0C602649274C5B
:10B278000C602749274C0C602749284C0C6028494A
:10B28800284C294A0C60294912680A609B03A3F5D7
:10B298008041274D274E284CA3F5005311441344F1
:10B2A80002F5005231602A60236060B1234A244BC2
:10B2B800126803F1200143F8042F8B4202F58062E3
:10B2C800F9D1FAF7ABFA0121BDE87040084615F04C
:10B2D80055B900BF40AD002054AD002049B2000868
:10B2E80034AC0020915A0108288C002041790108CB
:10B2F800248C00204579010860AD0020995B000886
:10B30800308C00209D5B0008948B0020497901084F
:10B318006C2A0020A15B0008A88B0020A55B000810
:10B32800F48B00208C2B00205CAD0020F88B0020D3
:10B338000C8C0020842B0020A08B0020208C002067
:10B34800602D01201A481B4A1B4B30B41B4D056069
:10B358001B4C1C4810601C4D1C4A25601C481D4C89
:10B3680014601D4D1D4A05601D4C1E4810601E4D81
:10B378001E4A25601E481F4C14601F4D1F4A056059
:10B388001B681F4810601F481F4A204C03F50055D2
:10B39800056003F5804010601D481E4A23600121A6
:10B3A80003F5C0430360117030BC084615F0E6B8D9
:10B3B80054AD002034AC00205CAD00204DB3000833
:10B3C800288C0020616C000841790108248C002039
:10B3D80060AD002045790108995B0008308C002099
:10B3E800948B00209D5B0008497901086C2A002095
:10B3F800A88B0020A15B0008A55B0008F48B002047
:10B408008C2B00200C8C0020842B0020F88B002033
:10B41800A08B00209C8B002070B52449244C0B790C
:10B428004879244921602449244C0C602449254C3E
:10B438000C602549254C0C602549264C0C60264992
:10B44800264C0C602649274C0C602749274C0C6079
:10B458002749284C0C602849284C294A0C6029495E
:10B4680012680A609B03A3F58041274D274E284C9C
:10B47800A3F500531144134402F5005231602A60C9
:10B48800236060B1234A244B126803F1200143F87A
:10B49800042F8B4202F58062F9D1FAF7BFF9012136
:10B4A800BDE87040084615F069B800BF40AD0020FF
:10B4B80054AD002021B4000834AC0020A1210108BB
:10B4C800288C002041790108248C00204579010846
:10B4D80060AD0020995B0008308C00209D5B00085F
:10B4E800948B0020497901086C2A0020A15B000890
:10B4F800A88B0020A55B0008F48B00208C2B002073
:10B508005CAD0020F88B00200C8C0020842B0020E0
:10B51800A08B0020208C0020602D01202248234988
:10B52800234A38B5234D0560234C24480860244D30
:10B53800244925602448254C0C60254D2549056083
:10B54800254C26480860264D264925602648274C64
:10B55800274B0C60274D28491B6805602748086061
:10B5680027482849284C5279236003F5005505607F
:10B5780003F580400860254903F5C0430B6062B1BC
:10B58800234A244B126803F1200143F8042F8B420D
:10B5980002F58062F9D1FAF741F90121BDE8384096
:10B5A800084614F0EBBF00BF54AD002034AC0020B7
:10B5B80040AD002025B50008288C0020955B0008C8
:10B5C80041790108248C002060AD0020F56C00084A
:10B5D800995B0008308C0020948B00209D5B00084C
:10B5E800497901086C2A0020A88B0020A15B00087B
:10B5F8005CAD0020A55B0008F48B00208C2B00209C
:10B608000C8C0020842B0020F88B0020A08B0020BD
:10B61800208C0020602D012070B52449244C0B7922
:10B628004879244921602449244C0C602449254C3C
:10B638000C602549254C0C602549264C0C60264990
:10B64800264C0C602649274C0C602749274C0C6077
:10B658002749284C0C602849284C294A0C6029495C
:10B6680012680A609B03A3F58041274D274E284C9A
:10B67800A3F500531144134402F5005231602A60C7
:10B68800236060B1234A244B126803F1200143F878
:10B69800042F8B4202F58062F9D1FAF7BFF8012135
:10B6A800BDE87040084614F069BF00BF40AD0020F7
:10B6B80054AD002021B6000834AC0020955B00088A
:10B6C800288C00206D220108248C0020457901086F
:10B6D80060AD0020995B0008308C00209D5B00085D
:10B6E800948B0020497901086C2A0020A15B00088E
:10B6F800A88B0020A55B0008F48B00208C2B002071
:10B708005CAD0020F88B00200C8C0020842B0020DE
:10B71800A08B0020208C0020602D01203D493E4850
:10B728002DE9F84F4FF0000CDFF83CB1DFF83CA1F1
:10B7380081F802C0A1F800C0DFF834C1DFF8349105
:10B74800CBF800C0DFF830C1DFF83081CAF800C09C
:10B75800DFF82CC1DFF82CE1C9F800C0DFF828C1F8
:10B768002E4FC8F800C0DFF824C12D4ECEF800C017
:10B77800DFF81CC12B4DC7F800C02B4F2B4C37608E
:10B788002B4E2E602B4D25602B4B2C4D02792C4CCB
:10B798002C601B6855001F2D03F5005429DD294A2C
:10B7A8001360294A1460294A03F570341460284C40
:10B7B80003F57833302223604A70437963B1254A10
:10B7C800254B126803F1200143F8042F8B4202F540
:10B7D8008062F9D1FAF722F82048214C214A002347
:10B7E8000370012123601360BDE8F84F084614F088
:10B7F800C5BE14490B60144992030C60A2F5804140
:10B80800A2F500521944114C1344114A21601360E7
:10B81800D3E700BF30D6012040AD0020308C002097
:10B82800948B00206C2A0020C9530108A88B0020A3
:10B83800A15B0008A55B00085CAD0020F48B00202C
:10B848008C2B0020F88B00200C8C0020842B0020EF
:10B85800A08B0020208C0020602D01200CB5012039
:10B86800B4D5012010B5012054AD002034AC00201F
:10B8780025B70008288C0020BD260108248C00204C
:10B888004179010860AD00209D5E0008855E0008D2
:10B898009D5B000822482349234A38B5234D05609B
:10B8A800234C24480860244D244925602448254C0D
:10B8B8000C60254D25490560254C26480860264D15
:10B8C800264925602648274C274B0C60274D2849D8
:10B8D8001B6805602748086027482849284C527982
:10B8E800236003F50055056003F58040086025498D
:10B8F80003F5C0430B6062B1234A244B126803F17D
:10B90800200143F8042F8B4202F58062F9D1F9F740
:10B9180085FF0121BDE83840084614F02FBE00BF5E
:10B9280054AD002034AC002040AD00209DB8000884
:10B93800288C0020955B0008C55B0108248C00203A
:10B9480060AD002045790108995B0008308C002023
:10B95800948B00209D5B0008497901086C2A00201F
:10B96800A88B0020A15B00085CAD0020A55B000847
:10B97800F48B00208C2B00200C8C0020842B0020C2
:10B98800F88B0020A08B0020208C0020602D012047
:10B9980022482349234A38B5234D0560234C2448BF
:10B9A8000860244D244925602448254C0C60254D09
:10B9B80025490560254C26480860264D26492560FE
:10B9C8002648274C274B0C60274D28491B680560E3
:10B9D8002748086027482849284C5279236003F5EE
:10B9E8000055056003F580400860254903F5C0430C
:10B9F8000B6062B1234A244B126803F1200143F81B
:10BA0800042F8B4202F58062F9D1F9F707FF012173
:10BA1800BDE83840084614F0B1BD00BF54AD002061
:10BA280034AC002040AD002099B90008288C0020D3
:10BA3800955B0008995C0108248C002060AD00200B
:10BA480045790108995B0008308C0020948B002010
:10BA58009D5B0008497901086C2A0020A88B00200A
:10BA6800A15B00085CAD0020A55B0008F48B0020FA
:10BA78008C2B00200C8C0020842B0020F88B0020BD
:10BA8800A08B0020208C0020602D012070B5244957
:10BA9800244C0B794879244921602449244C0C60B2
:10BAA8002449254C0C602549254C0C602549264C19
:10BAB8000C602649264C0C602649274C0C60274907
:10BAC800274C0C602749284C0C602849284C294AE7
:10BAD8000C60294912680A609B03A3F58041274D31
:10BAE800274E284CA3F500531144134402F5005285
:10BAF80031602A60236060B1234A244B126803F145
:10BB0800200143F8042F8B4202F58062F9D1F9F73E
:10BB180085FE0121BDE87040084614F02FBD00BF26
:10BB280040AD002054AD002095BA000834AC002088
:10BB380039740108288C002041790108248C0020E0
:10BB48004579010860AD0020995B0008308C002021
:10BB58009D5B0008948B0020497901086C2A00201D
:10BB6800A15B0008A88B0020A55B0008F48B0020CF
:10BB78008C2B00205CAD0020F88B00200C8C002062
:10BB8800842B0020A08B0020208C0020602D012019
:10BB980070B52449244C0B794879244921602449FB
:10BBA800244C0C602449254C0C602549254C0C601C
:10BBB8002549264C0C602649264C0C602649274C02
:10BBC8000C602749274C0C602749284C0C602849F1
:10BBD800284C294A0C60294912680A609B03A3F57E
:10BBE8008041274D274E284CA3F500531144134498
:10BBF80002F5005231602A60236060B1234A244B69
:10BC0800126803F1200143F8042F8B4202F5806289
:10BC1800F9D1F9F703FE0121BDE87040084614F098
:10BC2800ADBC00BF40AD002054AD002099BB00085A
:10BC380034AC0020D5750108288C00204179010812
:10BC4800248C00204579010860AD0020995B00082C
:10BC5800308C00209D5B0008948B002049790108F6
:10BC68006C2A0020A15B0008A88B0020A55B0008B7
:10BC7800F48B00208C2B00205CAD0020F88B00207A
:10BC88000C8C0020842B0020A08B0020208C00200E
:10BC9800602D01202DE9F84F3E4C3F4A2379126868
:10BCA800DFF860B1DFF860A1DFF860E1DFF860C1BC
:10BCB8003A4F3B4EDFF85C913A4DDFF85C819903CF
:10BCC800A1F500401044CBF80000A1F5C040104495
:10BCD800CAF80000A1F58040A1F5005110440A44BB
:10BCE8003149CEF800103149CCF80010304939609C
:10BCF8003049C9F8000031602F483049296030497F
:10BD080001603048304901603048314901603148AC
:10BD180031490160C8F80020304862793049016033
:10BD28006AB1304A304B126803F1200143F8042FFE
:10BD3800994202F58062F9D1F9F770FD23792B4811
:10BD4800DFF8D880DFF8D8E0294F2A4EDFF8D4C0D2
:10BD5800294D2A4C00220260426088F800208EF8A3
:10BD680000208CF800203A603260254A2A605B0087
:10BD7800DBB202F104326A601A1F2270DA1E6270A6
:10BD88009A1E013B0121A270E370BDE8F84F0846F6
:10BD980014F0F4BB40AD00205CAD0020288C0020DE
:10BDA800248C002060AD00209DBC000891A30108F0
:10BDB80041790108B15E0008308C0020F553010874
:10BDC8009D5B0008948B0020195401086C2A002000
:10BDD800A15B0008A88B0020A55B0008F48B00205D
:10BDE8008C2B0020208C0020602D012070D5012094
:10BDF8008C2E0120682E0120B8B4012064B00120E7
:10BE080000010203F88B00200C8C002054AD0020A8
:10BE180034AC0020842B0020A08B00208CAF0120A4
:10BE2800ABB00120F82E012070B52449244C0B79C1
:10BE38004879244921602449244C0C602449254C24
:10BE48000C602549254C0C602549264C0C60264978
:10BE5800264C0C602649274C0C602749274C0C605F
:10BE68002749284C0C602849284C294A0C60294944
:10BE780012680A609B03A3F58041274D274E284C82
:10BE8800A3F500531144134402F5005231602A60AF
:10BE9800236060B1234A244B126803F1200143F860
:10BEA800042F8B4202F58062F9D1F9F7B7FC012122
:10BEB800BDE87040084614F061BB00BF40AD0020EB
:10BEC80054AD002031BE000834AC0020196F0008C2
:10BED800288C002041790108248C0020457901082C
:10BEE80060AD0020995B0008308C00209D5B000845
:10BEF800948B0020497901086C2A0020A15B000876
:10BF0800A88B0020A55B0008F48B00208C2B002058
:10BF18005CAD0020F88B00200C8C0020842B0020C6
:10BF2800A08B0020208C0020602D012070B52449B2
:10BF3800244C0B794879244921602449244C0C600D
:10BF48002449254C0C602549254C0C602549264C74
:10BF58000C602649264C0C602649274C0C60274962
:10BF6800274C0C602749284C0C602849284C294A42
:10BF78000C60294912680A609B03A3F58041274D8C
:10BF8800274E284CA3F500531144134402F50052E0
:10BF980031602A60236060B1234A244B126803F1A0
:10BFA800200143F8042F8B4202F58062F9D1F9F79A
:10BFB80035FC0121BDE87040084614F0DFBA00BF27
:10BFC80040AD002054AD002035BF000834AC00203F
:10BFD800955B0008288C002065540108248C0020FB
:10BFE8004579010860AD0020995B0008308C00207D
:10BFF8009D5B0008948B0020497901086C2A002079
:10C00800A15B0008A88B0020A55B0008F48B00202A
:10C018008C2B00205CAD0020F88B00200C8C0020BD
:10C02800842B0020A08B0020208C0020602D012074
:10C0380030B41C4C1C491D4D25601D481D4C0C601E
:10C048001D4D1E4905601E4C1E4808601E4D1F49A7
:10C0580025601F481F4C0C601F4D20490560204C6F
:10C068002048214B214A0860214D2248126825604A
:10C078001B79214C0460214921480A6002F50055CA
:10C088009B030560A3F500511E4C1F48A3F5804390
:10C0980013440A4402600121236030BC084614F0AE
:10C0A8006DBA00BF54AD002034AC002039C0000880
:10C0B800288C0020AD54010841790108248C002007
:10C0C80060AD002045790108995B0008308C00209C
:10C0D800948B00209D5B0008497901086C2A002098
:10C0E800A88B0020A15B000840AD00205CAD0020BB
:10C0F800A55B0008F48B00208C2B0020F88B002017
:10C108000C8C0020842B0020A08B002010B5244923
:10C11800244C0B794879244921602449244C0C602B
:10C128002449254C0C602549254C0C602549264C92
:10C138000C602649264C0C602649274C0C60274980
:10C14800274C0C602749284C284A0C60284912685B
:10C15800284C0C609B03284CA3F5804111442160B6
:10C16800A3F500532549264C13440B60254B226048
:10C1780002F50051196060B1234A244B126803F19B
:10C18800200143F8042F8B4202F58062F9D1F9F7B8
:10C1980045FB0121BDE81040084614F0EFB900BF87
:10C1A80040AD002054AD002015C1000834AC00207B
:10C1B80001770108288C002041790108248C00208F
:10C1C8004579010860AD0020995B0008308C00209B
:10C1D8009D5B0008948B0020497901086C2A002097
:10C1E800A15B0008A88B0020A55B00085CAD0020BF
:10C1F800F48B00208C2B0020F88B00200C8C002066
:10C20800842B0020A08B0020208C0020602D012092
:10C218002A482B492B4B2C4A70B52C4C04602C4DCA
:10C228002C4C0D602C482D492D4D196025602D4949
:10C238002D4C04602D4B2E482E4D08602E49196058
:10C248002E4C11792E4E2F482F4B2E602F4D2560E6
:10C2580001292F4C1B68046025D903F5005503F507
:10C26800804403F5C0412B48527903602A4B2B4880
:10C278001D602B4B0460196062B12A4A2A4B126870
:10C2880003F1200143F8042F994202F58062F9D1A5
:10C29800F9F7C4FA254B002201211A70BDE8704055
:10C2A800084614F06BB921B103F500510D461C4640
:10C2B800D9E71D461C461946D5E700BF54AD0020F6
:10C2C80034AC0020288C002040AD002019C20008A2
:10C2D800955B0008248C002060AD0020417901089E
:10C2E8000D700008308C0020D55E0008948B00206B
:10C2F8009D5B00086C2A002049790108A88B002062
:10C30800A15B0008F48B00205CAD0020A55B000851
:10C318008C2B0020F88B00200C8C0020842B002014
:10C32800A08B0020208C0020602D0120762E01207B
:10C3380038B5214A214D224C5179224A22482A6097
:10C34800224D2560224C0260224D234A2560234855
:10C35800234C1460234D244A0560244C2448106063
:10C36800244D254A254B2560254C1B68146025481B
:10C37800254A264C264D0560136003F500552548CF
:10C38800254A256003F5804403F5C0430460136023
:10C3980061B1224A224B126803F1200143F8042FAD
:10C3A8008B4202F58062F9D1F9F738FA0121BDE82C
:10C3B8003840084614F0E2B840AD002034AC002004
:10C3C80054AD002085710008288C002039C300086E
:10C3D800248C00204579010860AD0020308C0020B5
:10C3E800995B00089D5B0008948B00206C2A002054
:10C3F80049790108A15B0008A88B00205CAD0020EA
:10C40800A55B0008F48B0020F88B00200C8C002022
:10C418008C2B0020842B0020A08B0020208C002057
:10C42800602D0120204A21492148224B30B4224C5A
:10C438001160224D22492560224A234C234D046075
:10C448000D60234C2349116023482449244D25605D
:10C45800244A254C254D04600D601B68244C254951
:10C468001160254D254925602548264A036003F5B6
:10C4780000550D6003F580411160234C2348244981
:10C48800244D0560002203F5C04323600A7022484A
:10C498002249234C234B02700A60227001211A7032
:10C4A80030BC084614F06AB854AD00202DC400080A
:10C4B800288C00205CAD002034AC0020B12C010891
:10C4C800248C002060AD00204179010845790108DD
:10C4D800308C0020995B0008948B00206C2A002087
:10C4E8009D5B0008A88B002045550108A15B00084A
:10C4F800F48B0020A55B00088C2B00200C8C0020FE
:10C50800F88B0020842B0020A08B0020E8AF0120AE
:10C51800C8B401200C00001098AF01205476022006
:10C5280084AF0120FBAF012070B52449244C0B795E
:10C538004879244921602449244C0C602449254C1D
:10C548000C602549254C0C602549264C0C60264971
:10C55800264C0C602649274C0C602749274C0C6058
:10C568002749284C0C602849284C294A0C6029493D
:10C5780012680A609B03A3F58041274D274E284C7B
:10C58800A3F500531144134402F5005231602A60A8
:10C59800236060B1234A244B126803F1200143F859
:10C5A800042F8B4202F58062F9D1F9F737F901219E
:10C5B800BDE87040084613F0E1BF00BF40AD002061
:10C5C80054AD002031C5000834AC0020F5710008D6
:10C5D800288C002041790108248C00204579010825
:10C5E80060AD0020995B0008308C00209D5B00083E
:10C5F800948B0020497901086C2A0020A15B00086F
:10C60800A88B0020A55B0008F48B00208C2B002051
:10C618005CAD0020F88B00200C8C0020842B0020BF
:10C62800A08B0020208C0020602D01202DE9F04FE8
:10C638002F4A304B15791C68DFF800B1DFF800A1EC
:10C64800CBF800406D000C200D21B0FBF5F0B1FBDC
:10C65800F5F105FB00F005FB01F10E220F23B2FBFB
:10C66800F5F2B3FBF5F305FB02F205FB03F3C0F1AA
:10C678000C00C1F10D01C2F10E02C3F10F0304EB6E
:10C68800403004EB413104EB423204EB43331A4CA3
:10C69800DFF8B09020601948DFF8AC8001601849D5
:10C6A800DFF8A8E00A60174ADFF8A4C01360164B49
:10C6B800CAF80030154BC9F80030154BC8F80030DF
:10C6C800144B154F154DCEF80030154B154E164A24
:10C6D800CCF80030154B3B602A60154B154A336087
:10C6E800154B13600121BDE8F04F084613F046BF13
:10C6F80040AD00205CAD0020F88B00200C8C0020A1
:10C70800842B0020A08B002035C60008E95E0008B5
:10C718004179010845790108308C00206C2A0020F5
:10C72800995B0008948B0020A15B00089D5B0008C2
:10C7380049790108A88B0020A55B0008F48B00202C
:10C7480054AD002034AC0020288C0020248C00201C
:10C7580060AD002024482549254A38B5254D056097
:10C76800254C26480860264D264925602648274C32
:10C778000C60274D27490560274C28480860284D3C
:10C78800284925602848294C294B0C60294D2A49FD
:10C798001B6805602948086029482A492A4C5279AB
:10C7A800236003F50055056003F5804008602749BC
:10C7B80003F5C0430B6062B1254A264B126803F1AA
:10C7C800200143F8042F8B4202F58062F9D1F9F772
:10C7D80025F8214C214A0023012123701370BDE85C
:10C7E8003840084613F0CABE54AD002034AC0020CF
:10C7F80040AD00205DC70008288C0020955B00082C
:10C8080041790108248C002060AD0020115D0108E9
:10C81800995B0008308C0020948B00209D5B0008F9
:10C82800497901086C2A0020A88B0020A15B000828
:10C838005CAD0020A55B0008F48B00208C2B002049
:10C848000C8C0020842B0020F88B0020A08B00206B
:10C85800208C0020602D0120542E0120002F012063
:10C8680022482349234A38B5234D0560234C2448E0
:10C878000860244D244925602448254C0C60254D2A
:10C8880025490560254C26480860264D264925601F
:10C898002648274C274B0C60274D28491B68056004
:10C8A8002748086027482849284C5279236003F50F
:10C8B8000055056003F580400860254903F5C0432D
:10C8C8000B6062B1234A244B126803F1200143F83C
:10C8D800042F8B4202F58062F9D1F8F79FFF0121FE
:10C8E800BDE83840084613F049BE00BF54AD0020EB
:10C8F80034AC002040AD002069C80008288C002016
:10C90800B560010841790108248C002060AD002041
:10C918008D600108995B0008308C0020948B002002
:10C928009D5B0008497901086C2A0020A88B00202B
:10C93800A15B00085CAD0020A55B0008F48B00201B
:10C948008C2B00200C8C0020842B0020F88B0020DE
:10C95800A08B0020208C0020602D012070B5274975
:10C96800274C0B794879274921602749274C0C60C7
:10C978002749284C0C602849284C0C602849294C28
:10C988000C602949294C0C6029492A4C0C602A4919
:10C998002A4C0C602A492B4C0C602B492B4C2C4AF6
:10C9A8000C602C4912680A609B03A3F580412A4D4C
:10C9B8002A4E2B4CA3F500531144134402F50052A0
:10C9C80031602A60236060B1264A274B126803F160
:10C9D800200143F8042F8B4202F58062F9D1F8F761
:10C9E8001DFF224C2248234A012100230370237093
:10C9F8001170BDE87040084613F0C0BD40AD00207E
:10CA080054AD002065C9000834AC0020217300082B
:10CA1800288C002041790108248C002045790108E0
:10CA280060AD0020995B0008308C00209D5B0008F9
:10CA3800948B0020A55601086C2A0020A15B0008F1
:10CA4800A88B0020A55B0008F48B00208C2B00200D
:10CA58005CAD0020F88B00200C8C0020842B00207B
:10CA6800A08B0020208C0020602D0120B02D0120FB
:10CA7800B4B4012019D6012019481A491A4A1B4B87
:10CA880030B41B4C04601B4D1B4C0D601B481C49EB
:10CA98001C4D116025601C491C4C04601C4A1D4C2F
:10CAA8001D4D0D601D481E491E4D11601B682560F7
:10CAB8001D491E4A1E4C04601E4D1F4C13600D601C
:10CAC8001E481F4A03F50055256003F5804403F509
:10CAD800C04304600121136030BC084613F04EBD0A
:10CAE80054AD002034AC0020288C00205CAD002020
:10CAF80081CA0008955B0008248C002060AD0020E6
:10CB0800C960010845790108308C0020995B00084C
:10CB1800948B00206C2A00209D5B0008A88B0020C5
:10CB280049790108A15B0008F48B0020F88B0020EC
:10CB3800A55B00088C2B00200C8C0020842B002087
:10CB4800A08B002022482349234A38B5234D05608D
:10CB5800234C24480860244D244925602448254C4A
:10CB68000C60254D25490560254C26480860264D52
:10CB7800264925602648274C274B0C60274D284915
:10CB88001B6805602748086027482849284C5279BF
:10CB9800236003F50055056003F5804008602549CA
:10CBA80003F5C0430B6062B1234A244B126803F1BA
:10CBB800200143F8042F8B4202F58062F9D1F8F77F
:10CBC8002DFE0121BDE83840084613F0D7BC00BF50
:10CBD80054AD002034AC002040AD00204DCB0008FF
:10CBE800288C0020955B000841790108248C0020DE
:10CBF80060AD002055610108995B0008308C002069
:10CC0800948B00209D5B0008497901086C2A00205C
:10CC1800A88B0020A15B00085CAD0020A55B000884
:10CC2800F48B00208C2B00200C8C0020842B0020FF
:10CC3800F88B0020A08B0020208C0020602D012084
:10CC480022482349234A38B5234D0560234C2448FC
:10CC58000860244D244925602448254C0C60254D46
:10CC680025490560254C26480860264D264925603B
:10CC78002648274C274B0C60274D28491B68056020
:10CC88002748086027482849284C5279236003F52B
:10CC98000055056003F580400860254903F5C04349
:10CCA8000B6062B1234A244B126803F1200143F858
:10CCB800042F8B4202F58062F9D1F8F7AFFD01210C
:10CCC800BDE83840084613F059BC00BF54AD0020F9
:10CCD80034AC002040AD002049CC0008288C00204E
:10CCE800955B000841790108248C002060AD002084
:10CCF800812E0108995B0008308C0020948B00205D
:10CD08009D5B0008497901086C2A0020A88B002047
:10CD1800A15B00085CAD0020A55B0008F48B002037
:10CD28008C2B00200C8C0020842B0020F88B0020FA
:10CD3800A08B0020208C0020602D01202248234950
:10CD4800234A38B5234D0560234C24480860244DF8
:10CD5800244925602448254C0C60254D254905604B
:10CD6800254C26480860264D264925602648274C2C
:10CD7800274B0C60274D28491B6805602748086029
:10CD880027482849284C5279236003F50055056047
:10CD980003F580400860254903F5C0430B6062B184
:10CDA800234A244B126803F1200143F8042F8B42D5
:10CDB80002F58062F9D1F8F731FD0121BDE838406C
:10CDC800084613F0DBBB00BF54AD002034AC002094
:10CDD80040AD002089830008288C0020955B00085E
:10CDE8006D760008248C002060AD002021750008B5
:10CDF800995B0008308C0020948B00209D5B000814
:10CE0800497901086C2A0020A88B0020A15B000842
:10CE18005CAD0020A55B0008F48B00208C2B002063
:10CE28000C8C0020842B0020F88B0020A08B002085
:10CE3800208C0020602D012070B52449244C0B79EA
:10CE48004879244921602449244C0C602449254C04
:10CE58000C602549254C0C602549264C0C60264958
:10CE6800264C0C602649274C0C602749274C0C603F
:10CE78002749284C0C602849284C294A0C60294924
:10CE880012680A609B03A3F58041274D274E284C62
:10CE9800A3F500531144134402F5005231602A608F
:10CEA800236060B1234A244B126803F1200143F840
:10CEB800042F8B4202F58062F9D1F8F7AFFC01210B
:10CEC800BDE87040084613F059BB00BF40AD0020D4
:10CED80054AD002041CE000834AC00207176000823
:10CEE800288C002041790108248C0020457901080C
:10CEF80060AD0020995B0008308C00209D5B000825
:10CF0800948B0020497901086C2A0020A15B000855
:10CF1800A88B0020A55B0008F48B00208C2B002038
:10CF28005CAD0020F88B00200C8C0020842B0020A6
:10CF3800A08B0020208C0020602D012030B4204CD4
:10CF48002049214D25602148214C0C60214D224962
:10CF58000560224C22480860224D23492560234859
:10CF6800234C0C60234D24490560244C2448254B50
:10CF7800254A0860254D2648126825601B79254CEE
:10CF880004602549254C0A6002F500559B0325607D
:10CF980023482449244DA3F50054A3F580431344A2
:10CFA800224403600A602148214C224A002303706E
:10CFB80001212B702370137030BC084613F0DEBAC1
:10CFC80054AD002034AC002045CF0008288C002048
:10CFD800B577000841790108248C002060AD002055
:10CFE80045790108995B0008308C0020948B00205B
:10CFF8009D5B0008157A00086C2A0020A88B002089
:10D00800A15B000840AD00205CAD0020A55B0008D6
:10D01800F48B00208C2B0020F88B00200C8C002037
:10D02800842B0020A08B002003B00120B12D01200B
:10D03800CA2E0120032F012022482349234A38B54C
:10D04800234D0560234C24480860244D244925605D
:10D058002448254C0C60254D25490560254C26485B
:10D068000860264D264925602648274C274B0C602A
:10D07800274D28491B680560274808602748284924
:10D08800284C5279236003F50055056003F580406C
:10D098000860254903F5C0430B6062B1234A244B5D
:10D0A800126803F1200143F8042F8B4202F58062D5
:10D0B800F9D1F8F7B3FB0121BDE83840084613F071
:10D0C8005DBA00BF54AD002034AC002040AD002054
:10D0D80041D00008288C0020115F00084179010820
:10D0E800248C002060AD002045790108995B000878
:10D0F800308C0020948B00209D5B00084979010842
:10D108006C2A0020A88B0020A15B00085CAD0020E1
:10D11800A55B0008F48B00208C2B00200C8C0020D1
:10D12800842B0020F88B0020A08B0020208C00206E
:10D13800602D012022482349234A38B5234D056034
:10D14800234C24480860244D244925602448254C54
:10D158000C60254D25490560254C26480860264D5C
:10D16800264925602648274C274B0C60274D28491F
:10D178001B6805602748086027482849284C5279C9
:10D18800236003F50055056003F5804008602549D4
:10D1980003F5C0430B6062B1234A244B126803F1C4
:10D1A800200143F8042F8B4202F58062F9D1F8F789
:10D1B80035FB0121BDE83840084613F0DFB900BF50
:10D1C80054AD002034AC002040AD00203DD1000813
:10D1D800288C0020955B000841790108248C0020E8
:10D1E80060AD002091620108995B0008308C002036
:10D1F800948B00209D5B0008497901086C2A002067
:10D20800A88B0020A15B00085CAD0020A55B00088E
:10D21800F48B00208C2B00200C8C0020842B002009
:10D22800F88B0020A08B0020208C0020602D01208E
:10D2380070B52749274C0B79487927492160274938
:10D24800274C0C602749284C0C602849284C0C6056
:10D258002849294C0C602949294C0C6029492A4C39
:10D268000C602A492A4C0C602A492B4C0C602B492B
:10D278002B4C2C4A0C602C4912680A609B03A3F5BE
:10D2880080412A4D2A4E2B4CA3F5005311441344D8
:10D2980002F5005231602A60236060B1264A274BAC
:10D2A800126803F1200143F8042F8B4202F58062D3
:10D2B800F9D1F8F7B3FA2248224C234A0023037025
:10D2C800012123701370BDE87040084613F056B969
:10D2D80040AD002054AD002039D2000834AC002005
:10D2E80091300108288C002041790108248C002005
:10D2F8004579010860AD0020995B0008308C00205A
:10D308009D5B0008948B00206D5701086C2A002053
:10D31800A15B0008A88B0020A55B0008F48B002007
:10D328008C2B00205CAD0020F88B00200C8C00209A
:10D33800842B0020A08B0020208C0020602D012051
:10D34800F8AF01204976022046D5012070B5294959
:10D35800294C0B794879294921602949294C0C60C5
:10D3680029492A4C0C602A492A4C0C602A492B4C22
:10D378000C602B492B4C0C602B492C4C0C602C4915
:10D388002C4C0C602C492D4C0C602D492D4C2E4AF0
:10D398000C602E4912680A609B03A3F580412C4D4E
:10D3A8002C4E2D4CA3F500531144134402F50052A2
:10D3B80031602A60236060B1284A294B126803F162
:10D3C800200143F8042F994202F58062F9D1F8F759
:10D3D80025FA2448244C254B254D1D600022027057
:10D3E8002260244A5A600121BDE87040084613F0C3
:10D3F800C5B800BF40AD002054AD002055D300088B
:10D4080034AC00204D320108288C002041790108F5
:10D41800248C00204579010860AD0020995B000844
:10D42800308C00209D5B0008948B0020AD570108CC
:10D438006C2A0020A15B0008A88B0020A55B0008CF
:10D44800F48B00208C2B00205CAD0020F88B002092
:10D458000C8C0020842B0020A08B0020208C002026
:10D46800602D01206CAF0120702E01209CAF01209F
:10D4780000010203040506071D4A1E491E4838B567
:10D488001E4C11601E4D1F4925601F4A1F4C204D20
:10D4980004600D601F4C20491160204D2049214B2C
:10D4A8002560214A214D1B680D60214821491160E2
:10D4B800214C2249046003F50055214C0D60214898
:10D4C800214A224D256003F58041214C03601160FB
:10D4D80003F5C043FF211F4823604FF4806217F013
:10D4E800DFFE0121BDE83840084613F047B800BF09
:10D4F80054AD002081D40008288C002034AC0020D2
:10D50800D5630108248C002060AD00204179010812
:10D5180045790108308C0020995B00089D5B000864
:10D528006C2A00205CAD0020A88B0020A15B0008BD
:10D53800948B0020A55B0008497901080C8C002019
:10D54800F48B0020F88B0020842B00208C2B0020EB
:10D55800A08B0020B4B0012020482149214B224A49
:10D5680030B4224D0560224C22480860224D2349E0
:10D5780025602348234C0C60234D24490560244C26
:10D5880024480860244D254925481B792560254CE9
:10D598000C601268244C25490460082B2448086054
:10D5A80002F5005412DD02F5E03102F5F033214DA9
:10D5B8002A60214A1460214A214C1160032202701A
:10D5C8000121236030BC084612F0D8BF9B03A3F5A5
:10D5D8008041A3F5005311441344E8E754AD0020FB
:10D5E80034AC002040AD00205CAD002061D50008BF
:10D5F800288C0020D957010841790108248C002083
:10D6080060AD002045790108995B0008308C002046
:10D61800948B00209D5B0008497901086C2A002042
:10D62800A88B0020A15B0008A55B0008F48B0020F4
:10D638003CB50120F88B00200C8C0020842B0020A6
:10D64800A08B002070B52749274C0B7948792749CA
:10D6580021602749274C0C602749284C0C60284931
:10D66800284C0C602849294C0C602949294C0C602D
:10D6780029492A4C0C602A492A4C0C602A492B4C0F
:10D688000C602B492B4C2C4A0C602C4912680A6000
:10D698009B03A3F580412A4D2A4E2B4CA3F500533A
:10D6A8001144134402F5005231602A60236060B1CE
:10D6B800264A274B126803F1200143F8042F8B42B6
:10D6C80002F58062F9D1F8F7A9F82248224C234ADA
:10D6D80000230370012123701370BDE870400846D1
:10D6E80012F04CBF40AD002054AD00204DD60008CC
:10D6F80034AC002039640108288C002041790108E5
:10D70800248C00206158010860AD0020995B000856
:10D71800308C00209D5B0008948B0020E1580108A4
:10D728006C2A0020A15B0008A88B0020A55B0008DC
:10D73800F48B00208C2B00205CAD0020F88B00209F
:10D748000C8C0020842B0020A08B0020208C002033
:10D75800602D0120BEAF01204DB001201CB001207A
:10D7680010B5264A264C13795079264A2260264A53
:10D77800264C1460264A274C1460274A274C14600C
:10D78800274A284C1460284A284C1460284A294CF7
:10D798001460294A294C1460294A2A4C2A491460E1
:10D7A8002A4A09682A4C14609B03A3F50043294AB6
:10D7B800CC181460284C03F500520A44226003F583
:10D7C8008042264C0A4403F5C0432260244A0B4495
:10D7D800136060B1234A244B126803F1200143F817
:10D7E800042F8B4202F58062F9D1F8F717F801216E
:10D7F800BDE81040084612F0C1BE00BF40AD002091
:10D8080054AD002069D7000834AC0020955B0008AF
:10D81800288C0020297F0008248C002045790108E5
:10D8280060AD0020995B0008308C00209D5B0008EB
:10D83800948B0020497901086C2A0020A15B00081C
:10D84800A88B0020A55B00085CAD0020F48B0020AD
:10D858008C2B0020F88B00200C8C0020842B0020BF
:10D86800A08B0020208C0020602D012070B41E4A5F
:10D878001E4811681E4D1F4A05601F4C1F48106046
:10D888001F4D204A25602048204C1460204D214A15
:10D898000560214C2148224B1060224D224A256008
:10D8A8002248234C1B791460224A234C04609B03B2
:10D8B800224810602248234D234CA3F5C0420A4455
:10D8C800A3F50043CE18026020482E6003F580427D
:10D8D80003F5C0430A440B4403600121226070BC75
:10D8E800084612F04BBE00BF5CAD002054AD0020CE
:10D8F80075D8000834AC0020288C00204D79010828
:10D9080041790108248C002060AD00204579010888
:10D91800995B0008308C0020948B00209D5B0008E8
:10D9280040AD0020497901086C2A0020A88B00200E
:10D93800A15B0008F48B0020A55B00088C2B00205D
:10D948000C8C0020F88B0020842B0020A08B00205A
:10D958002048214A214938B5214D0560214C2248EB
:10D968001060224D224A25602248234C1460234D22
:10D97800234A0560234C24481060244D244A25601E
:10D988002448254C1460254D254A264B0560264819
:10D998001B681060254C2648264D236003F500526D
:10D9A80003604979244B2A601A6061B1234A244BE9
:10D9B800126803F1200143F8042F8B4202F58062BC
:10D9C800F9D1F7F72BFF0121BDE83840084612F0DE
:10D9D800D5BD00BF54AD002034AC002040AD0020C0
:10D9E80059D90008288C00203137010841790108ED
:10D9F800248C002060AD002045790108995B00085F
:10DA0800308C0020948B00209D5B00084979010828
:10DA18006C2A0020A88B0020A15B0008A55B0008E9
:10DA2800F48B00205CAD00208C2B0020F88B0020AC
:10DA3800842B00200C8C0020A08B0020208C002040
:10DA4800602D01202048214A214938B5214D056023
:10DA5800214C22481060224D224A25602248234C3E
:10DA68001460234D234A0560234C24481060244D3C
:10DA7800244A25602448254C1460254D254A264B08
:10DA8800056026481B681060254C2648264D2360F3
:10DA980003F5005203604979244B2A601A6061B18A
:10DAA800234A244B126803F1200143F8042F8B42C8
:10DAB80002F58062F9D1F7F7B1FE0121BDE83840DF
:10DAC800084612F05BBD00BF54AD002034AC002006
:10DAD80040AD00204DDA0008288C0020698000083D
:10DAE80041790108248C002060AD002045790108A7
:10DAF800995B0008308C0020948B00209D5B000807
:10DB0800497901086C2A0020A88B0020A15B000835
:10DB1800A55B0008F48B00205CAD00208C2B002056
:10DB2800F88B0020842B00200C8C0020A08B002078
:10DB3800208C0020602D012023482449244A38B530
:10DB4800244D0560244C25480860254D254925604D
:10DB58002548264C0C60264D26490560264C27484A
:10DB68000860274D2749284B25602848284C0C6019
:10DB78001B682849284D0560284C2948086003F58A
:10DB8800C0352849256003F5D0340C60264827495C
:10DB9800527903F5E03403F5F03304600B6062B1A9
:10DBA800234A244B126803F1200143F8042F8B42C7
:10DBB80002F58062F9D1F7F731FE0121BDE838405E
:10DBC800084612F0DBBC00BF54AD002034AC002086
:10DBD80040AD002041DB0008288C00205DDE0108F4
:10DBE80041790108248C002060AD002059DE01082D
:10DBF800995B0008308C0020948B00209D5B000806
:10DC0800497901086C2A00205CAD0020A88B00200F
:10DC1800A15B0008F48B0020A55B0008F88B0020AE
:10DC28008C2B00200C8C0020842B0020A08B002043
:10DC3800208C0020602D012022482349234A38B532
:10DC4800234D0560234C24480860244D2449256051
:10DC58002448254C0C60254D25490560254C26484F
:10DC68000860264D264925602648274C274B0C601E
:10DC7800274D28491B680560274808602748284918
:10DC8800284C5279236003F50055056003F5804060
:10DC98000860254903F5C0430B6062B1234A244B51
:10DCA800126803F1200143F8042F8B4202F58062C9
:10DCB800F9D1F7F7B3FD0121BDE83840084612F065
:10DCC8005DBC00BF54AD002034AC002040AD002046
:10DCD80041DC0008288C00206139010841790108DD
:10DCE800248C002060AD002045790108995B00086C
:10DCF800308C0020948B00209D5B00084979010836
:10DD08006C2A0020A88B0020A15B00085CAD0020D5
:10DD1800A55B0008F48B00208C2B00200C8C0020C5
:10DD2800842B0020F88B0020A08B0020208C002062
:10DD3800602D01201B491C481C4A1D4B30B41D4C4A
:10DD480008601D4D1D4825601D491E4C1E4D146060
:10DD580005601E4C1E4808601E4A1F481F4D25605E
:10DD68001F49204C204D14601B6805601F4C20483B
:10DD78000860204A2048214D25602149136003F599
:10DD88000055204C0560204A03F58040086003F5E3
:10DD9800C043002010800121236030BC084612F0E7
:10DDA800EDBB00BF54AD00203DDD0008288C0020ED
:10DDB8005CAD002034AC0020E13A0108248C00203E
:10DDC80060AD00204179010845790108308C0020B8
:10DDD800995B0008948B00206C2A00209D5B00084A
:10DDE800A88B002049790108A15B0008F48B00206A
:10DDF800A55B0008F88B00200C8C00208C2B0020E1
:10DE0800842B0020A08B00209CB00120174A1848C2
:10DE18001849194B30B4194C1060194D1948256030
:10DE2800194A1A4C1A4D0C6005601A4C1A481060B1
:10DE38001A4D1B4825601B681A491B4A1B4D056073
:10DE48001B4C1C481C4D0C6010601C4C1C491D4888
:10DE58000B6003F500522A601B4D25601B4C0360C4
:10DE68000121226030BC084612F088BB54AD002066
:10DE780015DE0008288C00205CAD002034AC0020A2
:10DE8800D13B0108248C002060AD002041790108B5
:10DE980045790108308C0020995B00089D5B0008DB
:10DEA8006C2A0020948B0020A88B0020A15B00081E
:10DEB80049790108A55B00080C8C0020F48B002030
:10DEC800F88B0020842B00208C2B0020A08B0020B6
:10DED80022482349234A38B5234D0560234C24485A
:10DEE8000860244D244925602448254C0C60254DA4
:10DEF80025490560254C26480860264D2649256099
:10DF08002648274C274B0C60274D28491B6805607D
:10DF18002748086027482849284C5279236003F588
:10DF28000055056003F580400860254903F5C043A6
:10DF38000B6062B1234A244B126803F1200143F8B5
:10DF4800042F8B4202F58062F9D1F7F767FC0121B3
:10DF5800BDE83840084612F011BB00BF54AD0020A0
:10DF680034AC002040AD0020D9DE0008288C002009
:10DF7800ED3C010841790108248C002060AD0020A7
:10DF880045790108995B0008308C0020948B0020AB
:10DF98009D5B0008497901086C2A0020A88B0020A5
:10DFA800A15B00085CAD0020A55B0008F48B002095
:10DFB8008C2B00200C8C0020842B0020F88B002058
:10DFC800A08B0020208C0020602D012022482349AE
:10DFD800234A38B5234D0560234C24480860244D56
:10DFE800244925602448254C0C60254D25490560A9
:10DFF800254C26480860264D264925602648274C8A
:10E00800274B0C60274D28491B6805602748086086
:10E0180027482849284C5279236003F500550560A4
:10E0280003F580400860254903F5C0430B6062B1E1
:10E03800234A244B126803F1200143F8042F8B4232
:10E0480002F58062F9D1F7F7E9FB0121BDE8384014
:10E05800084612F093BA00BF54AD002034AC00203B
:10E0680040AD0020D5DF0008288C0020853E01083F
:10E0780041790108248C002060AD00204579010811
:10E08800995B0008308C0020948B00209D5B000871
:10E09800497901086C2A0020A88B0020A15B0008A0
:10E0A8005CAD0020A55B0008F48B00208C2B0020C1
:10E0B8000C8C0020842B0020F88B0020A08B0020E3
:10E0C800208C0020602D012030B4264B264C187877
:10E0D8002649274A00280CBF0125002525481D7020
:10E0E8002368254C0860254D254926481060256081
:10E0F8002548264C0C60264A264C274D05602749A2
:10E108002748284D106025602748284C284A0C606D
:10E11800284C29490460116012D12848284A036014
:10E1280003F5005103F5E030116003F5F033254C99
:10E13800254A20600121136030BC084612F01EBA3F
:10E14800224A1E4812791E4903F5003492030460DE
:10E1580003F50834A2F58040A2F5005218440C607B
:10E168001344E4E715B001205CAD002054AD002055
:10E1780034AC0020D1E00008288C00204179010847
:10E18800248C00205D77010860AD002045790108E6
:10E19800308C0020948B0020995B00086C2A0020AA
:10E1A8009D5B000849790108A88B0020A15B000845
:10E1B800F48B0020A55B00088C2B0020F88B002036
:10E1C8000C8C0020842B0020A08B002040AD002068
:10E1D80022482349234A38B5234D0560234C244857
:10E1E8000860244D244925602448254C0C60254DA1
:10E1F80025490560254C26480860264D2649256096
:10E208002648274C274B0C60274D28491B6805607A
:10E218002748086027482849284C5279236003F585
:10E228000055056003F580400860254903F5C043A3
:10E238000B6062B1234A244B126803F1200143F8B2
:10E24800042F8B4202F58062F9D1F7F7E7FA012132
:10E25800BDE83840084612F091B900BF54AD00201F
:10E2680034AC002040AD0020D9E10008288C002003
:10E27800FD3F010841790108248C002060AD002091
:10E2880045790108995B0008308C0020948B0020A8
:10E298009D5B0008497901086C2A0020A88B0020A2
:10E2A800A15B00085CAD0020A55B0008F48B002092
:10E2B8008C2B00200C8C0020842B0020F88B002055
:10E2C800A08B0020208C0020602D012030B41D4C34
:10E2D8001D491E4D25601E481E4C0C601E4D1F49D1
:10E2E80005601F4C1F4808601F4D204925602048C5
:10E2F800204C0C60204D21490560214C2148224BBF
:10E30800224A0860224D234825601268224C1B7956
:10E318000460224C224923480A6002F500559B03F9
:10E328002560A3F50054A3F5804313441E490360F8
:10E3380022441E4C0A600C230121238030BC08466D
:10E3480012F01CB954AD002034AC0020D5E200080E
:10E35800288C0020D95F000841790108248C00200E
:10E3680060AD002045790108995B0008308C0020D9
:10E37800948B00209D5B0008497901086C2A0020D5
:10E38800A88B0020A15B000840AD00205CAD0020F8
:10E39800A55B0008F48B00208C2B00200C8C00203F
:10E3A800F88B0020842B0020A08B0020B0B0012027
:10E3B80019481A491A4A1B4B30B41B4C04601B4DB0
:10E3C8001B4C0D601B481C491C4D116025601C49E5
:10E3D8001C4C04601C4A1D4C1D4D0D601D481E49F7
:10E3E8001E4D11601B6825601D491E4A1E4C0460A5
:10E3F8001E4D1F4C13600D601E481F4A03F5005543
:10E40800256003F5804403F5C043046001211360CF
:10E4180030BC084612F0B2B854AD002034AC00202D
:10E42800288C00205CAD0020B9E300088D4001086D
:10E43800248C002060AD002041790108457901084D
:10E44800308C0020995B0008948B00206C2A0020F7
:10E458009D5B0008A88B002049790108A15B000892
:10E46800F48B0020F88B0020A55B00088C2B002083
:10E478000C8C0020842B0020A08B00201B491C48FA
:10E488001C4A1D4B30B41D4C08601D4D1D482560AD
:10E498001D491E4C1E4D146005601E4C1E48086028
:10E4A8001E4A1F481F4D25601F49204C204D1460EF
:10E4B8001B6805601F4C20480860204A2048214DF1
:10E4C80025602149136003F50055204C0560204A5A
:10E4D80003F58040086003F5C04300201080012147
:10E4E800236030BC084612F049B800BF54AD002084
:10E4F80085E40008288C00205CAD002034AC0020A6
:10E50800DDDF0108248C002060AD0020417901087E
:10E5180045790108308C0020995B0008948B002015
:10E528006C2A00209D5B0008A88B0020497901080F
:10E53800A15B0008F48B0020A55B0008F88B002085
:10E548000C8C00208C2B0020842B0020A08B00201A
:10E55800D0AF012038B51D4C1D4B1E481E4D2560FF
:10E568001E4A1F491F4C204D1C6005601F4C204847
:10E57800204D10600D60204B2048214D2560214A18
:10E588002149224C19600460214B22481060224C1A
:10E5980022481C60FF214FF4005216F081FE204BE8
:10E5A800204C1B6820482149214A236003F5005567
:10E5B800056003F5804003F5C0430860136001213E
:10E5C800BDE83840084611F0D9BF00BF54AD00205F
:10E5D80034AC0020288C00205DE50008248C002045
:10E5E80060AD00205941010841790108948B002051
:10E5F80045790108995B0008308C00206C2A0020BE
:10E6080049790108A88B00209D5B0008A15B0008E0
:10E61800F48B0020A55B00088C2B002040D601203D
:10E628005CAD0020F88B00200C8C0020842B00208F
:10E63800A08B002030B41E4C1E491F4D25601F487A
:10E648001F4C0C601F4D20490560204C2048086075
:10E65800204D214925602148214C0C60214D22493B
:10E668000560224C2248234B234A0860234D244846
:10E67800126825601B79234C04602349234C0A60E7
:10E6880002F500559B03256021492248A3F5005453
:10E69800A3F58043134422440A601F4C1F4A0360B9
:10E6A800002301212370137030BC084611F066BFA7
:10E6B80054AD002034AC00203DE60008288C002032
:10E6C800B942010841790108248C002060AD00207E
:10E6D80045790108995B0008308C0020948B002054
:10E6E8009D5B0008497901086C2A0020A88B00204E
:10E6F800A15B000840AD00205CAD0020A55B0008D0
:10E70800F48B00208C2B0020F88B00200C8C002030
:10E71800A08B0020842B002083AF012069B001204A
:10E7280070B52449244C0B7948792449216024493F
:10E73800244C0C602449254C0C602549254C0C6060
:10E748002549264C0C602649264C0C602649274C46
:10E758000C602749274C0C602749284C0C60284935
:10E76800284C294A0C60294912680A609B03A3F5C2
:10E778008041274D274E284CA3F5005311441344DC
:10E7880002F5005231602A60236060B1234A244BAD
:10E79800126803F1200143F8042F8B4202F58062CE
:10E7A800F9D1F7F73BF80121BDE87040084611F0B0
:10E7B800E5BE00BF40AD002054AD002029E70008A9
:10E7C80034AC0020955B0008288C002041790108B2
:10E7D800248C0020F565010860AD0020995B0008D5
:10E7E800308C00209D5B0008948B0020497901083B
:10E7F8006C2A0020A15B0008A88B0020A55B0008FC
:10E80800F48B00208C2B00205CAD0020F88B0020BE
:10E818000C8C0020842B0020A08B0020208C002052
:10E82800602D012022482349234A38B5234D05602D
:10E83800234C24480860244D244925602448254C4D
:10E848000C60254D25490560254C26480860264D55
:10E85800264925602648274C274B0C60274D284918
:10E868001B6805602748086027482849284C5279C2
:10E87800236003F50055056003F5804008602549CD
:10E8880003F5C0430B6062B1234A244B126803F1BD
:10E89800200143F8042F8B4202F58062F9D1F6F784
:10E8A800BDFF0121BDE83840084611F067BE00BF32
:10E8B80054AD002034AC002040AD00202DE8000805
:10E8C800288C00202959010841790108248C00204E
:10E8D80060AD002045790108995B0008308C002064
:10E8E800948B00209D5B0008497901086C2A002060
:10E8F800A88B0020A15B00085CAD0020A55B000888
:10E90800F48B00208C2B00200C8C0020842B002002
:10E91800F88B0020A08B0020208C0020602D012087
:10E9280019481A491A4A1B4B30B41B4C04601B4D3A
:10E938001B4C0D601B481C491C4D116025601C496F
:10E948001C4C04601C4A1D4C1D4D0D601D481E4981
:10E958001E4D11601B6825601D491E4A1E4C04602F
:10E968001E4D1F4C13600D601E481F4A03F50055CD
:10E97800256003F5804403F5C0430460012113605A
:10E9880030BC084611F0FABD54AD002034AC00206C
:10E99800288C00205CAD002029E90008856000086B
:10E9A800248C002060AD00204179010845790108D8
:10E9B800308C0020995B0008948B00206C2A002082
:10E9C8009D5B0008A88B002049790108A15B00081D
:10E9D800F48B0020F88B0020A55B00088C2B00200E
:10E9E8000C8C0020842B0020A08B00202348244975
:10E9F800244A38B5244D0560244C25480860254D27
:10EA0800254925602548264C0C60264D2649056079
:10EA1800264C27480860274D274925602748284C59
:10EA2800284B0C60284D29491B6805602848086058
:10EA380028482949294C5279236003F50055056077
:10EA480003F580400860264903F5C0430B6062B1B6
:10EA5800244A254B126803F1200143F8042F8B4206
:10EA680002F58062F9D1F6F7D9FE204B0022012188
:10EA78001A60BDE83840084611F080BD54AD00204A
:10EA880034AC002040AD0020F5E90008288C0020B7
:10EA9800955B000841790108248C002060AD0020B6
:10EAA8003D670108995B0008308C0020948B00209A
:10EAB8009D5B0008497901086C2A0020A88B00207A
:10EAC800A15B00085CAD0020A55B0008F48B00206A
:10EAD8008C2B00200C8C0020842B0020F88B00202D
:10EAE800A08B0020208C0020602D0120ECB4012098
:10EAF80019481A491A4A1B4B30B41B4C04601B4D69
:10EB08001B4C0D601B481C491C4D116025601C499D
:10EB18001C4C04601C4A1D4C1D4D0D601D481E49AF
:10EB28001E4D11601B6825601D491E4A1E4C04605D
:10EB38001E4D1F4C13600D601E481F4A03F50055FB
:10EB4800256003F5804403F5C04304600121136088
:10EB580030BC084611F012BD54AD002034AC002082
:10EB6800288C00205CAD0020F9EA0008016100084B
:10EB7800248C002060AD0020417901084579010806
:10EB8800308C0020995B0008948B00206C2A0020B0
:10EB98009D5B0008A88B002049790108A15B00084B
:10EBA800F48B0020F88B0020A55B00088C2B00203C
:10EBB8000C8C0020842B0020A08B00202DE9F04F26
:10EBC800354B36491A680B794979DFF844A134483E
:10EBD800DFF84081DFF840E1DFF840C1314F324EC5
:10EBE800DFF83C91314DDFF83CB1314C83B09B03E9
:10EBF800019130490A60A3F58041A3F500531344FD
:10EC0800CAF8003000230360436088F800302A4BBC
:10EC1800CEF80030294BCCF80030294B3B6011442A
:10EC2800284B336002F50052274BC9F80020274AC9
:10EC38002B60274B1360274A274B1360274A284B22
:10EC48001360284A284B2948CBF800100199136013
:10EC5800274A02600123237061B1264A264B1268B5
:10EC680003F1200143F8042F994202F58062F9D19B
:10EC7800F6F7D4FD21492248224D234C234A00238C
:10EC88000B700121037008462B702370137003B0BA
:10EC9800BDE8F04F11F072BC5CAD002040AD002023
:10ECA8006CB00120288C0020248C002060AD00204E
:10ECB800A7B00120F88B0020C5EB000849440108E3
:10ECC8004179010845790108995B0008308C0020DA
:10ECD8009D5B0008948B0020A96100086C2A002025
:10ECE800A15B0008A88B0020A55B0008F48B00201E
:10ECF8008C2B0020208C0020602D0120902E0120DC
:10ED0800BB2D0120E82E0120F5D5012018D60120C1
:10ED1800A08B0020D22D012054AD002034AC00205F
:10ED28000C8C0020842B002030B41C4C1C491D4D39
:10ED380025601D481D4C0C601D4D1E4905601E4C6C
:10ED48001E4808601E4D1F4925601F481F4C0C6057
:10ED58001F4D20490560204C2048214B214A08605E
:10ED6800214D2248126825601B79214C04602149F5
:10ED780021480A6002F500559B030560A3F5005180
:10ED88001E4C1F48A3F5804313440A440260012126
:10ED9800236030BC084611F0F1BB00BF54AD002021
:10EDA80034AC002031ED0008288C0020955B000869
:10EDB80041690108248C002060AD002045790108D4
:10EDC800995B0008308C0020948B00209D5B000824
:10EDD800497901086C2A0020A88B0020A15B000853
:10EDE80040AD00205CAD0020A55B0008F48B00203E
:10EDF8008C2B0020F88B00200C8C0020842B00200A
:10EE0800A08B00202DE9F04F334B34491A680B7959
:10EE18004979DFF834A13248DFF83081DFF830E192
:10EE2800DFF830C12F4F304E304DDFF82C91304C89
:10EE3800DFF828B183B09B0301912E490A60A3F53E
:10EE48008041A3F500531344CAF80030002303603F
:10EE58004360294BC8F80030284BCEF80030284BC7
:10EE6800CCF80030274B3B60274B33601144274BCD
:10EE78002B6002F50052264BC9F80020254A264887
:10EE88002360264B1360264ACBF8001002600199D4
:10EE9800244A254B136061B1244A254B126803F1BB
:10EEA800200143F8042F994202F58062F9D1F6F760
:10EEB800B5FC20492048214D214C224A00230B70E3
:10EEC8000121037008462B702370137003B0BDE84E
:10EED800F04F11F053BB00BF5CAD002040AD0020E7
:10EEE80020B00120248C002060AD0020308C002050
:10EEF800948B0020F88B00200DEE0008C145010816
:10EF080041790108E9590108995B00089D5B0008EF
:10EF1800796200086C2A0020A88B0020A15B0008F9
:10EF2800A55B0008F48B00208C2B0020208C00208F
:10EF3800602D0120022F012033D601204F2E012001
:10EF4800DC2E0120602F0120A08B002054AD002072
:10EF580034AC0020288C00200C8C0020842B00204E
:10EF68002D492E4B2E482F4A70B52F4D0D602F4C32
:10EF78002F49304D196005602F4B304D30493148CD
:10EF88002560314C10601C60304A314C314B0C60AC
:10EF9800314832491160324C3249334A19600460B1
:10EFA800002302F8013F0133092BFAD12F49304CD5
:10EFB8000B7948792F4A304D1268304E0021217064
:10EFC8002F4C21702F4C21702F4C21602F4C217019
:10EFD8002F49304C0A609B03A3F58041A3F50053E9
:10EFE8001144134402F5005231602A60236060B175
:10EFF800294A2A4B126803F1200143F8042F8B4257
:10F0080002F58062F9D1F6F709FC0121BDE87040EC
:10F01800084611F0B3BA00BF54AD002034AC00204C
:10F02800288C0020248C002069EF000860AD0020A7
:10F03800E56A010841790108308C0020995B0008D5
:10F04800948B0020457901089D5B00086C2A0020FC
:10F05800DD620008F48B0020A88B0020A15B00086B
:10F06800A55B00088C2B00203B2F012040AD002021
:10F07800A9D501205CAD00200C8C0020842B002039
:10F0880020B5012082AF012084B00120562E012036
:10F09800F88B0020A08B0020208C0020602D012000
:10F0A80044F20153984228D012D944F202539842AC
:10F0B80027D044F2035398422DD1184A18481378A0
:10F0C8004FF0010C43EA0123136080F800C0704739
:10F0D80044F2FE2398420BD044F2FF2398421BD1FE
:10F0E800CB0602D50020F6F705B80120F6F702B8DE
:10F0F800CA060DD50220F5F7FDBF094B00221A708C
:10F108007047064A136803F47F430B431360704744
:10F118000320F5F7EFBF7047704700BFC8AF012065
:10F12800F4D5012030B4154B154D1A79154C11F052
:10F13800100F4FEA810314494FEA420203F01C03FF
:10F14800B3FBF2F002FB10330A6810484FEA433170
:10F1580002EB433303600E4801F500531344036088
:10F1680001F5804301F5C04113440A442B60226035
:10F1780030BC0CBF03200220F5F7BCBF40AD002017
:10F18800842B0020A08B00205CAD0020F88B002091
:10F198000C8C002000F47040B0F5504F10B400F013
:10F1A8008B802CD8B0F5304F36D0B0F5404F13D106
:10F1B8004B4B4C485A7990F802C05200B1FBF2F31D
:10F1C80002FB13139B0003F0FC03BCF1FE0F43701A
:10F1D80033D05DF8044B7047B0F5204FF9D1404B60
:10F1E800414A1B791268414C5B00B1FBF3F003FB09
:10F1F800101302EB433323605DF8044B7047B0F5FE
:10F20800604F31D0B0F5704FE3D1C8435DF8044B7F
:10F2180000F00100F5F76EBF314B32485A7990F88B
:10F2280002C05200B1FBF2F302FB13139B0003F080
:10F23800FC03BCF1FD0F0370CBD12D4A2D48126899
:10F24800990202EB8323036001F5806401F50063F2
:10F2580014441344C0E9014301F540610A44C26003
:10F268005DF8044BF6F7DABA1D4B23485A7990F843
:10F2780002C05200B1FBF2F302FB13139B0003F030
:10F28800FC03BCF1FE0F4370A3D1194A1948126858
:10F29800990202EB8323036101F5806401F50063A1
:10F2A80014441344C0E9054301F540610A44C261AE
:10F2B8005DF8044BF6F7B2BA094B0F485A7990F843
:10F2C80002C05200B1FBF2F302FB13139B0003F0E0
:10F2D800FC03BCF1FD0F0370D7D05DF8044B7047F9
:10F2E80040AD0020342F01205CAD0020F88B0020B9
:10F2F800208C0020642D012068AF012000F47040AC
:10F30800B0F5504F10B400F0918032D8B0F5304FBE
:10F318003CD0B0F5404F13D14E4B4F485A7990F836
:10F3280002C05200B1FBF2F302FB13139B0003F07F
:10F33800FC03BCF1FE0F437039D05DF8044B7047F5
:10F34800B0F5204FF9D1434B44481A79B1FBF2F399
:10F3580002FB13139B0302684149424803F4FE135E
:10F3680003F5005C1344624403600A605DF8044BD3
:10F378007047B0F5604F31D0B0F5704FDDD1C8435C
:10F388005DF8044B00F00100F5F7B4BE314B32488C
:10F398005A7990F802C05200B1FBF2F302FB131342
:10F3A8009B0003F0FC03BCF1FD0F0370C5D12E4A8E
:10F3B8002E481268990202EB8323036001F58064EA
:10F3C80001F5006314441344C0E9014301F54061A9
:10F3D8000A44C2605DF8044BF6F720BA1D4B244876
:10F3E8005A7990F802C05200B1FBF2F302FB1313F2
:10F3F8009B0003F0FC03BCF1FE0F43709DD11A4A39
:10F408001A481268990202EB8323036101F58064AC
:10F4180001F5006314441344C0E9054301F5406154
:10F428000A44C2615DF8044BF6F7F8B9094B104875
:10F438005A7990F802C05200B1FBF2F302FB1313A1
:10F448009B0003F0FC03BCF1FD0F0370D7D05DF8FF
:10F45800044B704740AD002008B501205CAD00208A
:10F468000C8C0020F88B0020208C0020642D0120BB
:10F47800A4B0012023482449244A38B5244D056006
:10F48800244C25480860254D254925602548264CEB
:10F498000C60264D26490560264C27480860274DF4
:10F4A800274925602748284C284B0C60284D2949B6
:10F4B8001B6805602848086028482949294C527962
:10F4C800236003F50055056003F580400860264970
:10F4D80003F5C0430B6062B1244A254B126803F15F
:10F4E800200143F8042F8B4202F58062F9D1F6F728
:10F4F80095F90120F5F7FEFD0121BDE838400846E1
:10F5080011F03CB854AD002034AC002040AD0020D0
:10F518007DF40008288C0020B966000841790108AC
:10F52800248C002060AD002045790108995B000813
:10F53800308C0020948B00209D5B000849790108DD
:10F548006C2A0020A88B0020A15B00085CAD00207D
:10F55800A55B0008F48B00208C2B00200C8C00206D
:10F56800842B0020F88B0020A08B0020208C00200A
:10F57800602D0120A0F5004070B50C4603281FD867
:10F58800DFE800F03E3A1F0281F02000C0F340108F
:10F59800F5F7B0FD2E4B04F01F041B792D4A2E48B9
:10F5A80012685B00B4FBF3F103FB1144A30303F4FB
:10F5B800FE1303F5005429491344224403600A60EA
:10F5C80070BD234A127901F03F0352002149B3FB71
:10F5D800F2F002FB10335B000A6821481E4903EB76
:10F5E800D41303F0FF0302EB43331E4C1B4A236082
:10F5F80003600B60136070BD154B01F03F04CCE74E
:10F6080081F02000C0F34010F5F774FD104B114A4B
:10F618001B7912681248134D5B0004F01F04B4FBF9
:10F62800F3F103FB1144A30303F4FE1303F50051A4
:10F638001144D6180160084C08482E6003F5804133
:10F6480003F5C04311441A442160026070BD00BF35
:10F6580040AD00205CAD0020842B0020A08B002052
:10F668000C8C0020F88B002000F00F0010B40C2840
:10F6780014D8DFE810F01C002D003E004F00600099
:10F68800710082009300A400B900C6000D001600A6
:10F69800684A136803F47F430B4313605DF8044B17
:10F6A8007047644A137843EA01231360F6E7624B14
:10F6B800624A5B791268624CDB00B1FBF3F003FB32
:10F6C800101302EB832323605DF8044BF6F7A6B80A
:10F6D800594B5A4A5B791268594CDB00B1FBF3F07D
:10F6E80003FB101302EB832363605DF8044BF6F70A
:10F6F80095B8514B514A5B791268514CDB00B1FB0C
:10F70800F3F003FB101302EB8323A3605DF8044BB3
:10F71800F6F784B8484B494A5B791268484CDB00D5
:10F72800B1FBF3F003FB101302EB8323E3605DF8F6
:10F73800044BF6F773B8404B404A5B791268404C6B
:10F74800DB00B1FBF3F003FB101302EB832323610F
:10F758005DF8044BF6F762B8374B384A5B791268A4
:10F76800374CDB00B1FBF3F003FB101302EB8323F0
:10F7780063615DF8044BF6F751B82F4B2F4A5B795C
:10F7880012682F4CDB00B1FBF3F003FB101302EB04
:10F798008323A3615DF8044BF6F740B8264B274A4C
:10F7A8005B791268264CDB00B1FBF3F003FB101306
:10F7B80002EB8323E3615DF8044BF6F72FB81E4A8A
:10F7C800204B12791B68204C49005200C9B2B1FB8A
:10F7D800F2F002FB101103EB41321C48134602F50C
:10F7E80000522360026059E701F0030102291BD08F
:10F7F80003290FD0012912D05DF8044B0120F5F739
:10F8080079BC0C4A1248134B12681A6001F00101C6
:10F81800017043E75DF8044B0220F5F76BBC5DF817
:10F82800044B0020F5F766BC5DF8044B0320F5F7A0
:10F8380061BC00BF30B0012040AD0020208C00200A
:10F84800642D01205CAD0020F88B00200C8C00207A
:10F8580044D501200CD6012044F21753984200F2F7
:10F868000A81B0F58A4F1ED9A0F58A40013810B434
:10F87800162835D8DFE810F048004C0053005E0029
:10F888006C0027007A00340034003400340034005F
:10F8980034003400340088009900AA00BB00CC0072
:10F8A800DD00EE00370044F2FE23984200F0E480C9
:10F8B80044F2FF23984240F0EA80CB0600F1E4804E
:10F8C8000120F5F717BC724B724A1B791268724C0B
:10F8D8005B00B1FBF3F003FB101302EB433323602F
:10F8E8005DF8044B70476A4B6C4A5B7912686C4848
:10F8F800DB00B1FBF3FC03FB1C1102EB8122C261AC
:10F908005DF8044BF5F78ABF664B00221A70E7E7EB
:10F91800654A136803F47F430B431360E0E7624AC8
:10F92800624C13785F4843EA012313600122236085
:10F938000270D5E7564B574A1B7912685C4C5B003E
:10F94800B1FBF3F003FB101302EB43332360C7E76B
:10F958004F4B504A1B791268564C5B00B1FBF3F0D1
:10F9680003FB101302EB43332360B9E7484B494AC2
:10F978001B791268504C5B00B1FBF3F003FB1013CA
:10F9880002EB43332360ABE7414B444A5B7912688F
:10F99800434CDB00B1FBF3F003FB101302EB8323B2
:10F9A80023605DF8044BF5F739BF394B3B4A5B7967
:10F9B80012683B4CDB00B1FBF3F003FB101302EBC6
:10F9C800832363605DF8044BF5F728BF304B334A57
:10F9D8005B791268324CDB00B1FBF3F003FB1013C8
:10F9E80002EB8323A3605DF8044BF5F717BF284BA0
:10F9F8002A4A5B7912682A4CDB00B1FBF3F003FB5F
:10FA0800101302EB8323E3605DF8044BF5F706BFA0
:10FA18001F4B224A5B791268214CDB00B1FBF3F0E3
:10FA280003FB101302EB832323615DF8044BF5F706
:10FA3800F5BE174B194A5B791268194CDB00B1FB0C
:10FA4800F3F003FB101302EB832363615DF8044BAF
:10FA5800F5F7E4BE0E4B114A5B791268104CDB00D7
:10FA6800B1FBF3F003FB101302EB8323A3615DF8F2
:10FA7800044BF5F7D3BE7047CA0602D40320F5F746
:10FA880039BB0220F5F736BB0020F5F733BB7047CA
:10FA980040AD00205CAD0020842B0020208C00208D
:10FAA800642D0120F92D0120F02D012030B5012011
:10FAB800F88B00200C8C0020A08B00204CF2030354
:10FAC800984210B41AD8B0F5404F68D24AF20303EE
:10FAD800984255D8B0F5204F47D248F203039842D0
:10FAE80023D803043ED5A0F500400138022800F2CF
:10FAF8000D82DFE810F0BD01A701D3014EF2030328
:10FB0800984260D8B0F5604F53D200F540539BB28D
:10FB1800032B27D8A0F550400138022800F2E081D5
:10FB2800DFE810F06C0143018501B0F5104F00F0DB
:10FB3800C58149F20103984214D1A848A84A83789C
:10FB4800A84C127903F00F0343EA0113DBB22168D2
:10FB580083705200A44CB3FBF2F002FB103301EBAC
:10FB6800433323605DF8044B7047A0F5204001380B
:10FB7800022800F2E181DFE810F0F400DB000D015B
:10FB880000F5A0439BB2032BECD8A0F53040013818
:10FB9800022800F2C681DFE800F0A78EC000A0F5B9
:10FBA80040400138022800F2A681DFE800F06047F3
:10FBB8007900A0F560400138022800F2C881DFE82A
:10FBC80000F02C2235004FF20103984200F08181A9
:10FBD8004FF2020398420CD101F00300012804D02F
:10FBE800022800F07B810028BCD15DF8044BF5F7B2
:10FBF80081BAB0F5704FB5D111F0010140F05981CB
:10FC08007A4B1980AEE77A4A1388090201F47061C9
:10FC180023F470630B431380A4E7754A1388090122
:10FC2800C9B223F0F0030B4313809BE7704A138893
:10FC3800C3F30B0343EA0133138093E76748684A29
:10FC4800037A6C4C527923F00F0301F00F010B4338
:10FC580021680372D200684CB3FBF2F002FB103348
:10FC680001EB832363615DF8044BF5F7D7BD5B486F
:10FC78005B4AC3795F4C527903F00F0343EA0113DF
:10FC8800DBB22168C371D2005B4CB3FBF2F002FB1C
:10FC9800103301EB832323615DF8044BF5F7BEBDF8
:10FCA8004E484F4A037A534C527903F00F0343EA04
:10FCB8000113DBB2CCE74948494A83794D4C527964
:10FCC80023F00F0301F00F010B4321688371D20069
:10FCD800494CB3FBF2F002FB103301EB8323E360E2
:10FCE8005DF8044BF5F79ABD3C483D4A4379414CD1
:10FCF800527903F00F0343EA0113DBB22168437121
:10FD0800D2003D4CB3FBF2F002FB103301EB83232E
:10FD1800A3605DF8044BF5F781BD3048304A83791C
:10FD2800344C527903F00F0343EA0113DBB2CCE7FA
:10FD38002A482B4A03792F4C527923F00F0301F0FC
:10FD48000F010B4321680371D2002B4CB3FBF2F077
:10FD580002FB103301EB832363605DF8044BF5F776
:10FD68005DBD1E481E4AC378224C527903F00F032A
:10FD780043EA0113DBB22168C370D2001E4CB3FB07
:10FD8800F2F002FB103301EB832323605DF8044B90
:10FD9800F5F744BD1148124A0379164C527903F01D
:10FDA8000F0343EA0113DBB2CCE70C480C4A837A11
:10FDB800104C527923F00F0301F00F010B43216817
:10FDC8008372D2000C4CB3FBF2F002FB103301EB50
:10FDD8008323E3615DF8044BF5F720BDB42E0120C1
:10FDE80040AD00205CAD0020842B00202CD60120E3
:10FDF80052D50120208C0020642D01205848594AF2
:10FE0800437A594C527903F00F0343EA0113DBB2EA
:10FE180021684372D200554CB3FBF2F002FB103359
:10FE280001EB8323A3615DF8044BF5F7F7BC4C485D
:10FE38004C4A837A4C4C527903F00F0343EA01137E
:10FE4800DBB2BCE74648474A4378494C127923F06D
:10FE58000F0301F00F010B43216843705200454C1A
:10FE6800B3FBF2F002FB103301EB4333236079E676
:10FE78003B483C4A03783E4C127903F00F0343EAAF
:10FE88000113DBB22168037052003B4CB3FBF2F064
:10FE980002FB103301EB4333236063E63048314AF9
:10FEA8004378334C127903F00F0343EA0113DBB2B2
:10FEB800D2E7324A324B12881A8053E62848294A38
:10FEC80083782B4C127923F00F0301F00F010B43B9
:10FED8003DE62C4B01F00101197043E6032084E64E
:10FEE8001F48204A437A204C527923F00F0301F02F
:10FEF8000F010B438CE71A481A4AC3791A4C5279F6
:10FF080023F00F0301F00F010B43BAE61448154A1A
:10FF18000378174C127923F00F0301F00F010B43FC
:10FF2800B0E70F480F4A43790F4C527923F00F037B
:10FF380001F00F010B43E1E609480A4AC3780A4C6D
:10FF4800527923F00F0301F00F010B4313E70B481D
:10FF5800028801F00F0322F00F021343038001E629
:10FF6800B42E012040AD0020208C0020642D0120FB
:10FF78005CAD00200C8C0020F88B002052D50120AD
:10FF88002CD60120BDAF012020F47F604DF206027F
:10FF9800904210B483B220D8B3F5504F6ED24BF2D2
:10FFA8000602934250D8B3F5304F37D249F20202D5
:10FFB800934200F016821AD9B3F5204F14D1B84BEA
:10FFC800B84A1B791268B84C5B00B1FBF3F003FB2D
:10FFD800101302EB4333236006E04EF2060293420D
:10FFE80078D8B3F5604F5FD25DF8044B7047B3F52E
:08FFF800004F00F0E381B3F5B6
:020000040801F1
:10000000104FF5D101F00301022900F0D681032938
:1000100000F0F381012900F0EB815DF8044B012031
:10002000F5F76CB8A3F53043062BE1D801A252F8DE
:1000300023F000BF770201081302010879030108C9
:10004000E101010813020108F1FF0008E1010108C4
:1000500003F5804292B2062ACAD8A3F54043062B84
:10006000C6D801A252F823F0FF020108CB01010813
:10007000CD02010899010108CB010108F1FF000838
:1000800099010108A3F55043062BB1D801A252F8FB
:1000900023F000BF8F030108830101084703010813
:1000A0005101010883010108F1FF00085101010815
:1000B000A3F56043062B9BD801A252F823F000BFA2
:1000C000150301083B010108A50301080901010806
:1000D0003B010108F1FF00080901010803F5805206
:1000E00092B2042A84D8A3F57043042B80D801A2CD
:1000F00052F823F065020108F1FF000855020108DB
:1001000041020108290201086A48674AC3796A4C1A
:10011000527903F00F0343EA0113DBB22168C37184
:10012000D200664CB3FBF2F002FB103301EB8323E9
:10013000E3615DF8044BF5F775BB5E485A4AC37935
:100140005D4C527923F00F0301F00F010B43E5E7FB
:100150005848554A4379584C527903F00F0343EA03
:100160000113DBB221684371D200544CB3FBF2F0AF
:1001700002FB103301EB832363615DF8044BF5F759
:1001800051BB4C48484A43794B4C527923F00F03FA
:1001900001F00F010B43E5E74648434AC378464C5C
:1001A000527903F00F0343EA0113DBB22168C370F5
:1001B000D200424CB3FBF2F002FB103301EB83237D
:1001C000E3605DF8044BF5F72DBB3A48364AC37837
:1001D000394C527923F00F0301F00F010B43E5E78F
:1001E0003448314A4378344C527903F00F0343EAE0
:1001F0000113DBB221684370D200304CB3FBF2F044
:1002000002FB103301EB832363605DF8044BF5F7C9
:1002100009BB2848244A4378274C527923F00F031E
:1002200001F00F010B43E5E7254B01F003021A70C3
:100230008B077FF5DDAE234A234B12781A70D7E681
:100240001F4A137813F001011ABF43F00203137021
:100250001170CDE61B4A137803F00F0343EA011334
:100260001370C5E6174A137801F00F0123F00F034E
:100270000B431370BCE60F480B4A03780E4C5279BF
:1002800023F00F0301F00F010B4321680370D2002C
:100290000A4CB3FBF2F002FB103301EB8323236023
:1002A0005DF8044BF5F7BEBA40AD00205CAD002010
:1002B0000C8C0020C02E0120208C0020642D0120F9
:1002C000012F01208DD50120E92E01204D484E4AF5
:1002D00083784E4C527903F00F0343EA0113DBB2EB
:1002E00021688370D2004A4CB3FBF2F002FB10335A
:1002F00001EB8323A3605DF8044BF5F793BA414803
:10030000414A8378414C527923F00F0301F00F01E9
:100310000B43E5E73B483C4A83793C4C527923F058
:100320000F0301F00F010B4321688371D200384C99
:10033000B3FBF2F002FB103301EB8323A3615DF802
:10034000044BF5F76FBA2F482F4A03792F4C527997
:1003500003F00F0343EA0113DBB221680371D200FB
:100360002B4CB3FBF2F002FB103301EB8323236130
:100370005DF8044BF5F756BA2248234A0378234C1C
:10038000527903F00F0343EA0113DBB27DE71D4806
:100390001D4A03791D4C527923F00F0301F00F0120
:1003A0000B43DAE71748184A8379184C527903F05F
:1003B0000F0343EA0113DBB2B6E75DF8044B0320F9
:1003C000F4F79CBE104B0F481B79124A047A12684E
:1003D0005B00B1FBF3F003FB101302EB4333A20706
:1003E0004CBF0D4A0D4A136002E6064B1972FFE539
:1003F0005DF8044B0020F4F781BE5DF8044B022049
:10040000F4F77CBEC02E012040AD0020208C0020DF
:10041000642D01205CAD0020842B0020F88B00208F
:10042000B0F5404F00F0BB801DD94DF2010398425A
:1004300073D037D9B0F5604F00F0A1804EF20103C0
:10044000984240F0D4806A4B6A4A5B7912686A48E5
:100450004908DB00B1FBF3FC03FB1C1102EB81221A
:10046000C261F5F7DFB9B0F5204F10B400F0A780F6
:1004700030D9B0F5304F70D04BF20103984249D1DA
:100480005B4B5C4A5B7912685B484908DB00B1FB57
:10049000F3FC03FB1C1102EB812242605DF8044B6C
:1004A000F5F7C0B94CF20103984246D0B0F5504F71
:1004B00040F09C804E4B4F4A5B7912684E48490889
:1004C000DB00B1FBF3FC03FB1C1102EB8122026198
:1004D000F5F7A8B9B0F5004F0FD0B0F5104F19D10E
:1004E00001F00300022878D0032876D0012878D0C4
:1004F0005DF8044B0120F4F701BE3D4B3F4A1B79E8
:1005000012683F4C5B00B1FBF3F003FB101302EBEE
:10051000433323605DF8044B7047354B354A5B79B4
:10052000126835484908DB00B1FBF3FC03FB1C11E2
:1005300002EB81224261F5F775B92D4B2D4A5B79AB
:1005400012682D484908DB00B1FBF3FC03FB1C11CA
:1005500002EB8122C260F5F765B9254B254A5B792C
:10056000126825484908DB00B1FBF3FC03FB1C11B2
:1005700002EB812202605DF8044BF5F753B91C4B86
:100580001C4A5B7912681C484908DB00B1FBF3FC8C
:1005900003FB1C1102EB81228261F5F743B9144B76
:1005A000144A5B79126814484908DB00B1FBF3FC7C
:1005B00003FB1C1102EB81228260F5F733B90C4B6F
:1005C0000E4A1B7912680F4C5B00B1FBF3F003FB82
:1005D000101302EB433323609CE75DF8044BF4F700
:1005E0008DBD5DF8044B0020F4F788BD704770475F
:1005F00040AD0020208C0020642D01205CAD002047
:10060000F88B00200C8C0020B0F5504F10B400F097
:10061000AA8100F2CC804BF20C03984229D8B0F5A5
:10062000304F00F28A8049F20803984200F0CA81F4
:100630006CD94AF20C03984228D9B0F5304F22D138
:10064000B748B84A0378B84C527923F00F0301F049
:100650000F010B4321680370D200B44CB3FBF2F0DE
:1006600002FB103301EB832323605DF8044BF5F7A5
:10067000D9B8B0F5404F00F09A8100F57F503F3077
:1006800080B20B281BD95DF8044B7047B0F5204FA2
:10069000F9D300F5C04080B241F21113C340D8072E
:1006A000F1D5A04BA24A1B791268A24C5B00B1FBAA
:1006B000F3F003FB101302EB43332360E3E7012362
:1006C000834040F60402134240F0A58113F0820FEC
:1006D00040F0888113F0090FD5D09148914A837872
:1006E000914C527903F00F0343EA0113DBB2216806
:1006F0008370D2008D4CB3FBF2F002FB103301EBA0
:100700008323A3605DF8044BF5F78CB848F20C0323
:1007100098422FD9B0F5104FB5D101F0030102294D
:1007200000F01C81032900F0D181012900F0C9816A
:100730005DF8044B0120F4F7E1BC00F59F407F30E9
:1007400080B20123834040F60402134240F03F810F
:1007500013F0820F40F0128113F0090F93D070480C
:10076000704A0378704C527903F00F0343EA011387
:10077000DBB26FE7040486D580F4004041F2111328
:10078000C340DA077FF57FAF664B6548684A1B793F
:100790001268047A5B00B1FBF3F003FB101302EB69
:1007A0004333002C00F08A81634A13606BE74EF2FA
:1007B0000C0398426DD8B0F5604F4CD84DF20C0345
:1007C00098422BD800F53F503F3080B20123834040
:1007D00040F60402134240F0298113F0820F40F0EA
:1007E0003E8113F0090F3FF44EAF4D484D4A037957
:1007F0004D4C527903F00F0343EA0113DBB2216839
:100800000371D200494CB3FBF2F002FB103301EB51
:10081000832323615DF8044BF5F704B8B0F5604F0E
:100820007FF431AF3E483F4A83793F4C527923F001
:100830000F0301F00F010B4321688371D2003B4C81
:10084000B3FBF2F002FB103301EB8323A3615DF8ED
:10085000044BF4F7E7BF00F5FF501F3080B20123CF
:10086000834040F60402134240F0048113F0820FEB
:1008700040F0198113F0090F3FF405AF2848294AC9
:100880008379294C527903F00F0343EA0113DBB259
:10089000D2E700F580539BB20C2B3FF6F4AEA0F5E7
:1008A00070400C283FF6EFAE01A353F820F000BFD4
:1008B000E508010887060108870601088706010880
:1008C000F70801088706010887060108870601085E
:1008D000070901088706010887060108870601083D
:1008E00049090108154A137801F00F0123F00F039D
:1008F0000B431370C7E6114A137823F00F0343EA42
:1009000001131370BFE60E4B01F003021A708B0740
:100910007FF5B9AE094A0B4B12781A70B3E600BFE7
:1009200078AF012040AD0020208C0020642D0120F4
:100930005CAD00200C8C0020842B002038B00120FE
:10094000B6AF0120A0D50120634A137813F001014E
:100950001ABF43F002031370117094E65DF8044B64
:100960000320F4F7CBBB5D485D4A03795D4C5279B7
:1009700023F00F0301F00F010B4340E75748584A9B
:100980004378584C527923F00F0301F00F010B43C9
:1009900021684370D200544CB3FBF2F002FB1033D9
:1009A00001EB832363605DF8044BF4F73BBF4B48D6
:1009B0004B4A83784B4C527923F00F0301F00F011F
:1009C0000B4394E6454B01F0020119725BE6434884
:1009D000434A4378434C527903F00F0343EA01132F
:1009E000DBB2D5E73D483E4AC3783E4C527923F00E
:1009F0000F0301F00F010B432168C370D2003A4C82
:100A0000B3FBF2F002FB103301EB8323E3605DF8EC
:100A1000044BF4F707BF3148314AC378314C52795F
:100A200003F00F0343EA0113DBB2E5E72B482C4A3E
:100A300043792C4C527903F00F0343EA0113DBB2E4
:100A400021684371D200284CB3FBF2F002FB103353
:100A500001EB832363615DF8044BF4F7E3BE1F48A9
:100A60001F4A43791F4C527923F00F0301F00F0105
:100A70000B43E5E719481A4AC3791A4C527903F037
:100A80000F0343EA0113DBB22168C371D200164C95
:100A9000B3FBF2F002FB103301EB8323E3615DF85B
:100AA000044BF4F7BFBE0D480D4AC3790D4C527983
:100AB00023F00F0301F00F010B43E5E70B4A13602E
:100AC000E1E55DF8044B0020F4F718BB5DF8044B3A
:100AD0000220F4F713BB00BFB6AF012078AF0120AE
:100AE00040AD0020208C0020642D0120F88B0020D8
:100AF0004EF20303984214D8B0F5604F10B43BD2C5
:100B00004DF20303984234D8B0F5504F1CD3A0F5F2
:100B100050400138022800F21581DFE800F07A8B9E
:100B200069004FF20103984200F0DA804FF20203AD
:100B300098422BD18C4A137813F001011ABF43F06D
:100B400002031370117070474BF20303984200F0D8
:100B5000A480B0F5404F20D1844B854A1B791268A0
:100B6000844C5B00B1FBF3F003FB101302EB433347
:100B700023605DF8044B7047A0F5604001380228FF
:100B800000F2CF80DFE800F078236700B0F5704F07
:100B900040F0C680784B19707047B0F5004FE8D12F
:100BA000724B734A1B791068744C5B00B1FBF3F213
:100BB00003FB121200EB423201312260704AB1FB9A
:100BC000F3F403FB141100EB41301060D1E7674BE5
:100BD0006C4A5B7912686C4CDB00B1FBF3F003FBF1
:100BE000101302EB8323A3615DF8044BF4F71ABEE4
:100BF0005E4B644A5B791268634CDB00B1FBF3F037
:100C000003FB101302EB8323E3605DF8044BF4F75E
:100C100009BE564B5B4A5B7912685B4CDB00B1FB4B
:100C2000F3F003FB101302EB832363605DF8044BC6
:100C3000F4F7F8BD4D4B534A5B791268524CDB0018
:100C4000B1FBF3F003FB101302EB8323A3605DF809
:100C5000044BF4F7E7BD454B4A4A5B7912684A4CAE
:100C6000DB00B1FBF3F003FB101302EB8323E36122
:100C70005DF8044BF4F7D6BD3C4B424A5B791268F1
:100C8000414CDB00B1FBF3F003FB101302EB8323B9
:100C900063615DF8044BF4F7C5BD01F00C010C294C
:100CA0003FF667AF01A353F821F000BF170D01080D
:100CB000730B0108730B0108730B01080D0D01087C
:100CC000730B0108730B0108730B0108030D010876
:100CD000730B0108730B0108730B0108F90C010871
:100CE000214B01F003021A708B0704D5224A274BCF
:100CF00012781A70704770475DF8044B0220F4F7C1
:100D0000FDB95DF8044B0320F4F7F8B95DF8044B26
:100D10000020F4F7F3B95DF8044B0120F4F7EEB9C5
:100D20007047124B174A5B791268174CDB00B1FB16
:100D3000F3F003FB101302EB832323615DF8044BF4
:100D4000F4F770BD094B0F4A5B7912680E4CDB005B
:100D5000B1FBF3F003FB101302EB832323605DF878
:100D6000044BF4F75FBD00BF88B0012040AD002008
:100D70005CAD0020842B0020872E0120F88B002002
:100D80000C8C0020208C0020642D0120D4D5012063
:100D90004EF20303984214D8B0F5604F10B43ED21F
:100DA0004DF20303984262D8B0F5504F1ED3A0F520
:100DB00050400138022800F24181DFE800F07D8ECA
:100DC0006C004FF20103984200F0BB804FF2020327
:100DD00098422ED1A24B01F003021A708B0740F10A
:100DE000AF80A04AA04B12781A7070474BF20303F1
:100DF000984200F0AB80B0F5404F21D19B4B9C4A0C
:100E00001B7912689B4C5B00B1FBF3F003FB1013E2
:100E100002EB433323605DF8044BF4F703BDA0F508
:100E200060400138022800F2F880DFE800F0782303
:100E30006700B0F5704F40F0EF808A4B1970704733
:100E4000B0F5004F13D1894A894B12791B688A4C3F
:100E500049005200C9B2B1FBF2F002FB101103EBE2
:100E600041328648134602F50052236002605DF865
:100E7000044B70477D4B824A5B791268814CDB00E2
:100E8000B1FBF3F003FB101302EB832363615DF806
:100E9000044BF4F7C7BC754B794A5B791268794CFF
:100EA000DB00B1FBF3F003FB101302EB8323E360E1
:100EB0005DF8044BF4F7B6BC6C4B714A5B79126871
:100EC000704CDB00B1FBF3F003FB101302EB832348
:100ED000A3605DF8044BF4F7A5BC644B684A5B79EA
:100EE0001268684CDB00B1FBF3F003FB101302EB5C
:100EF000832363605DF8044BF4F794BC5B4B604A5A
:100F00005B7912685F4CDB00B1FBF3F003FB10135D
:100F100002EB8323E3615DF8044BF4F783BC534B8E
:100F2000574A5B791268574CDB00B1FBF3F003FBC7
:100F3000101302EB8323A3615DF8044BF4F772BC3A
:100F40007047474B01F001011970704701F07F01B4
:100F5000083924298BD801A353F821F0F10F010897
:100F60006F0E01086F0E01086F0E01086F0E010869
:100F70006F0E01086F0E01086F0E01086F0E010859
:100F80006F0E01086F0E01086F0E01086F0E010849
:100F90006F0E01086F0E01086F0E01086F0E010839
:100FA0006F0E01086F0E01086F0E01086F0E010829
:100FB0006F0E01086F0E01086F0E0108FB0F01088C
:100FC0006F0E01086F0E01086F0E01080F10010867
:100FD0006F0E01086F0E01086F0E01080510010861
:100FE0006F0E01086F0E01086F0E0108F10F010866
:100FF0005DF8044B0220F4F781B85DF8044B012042
:10100000F4F77CB85DF8044B0320F4F777B85DF88B
:10101000044B0020F4F772B87047144B184A5B7900
:101020001268184CDB00B1FBF3F003FB101302EB6A
:10103000832323615DF8044BF4F7F4BB0B4B104A98
:101040005B7912680F4CDB00B1FBF3F003FB10136C
:1010500002EB832323605DF8044BF4F7E3BB00BF8E
:10106000542F0120B92D01204876022040AD0020E8
:101070005CAD0020842B0020F88B00200C8C00201D
:10108000208C0020642D012000F47043B3F5204F24
:1010900010B43AD00DD8B3F5004F21D0B3F5104FAE
:1010A00030D1224B19705DF8044B01F00100F4F7C8
:1010B00025B8B3F5304F25D11D4B1E4A5B79126818
:1010C0001D4CDB0000F00700B1FBF3FC03FB1C111F
:1010D00002EB812244F820205DF8044BF4F7A2BB18
:1010E000134B12481B79154A047812685B00B1FB58
:1010F000F3F003FB101302EB4333A2074CBF104A7B
:10110000104A13605DF8044B7047094B0B4A1B797A
:1011100012680D4C5B00B1FBF3F003FB101302EB04
:10112000433323605DF8044B704700BFB5AF012027
:1011300040AD0020208C0020642D01205CAD0020FB
:10114000842B0020F88B00200C8C00204AF2030333
:10115000984211D8B0F5204F10B421D280F400434A
:10116000032BA0F5004040D80138022800F2D280BD
:10117000DFE800F02E705100B0F5604F00F0AF8056
:1011800018D900F5FF501F3080B201281FD8684BD6
:101190001B788B42674B06BFFF221A70197070478D
:1011A000A0F520400138022800F2A180DFE800F01D
:1011B00084207100B0F5404F02D15D4B197070472B
:1011C00000F57F503F3080B20128E0D9704770476A
:1011D000594B5A4A1B791268594C5B00B1FBF3F02A
:1011E00003FB101302EB433323605DF8044B70479D
:1011F000514B544A5B79544812688171DB00534C5F
:10120000B1FBF3F003FB101302EB8323A3615DF842
:10121000044BF4F707BB484B4A485A794A4C0068DC
:101220004900C9B24B1CD200DBB2A170E370B1FB24
:10123000F2FC464C02FB1C1100EB8121A160B3FBC8
:10124000F2F102FB113300EB8320E0605DF8044B08
:10125000F4F7E8BA384B3B485A793B4C00684900F0
:10126000C9B24B1CD200DBB221706370B1FBF2FC3F
:10127000364C02FB1C1100EB81212160B3FBF2F123
:1012800002FB113300EB832060605DF8044BF4F740
:10129000C9BA294B2B4A5B792B481268C171DB0014
:1012A0002A4CB1FBF3F003FB101302EB8323E36141
:1012B0005DF8044BF4F7B6BA1F4B224A5B7922481B
:1012C00012684171DB00214CB1FBF3F003FB1013FA
:1012D00002EB832363615DF8044BF4F7A3BA4B067A
:1012E00002D50020F3F70ABF0120F3F707BF124B26
:1012F000144A5B79144812680171DB00134CB1FB8E
:10130000F3F003FB101302EB832323615DF8044B1E
:10131000F4F788BA084B094A1B7912680C4C5B0039
:10132000B1FBF3F003FB101302EB433323605CE7E4
:10133000752E012098B0012040AD00205CAD00204A
:101340000C8C0020208C002068760220642D012067
:10135000F88B0020184B18404EF20103984207D03A
:101360004EF20203984218D0B0F5604F05D0704796
:101370000B071ED50020F3F7C1BE104B104A1B7996
:101380001268104801F00F015B00B1FBF3FC03FB96
:101390001C1102EB41320260704711F0020103D0D0
:1013A000094B01221A707047074A084B11701970D7
:1013B00070470120F3F7A2BE03E0FFFF40AD00201D
:1013C0005CAD0020F48B0020F1B401202D2F012012
:1013D00010B54AF20303984282B010D8B0F5204FFE
:1013E00026D280F40043032BA0F5004018D8013822
:1013F000022800F2A780DFE800F04E5C37004CF2D4
:101400000103984200F08A80B0F5604F0AD14B0684
:101410004CBF00200120F3F771FE564B01221A70D9
:1014200002B010BDB0F5404FFAD1534B1970F7E739
:10143000A0F520400138022875D8DFE800F06002EE
:1014400051004E4B4E4A5B7912684E484900DB0012
:10145000B1FBF3F403FB141102EB8122826102B0B1
:10146000BDE81040F4F7DEB9444B454A5B7910689B
:10147000444CDB004900B1FBF3F203FB121200EB1A
:1014800082220131A260B1FBF3F203FB121100EBE7
:101490008120E060E3E7394B3B4A1B7912683B4C03
:1014A0005B00B1FBF3F003FB101302EB433323604B
:1014B000B6E7324B324A5B791068324CDB004900A8
:1014C000B1FBF3F203FB121200EB82220131226026
:1014D000B1FBF3F203FB121100EB81206060BEE769
:1014E000264B274A5B79126826484900DB00B1FB8E
:1014F000F3F403FB141102EB8122C261AFE71F4B2F
:101500001F4A5B7912681F484900DB00B1FBF3F406
:1015100003FB141102EB81224261A0E71C4B01F096
:10152000010119707CE7154B154A5B791268154863
:101530004900DB00B1FBF3F403FB141102EB812241
:1015400002618CE70B4B187830B94A0658BF01206E
:101550000191F3F7D3FD0199084B0B4A1B791268EF
:101560000C4C5B00B1FBF3F003FB101302EB4333B5
:10157000236055E718B50120642F012040AD0020FD
:10158000208C0020642D01205CAD00200C8C0020FC
:1015900004B50120F88B00202DE9F04F48F2030339
:1015A000984285B00C4640F28F80B0F5084F40F06D
:1015B0008D80894989488A4A0B790470106822060F
:1015C0004FEA430300F1E18062115200551CB2FB67
:1015D000F3F603FB162200EB4236B5FBF3F203FBF6
:1015E000125500EB453B0396B146CDF808B06310A9
:1015F0004A797C4804F0070103F008030B43DB0041
:101600001D1D0195784D7949C5F80090DFF8E091EE
:10161000029DC9F80050DFF8DC91039DC9F8005025
:10162000DFF8D4910968C9F800B0D20003F10108CD
:101630009F1CDE1C03F1050E03F1060C03F1070AE3
:10164000B3FBF2F902FB193301EB83230360B8FB10
:10165000F2F302FB138801EB88234360B7FBF2F33C
:1016600002FB1377B6FBF2F302FB136601EB87274D
:1016700001EB86268760C660019DB5FBF2F302FB95
:101680001355BEFBF2F302FB13EE01EB8E23436115
:10169000BCFBF2F302FB13CC01EB8C238361BAFB9E
:1016A000F2F302FB13AA01EB852501EB8A21056108
:1016B000C161F4F7B7F823074CBF0020012005B043
:1016C000BDE8F04FF3F71ABD000402D405B0BDE841
:1016D000F08F6106FAD5414B3F481A7843495310C1
:1016E00004F0030403F00803234302F00702134449
:1016F000427909683B48DB00D20003F1010EBEFBD2
:10170000F2F802FB18EE03F1020C01EB8E2EC0F88A
:1017100004E0BCFBF2FE02FB1ECCDF1C01EB8C2CB8
:10172000C0F808C0B7FBF2FC02FB1C771E1D01EBE2
:101730008727C760B6FBF2F702FB17665D1D01EB5A
:101740008626B3FBF2F402FB143401EB8424066119
:10175000B5FBF2F602FB165501EB852504609C1DD6
:101760004561B4FBF2F502FB154401EB8424073319
:101770008461B3FBF2F402FB143301EB8323C361F6
:1017800005B0BDE8F04FF4F74DB8C4F3801909F186
:1017900002094FEA890909F1010609F1020509F177
:1017A0000302B9FBF3F703FB1799B6FBF3F703FB4F
:1017B000176600EB46360296B5FBF3F603FB1655AB
:1017C00000EB45350395B2FBF3F503FB152200EB67
:1017D000493900EB423B0AE740AD002009D6012021
:1017E0005CAD0020642D0120F88B0020208C0020AF
:1017F0000C8C0020842B0020A08B00202DE9F047CA
:101800004E4E4F4B32791D680C4641064FEA40035D
:101810004FEA420222D503F00E035F1CB3FBF2F144
:1018200002FB113305EB4331B7FBF2F302FB1377F5
:1018300005EB47350B462F467279424E3360424BDB
:101840001F60424B1960424B1D6052BB14F00200F6
:1018500023D0BDE8F0470120F3F750BC03F00C03A0
:101860005F1C991C03F1030CB3FBF2FE02FB1E3359
:10187000B7FBF2FE02FB1E77B1FBF2FE02FB1E116C
:10188000BCFBF2FE02FB1EC205EB433305EB473700
:1018900005EB413105EB4235CEE7BDE8F047F3F704
:1018A0002DBC2C49D30000F038000A68B0FBF3FAD5
:1018B000294900F1010900F1020800F1030E00F1CD
:1018C000040C461D851DC71D03FB1A0002EB80207A
:1018D0000860B9FBF3F003FB109902EB8920486024
:1018E000B8FBF3F003FB108802EB88208860BEFB96
:1018F000F3F003FB10EE02EB8E20C860BCFBF3F0AC
:1019000003FB10CC02EB8C200861B6FBF3F003FB69
:101910001066B5FBF3F003FB1055B7FBF3F003FBC8
:10192000107702EB862602EB852502EB87224E61BB
:101930008D61CA61F3F776FF88E700BF40AD0020F4
:101940005CAD0020F88B00200C8C0020842B002044
:10195000A08B0020208C0020642D01202DE9F04F69
:10196000484A494D16682A79C31003F00E03520005
:101970005C1C8B46B3FBF2F9B4FBF2F102FB1939A4
:1019800002FB1144010685B006EB493906EB4434ED
:1019900075D4991CB1FBF2F702FB1711033306EB68
:1019A00041310191B3FBF2F102FB113306EB4333FA
:1019B00002936B79354D364AC5F80090DFF8E09018
:1019C000019DC9F80040334C12682560C00000F04A
:1019D0003800314C029D2560DB00011D0391B0FBF6
:1019E000F3F42E4900F10108871CC61C00F1050E16
:1019F00000F1060C00F1070A03FB140002EB802043
:101A00000860B8FBF3F003FB108802EB8820486005
:101A1000B7FBF3F003FB1077B6FBF3F003FB1066A4
:101A200002EB872702EB86268F60CE60039CB4FB17
:101A3000F3F003FB1045BEFBF3F003FB10EE02EBEB
:101A40008E204861BCFBF3F003FB10CC02EB8C2032
:101A50008861BAFBF3F003FB10AA02EB852502EBC9
:101A60008A220D61CA61F3F7DDFE1BF0080F14BF77
:101A70000020012005B0BDE8F04FF3F73FBBCDE9F2
:101A8000019496E75CAD002040AD0020F88B00206B
:101A9000208C0020842B0020A08B0020642D0120AE
:101AA0000C8C002000F03003202B2DE9F04303D0F4
:101AB0002BD863B3102B21D1304C3149314D324EEC
:101AC0004300021102F0020203F01E0313432279C5
:101AD0000C6852005B00B3FBF2F102FB113104EB26
:101AE0004131013329603160284D2949B3FBF2F6B9
:101AF00002FB163304EB43332B600B60030637D530
:101B0000BDE8F0430020F3F7F9BA302BF6D11B4BB8
:101B10001B491A790968DFF86C801C4F1A4E1C4D5E
:101B20008300520003F03C0303F1010E03F1020CA9
:101B3000DC1CB3FBF2F902FB193301EB4333C8F8A9
:101B40000030BEFBF2F302FB13EE01EB4E333B60C1
:101B5000BCFBF2F302FB13CC01EB4C333360B4FB60
:101B6000F2F302FB134401EB443103062960C7D4AE
:101B7000BDE8F0430120F3F7C1BA00BF40AD00203B
:101B80005CAD0020F88B0020842B00200C8C002002
:101B9000A08B00204BF20703984214D8B0F5304FC9
:101BA00010B445D249F20603984230D8B0F5104F30
:101BB0001AD3A0F51040062826D8DFE800F04D25FE
:101BC00025565B604600B0F5404F3DD1754B764AD7
:101BD0001B79126875485B00B1FBF3FC03FB1C1119
:101BE00002EB413202607047B0F5004F0CD16D4BF3
:101BF0006D4A1B7912686E4C5B00B1FBF3F003FB7E
:101C0000101302EB433323605DF8044B7047B0F5CB
:101C1000204FF9D1634B644A1B791268654C5B0015
:101C2000B1FBF3F003FB101302EB43332360EBE74C
:101C3000A0F530400138062800F2A280DFE800F06D
:101C400058697A8B3647250070475B4A136803F45E
:101C50007F430B431360D7E711F0400000F08C8006
:101C60005DF8044B0120F3F749BA544B21F07F0192
:101C70001970C9E7504A524B12681A60C4E74E4ABD
:101C8000137843EA01231360BEE7464B4D4A5B7964
:101C900012684D4CDB00B1FBF3F003FB101302EBB9
:101CA0008323E3615DF8044BF3F7BCBD3D4B454A2C
:101CB0005B791268444CDB00B1FBF3F003FB1013BB
:101CC00002EB832363615DF8044BF3F7ABBD354B47
:101CD0003C4A5B7912683C4CDB00B1FBF3F003FB40
:101CE000101302EB8323A3615DF8044BF3F79ABD55
:101CF0002C4B344A5B791268334CDB00B1FBF3F0B8
:101D000003FB101302EB832363605DF8044BF3F7CE
:101D100089BD244B2B4A5B7912682B4CDB00B1FB4D
:101D2000F3F003FB101302EB8323A3605DF8044B75
:101D3000F3F778BD1B4B234A5B791268224CDB001A
:101D4000B1FBF3F003FB101302EB8323E3605DF8B8
:101D5000044BF3F767BD134B1A4A5B7912681A4CB0
:101D6000DB00B1FBF3F003FB101302EB83232361D1
:101D70005DF8044BF3F756BD5DF8044BF3F7BEB9BD
:101D8000084B104A5B7912680F4CDB00B1FBF3F093
:101D900003FB101302EB832323605DF8044BF3F77E
:101DA00041BD00BF40AD00205CAD0020842B002071
:101DB000F88B00200C8C0020C82D01206DAF012075
:101DC00034B00120208C0020642D012000F47840E4
:101DD000B0F5484F00F094801BD8B0F5284F5AD08A
:101DE00035D9B0F5384F55D14E4A4F4B52791B6813
:101DF0004900D200C9B2B1FBF2F002FB101103EBB3
:101E000081224A48134602F58062C0E90632F3F7A0
:101E100009BDB0F5684F53D0B0F5784F32D110B44A
:101E2000404A434B12791B68424C49005200C9B2E8
:101E3000B1FBF2F002FB101103EB41323E481346B6
:101E400002F50052236002605DF8044B7047B0F564
:101E5000084F40D0B0F5184F62D1324A324B527918
:101E60001B684900D200C9B2B1FBF2F002FB1011AD
:101E700003EB81222D48134602F58062C0E902324D
:101E8000F3F7D0BCB0F5584F49D12C4B01F01001FD
:101E9000197070477047234A234B52791B684900D9
:101EA000D200C9B2B1FBF2F002FB101103EB8122A8
:101EB0001E48134602F58062C0E90432F3F7B2BC53
:101EC00001F00301022921D0032925D0012920D0C6
:101ED0000120F3F713B9134A134B52791B684900D9
:101EE000D200C9B2B1FBF2F002FB101103EB812268
:101EF0000E48134602F58062C0E90032F3F792BC47
:101F00000F4B104A18781070197070470320F3F7C0
:101F1000F5B80020F3F7F2B80220F3F7EFB87047F6
:101F2000704700BF40AD0020208C0020642D0120B0
:101F30005CAD0020F88B00200C8C0020522F01207B
:101F4000882E0120FCAF0120F8B5284B284F1C79C2
:101F50005A79284B0D464FEAD50C27491B6809686A
:101F6000E800D20064000CF00E0C00F07800B0FB2A
:101F7000F2F602FB1600BCFBF4F604FB16CC1F4C79
:101F80001F4E820203EB8020206001EB4C3002F5F3
:101F900080613860194400F500503060616002F5DE
:101FA00000611944A16002F540611944E16002F545
:101FB00080511944216102F5A0511944616102F573
:101FC000C05102F5E05219441344C4E90613F3F773
:101FD00029FC2B0604D4BDE8F8400320F3F78EB8A3
:101FE000BDE8F8400220F3F789B800BF40AD0020FB
:101FF000F88B0020208C00205CAD0020642D012097
:102000000C8C002000F47040B0F5404F38B50C4601
:102010004AD024D8B0F5104F54D0B0F5204F0DD190
:10202000574B584A1B79126857485B00B1FBF3F1D4
:1020300003FB114302EB4333036038BDB0F5004F9F
:10204000FBD14F4B4F4A1B79126850485B00B1FBE4
:10205000F3F103FB114302EB4333036038BDB0F5EA
:10206000604F6ED0B0F5704FE7D1494D494A6B785B
:102070001268494801F00F0403F0100323436B700A
:10208000190302EB0333036101F5806401F500637A
:1020900014441344C0E9054301F540610A44C26198
:1020A000BDE83840F3F7BEBB354B364A1B791268A2
:1020B0003A485B00B1FBF3F103FB114302EB4333FE
:1020C000036038BDCB074CBF00200120F3F716F8A2
:1020D0002F48304A0178E30003F0100301F00F01AC
:1020E0001943136842780170A40004F0100402F050
:1020F0000F02224342702848140303EB02320261AC
:1021000004F580621A44426104F5006204F54064FB
:102110004FEA013C1A4403EB01311C44C0E9062498
:1021200001600CF500620CF5806119441A44C0E9A5
:1021300001120CF5406C6344C360BDE83840F3F70E
:1021400071BB134D134A2B781268134801F00F042A
:1021500003F0100323432B70190302EB03330360D6
:1021600001F5806401F5006314441344C0E90143A0
:1021700001F540610A44C260BDE83840F3F752BB44
:1021800040AD00205CAD00200C8C0020F88B0020BE
:10219000D02D0120208C0020642D0120842B0020D4
:1021A000F8B52C4B0D462C4906460C685879197920
:1021B0002A4B2A094FEA450C1B68C0004900D2008F
:1021C0000CF01E0CB2FBF0F700FB1722BCFBF1F089
:1021D00001FB10CC22494FEA822E03EB82220A60D7
:1021E0000EF580621A444A600EF500621A448A6055
:1021F0000EF540621A44CA600EF580521A440A6114
:102200000EF5A0521A444A610EF5C0570EF5E05281
:102210001F441344C1E9067304EB4C30114B0446D0
:102220001C60114B00F5005006F47E461860F3F771
:10223000F9FAB6F57E4F0BD02B0704D5BDE8F84070
:102240000220F2F75BBFBDE8F8400320F2F756BF6B
:10225000F8BD00BF40AD00205CAD0020208C002008
:10226000642D0120F88B00200C8C0020A0F5FD408F
:10227000703810B50C460F281CD8DFE800F04F3836
:1022800066778899081B1B1B0E0E1C1C2A2A11F04E
:10229000010018BF0120F2F731FF4E4B4E4A1B7967
:1022A00012684E485B00B4FBF3F103FB114302EBF1
:1022B0004333036010BD474B474A1B7912684848B7
:1022C0005B00B1FBF3F103FB114302EB433303600B
:1022D00010BD404B404A1B79126842495B00B4FB79
:1022E000F3F003FB104402EB44320A6010BD394A9C
:1022F0003D4B52791B68D20001F07F04B4FBF2F130
:1023000002FB114403EB84223849134602F5806234
:10231000C1E90232BDE81040F3F784BA2D4A324BCE
:1023200052791B68D20001F07F04B4FBF2F102FB8A
:10233000114403EB84222D49134602F58062C1E962
:102340000032BDE81040F3F76DBA224B264A5B79A4
:1023500012682648DB00B1FBF3F103FB114302EBEB
:1023600083230361BDE81040F3F75CBA194B1E4AA2
:102370005B7912681D48DB00B1FBF3F103FB1143ED
:1023800002EB83234361BDE81040F3F74BBA114BD6
:10239000154A5B7912681548DB00B1FBF3F103FBCA
:1023A000114302EB83238361BDE81040F3F73ABA8F
:1023B000084B0D4A5B7912680C48DB00B1FBF3F166
:1023C00003FB114302EB8323C361BDE81040F3F725
:1023D00029BA00BF40AD00205CAD0020F88B002082
:1023E0000C8C0020842B0020208C0020642D0120E8
:1023F00070B52549254C0B79487925492160254937
:10240000254C0C602549264C0C602649264C0C6056
:102410002649274C0C602749274C0C602749284C3B
:102420000C602849284C0C602849294C0C6029492B
:10243000294C2A4A0C602A4912680A609B03A3F5BA
:102440008041284D284E294CA3F5005311441344D4
:1024500002F5005231602A60236060B1244A254BA6
:10246000126803F1200143F8042F8B4202F58062C9
:10247000F9D1F3F7D7F90120F2F740FE0121BDE8C9
:10248000704008460EF07EB840AD002054AD0020EC
:10249000F123010834AC0020955B0008288C002053
:1024A000F9240108248C00204579010860AD002042
:1024B000995B0008308C00209D5B0008948B002005
:1024C000497901086C2A0020A15B0008A88B002034
:1024D000A55B0008F48B00208C2B00205CAD002055
:1024E000F88B00200C8C0020842B0020A08B002077
:1024F000208C0020602D0120A0F5FD40703810B523
:102500000C460C2820D8DFE800F02039516375878D
:10251000071F1F1F119BAA00604B11F0010001F063
:10252000020218BF01201A70F2F7E8FD5C4B5D4A09
:102530001B7912685C49A4085B00B4FBF3F003FB51
:10254000104402EB44320A6010BD554A574B527991
:102550001B68D20001F0FE04B4FBF2F102FB11444F
:102560004E49097803EB8422134602F58062002964
:1025700000F090804E490B614A615DE0484A4B4B48
:1025800052791B68D20001F0FE04B4FBF2F102FBA9
:1025900011444249097803EB8422134602F5806214
:1025A000002973D042498B61CA6145E03C4B3B49ED
:1025B0003E4A5B7912680878DB00B4FBF3F103FB59
:1025C000114302EB83233A4A00285DD1136133E0C3
:1025D000334B3249354A5B7912680878DB00B4FB2B
:1025E000F3F103FB114302EB8323314A002849D165
:1025F000536121E02A4B29492C4A5B7912680878FB
:10260000DB00B4FBF3F103FB114302EB8323284A05
:10261000002835D193610FE0214B2049234A5B7993
:1026200012680878DB00B4FBF3F103FB114302EB03
:1026300083231F4A10B3D360BDE81040F3F7F2B80C
:10264000174B184A1B7912688C085B001949B4FBB8
:10265000F3F003FB104402EB44320A6010BD104B50
:10266000104A1B7912688C085B001349B4FBF3F025
:1026700003FB104402EB44320A6010BDD361DBE778
:102680009360D9E75360D7E71360D5E70849C1E9FC
:102690000232D1E70649C1E90032CDE7582E0120C8
:1026A00040AD00205CAD0020F88B0020208C002085
:1026B000642D01200C8C0020842B002048F218335C
:1026C00098422DE9F04141D8B0F5034F2DD3A0F544
:1026D0000340182827D8DFE810F0B200C000CE0071
:1026E00026002600260026002600260026002600BA
:1026F00026002600260026002600DC0005012E010B
:1027000057018B01BF01A50119009500AC4B5B7807
:1027100003F03003302B00F00B82102B00F0B78158
:10272000202B00F0B481BDE8F081B0F5024F00F03D
:10273000CB814CD948F201239842F4D1A14AA24856
:102740001378017043EA01231360ECE720F48073EF
:102750004BF2FF02934202D0B0F5304FE3D19B4BD6
:102760009B4A1C68964B12799A4D1970480001F0EB
:1027700030030901520001F440712960DFF864E27E
:10278000B0FBF2F8411C02FB180004EB4030924F02
:10279000CEF8000043F00F03B1FBF2F002FB101182
:1027A0005B0004EB413103F1010C8C4E3960B3FB4B
:1027B000F2F102FB113304EB4333894D3360BCFB70
:1027C000F2F302FB13CC04EB4C342C60ABE7B0F516
:1027D000004FC4D0B0F5014FA5D17D4B5B79202BC4
:1027E0009CBF774B597011F0030100F074810129EF
:1027F00000F0CB81022900F0C381BDE8F041022046
:10280000F2F77CBC6E4A724B127870481B790068F4
:10281000744C02F0300211435B004900B1FBF3F24B
:1028200003FB121200EB4232013122606A4AB1FB13
:10283000F3F403FB141100EB4130106073E7644BB9
:10284000624A1B791268674C5B00B1FBF3F003FB33
:10285000101302EB4333236065E75D4B5B4A1B7942
:1028600012685D4C5B00B1FBF3F003FB101302EB4D
:102870004333236057E7564B544A1B791268574C31
:102880005B00B1FBF3F003FB101302EB4333236057
:1028900049E74B4B5B7803F03003302B00F0348179
:1028A000102B02D0202B7FF43EAF4A4B484A1B68C6
:1028B00052794D484D4C00684B40D2005B00B3FB51
:1028C000F2F102FB113100EB812101332160B3FBF6
:1028D000F2F102FB113300EB83206060BDE8F041B0
:1028E000F2F7A0BF364B5B7803F03003302B00F0DB
:1028F000F780102B02D0202B7FF415AF354B344AD4
:102900001B6852793848394C00684B40D2005B0054
:10291000B3FBF2F102FB113100EB81210133A16025
:10292000B3FBF2F102FB113300EB8320E060BDE862
:10293000F041F2F777BF224B5B7803F03003302B86
:1029400000F00A81102B02D0202B7FF4ECAE214B3B
:102950001F4A1B6852792448244C00684B40D2001F
:102960005B00B3FBF2F102FB113100EB812101337B
:102970002161B3FBF2F102FB113300EB83206061B4
:10298000BDE8F041F2F74EBF0D4B5B7803F030032A
:10299000302B7FF4C2AE0F4B0D4A13481B6852799F
:1029A0004B40D2000168B3FBF2F4104802FB143331
:1029B00001EB8323C360BDE8F041F2F733BF00BFF2
:1029C00030D60120B4D501200CB501205CAD00202B
:1029D00040AD002010B501200C8C0020842B00207D
:1029E000A08B0020F88B0020208C0020642D01207B
:1029F000684B5B7803F03003302BA3D1664B674AFA
:102A000067481B6852794B40D2000168B3FBF2F46F
:102A1000644802FB143301EB83230361BDE8F041FA
:102A2000F2F700BF5B4B5B7803F03003302B89D1AA
:102A3000594B5A4A5A481B6852794B40D200016898
:102A4000B3FBF2F4574802FB143301EB8323836199
:102A5000BDE8F041F2F7E6BE4E4B5B7803F0300381
:102A6000302B7FF45AAE4C4B4C4A4D481B68527980
:102A70004B40D2000168B3FBF2F44A4802FB143326
:102A800001EB83234361BDE8F041F2F7CBBE424B3B
:102A9000424A1B6852794248424C00684B40D2007F
:102AA0005B00B3FBF2F102FB113100EB812101333A
:102AB000A161B3FBF2F102FB113300EB8320E06173
:102AC000BDE8F041F2F7AEBE374A136803F47F4326
:102AD0000B43136027E6BDE8F0410120F2F70EBB7F
:102AE0002D4B2E4A2E481B6852794B40D20001686C
:102AF000B3FBF2F42B4802FB143301EB8323436056
:102B0000BDE8F041F2F78EBE234B244A24481B68EF
:102B100052794B40D2000168B3FBF2F4214802FB2A
:102B2000143301EB83230360BDE8F041F2F77ABE72
:102B3000194B1A4A1A481B6852794B40D200016857
:102B4000B3FBF2F4174802FB143301EB8323C36198
:102B5000BDE8F041F2F766BE0F4B104A10481B6803
:102B600052794B40D2000168B3FBF2F40D4802FBEE
:102B7000143301EB83238360BDE8F041F2F752BECA
:102B8000BDE8F0410320F2F7B9BABDE8F0410020FA
:102B9000F2F7B4BA30D6012010B5012040AD0020C4
:102BA000208C0020642D0120B4D5012038B5244AA2
:102BB000244C13795079244A2260244A244C14600E
:102BC000244A254C1460254A254C1460254A264C7D
:102BD0001460264A264C1460264A274C1460274A63
:102BE000274C1460274A284C28491460284A096851
:102BF000284C14609B03284C284DA3F58042A3F574
:102C000000530B440A4423602549264C2A60226065
:102C10000B6060B1244A254B126803F1200143F890
:102C2000042F8B4202F58062F9D1F2F7FBFD0120FF
:102C3000F2F764FA0121BDE8384008460DF0A2BC65
:102C400040AD002054AD0020AD2B010834AC002075
:102C5000955B0008288C0020B96D0008248C0020AA
:102C60004579010860AD0020995B0008308C002098
:102C70009D5B0008948B0020497901086C2A002094
:102C8000A15B0008A88B0020A55B00085CAD0020BC
:102C9000F48B00208C2B00200C8C0020F88B002063
:102CA000A08B0020842B0020208C0020602D012090
:102CB00070B50C06C0F341306DD4654D654A2B7874
:102CC000147801F0010199400133DBB22143C9B20C
:102CD000052B614C2B70117010D02378990703F0ED
:102CE000010216D5002A63D00020F2F707FA5B4AEA
:102CF0001378012B16D80133137070BD01F01F013A
:102D000021542378002111702970990703F00102E2
:102D1000E8D4002A50D00320F2F7F0F94F4A137894
:102D2000012BE8D9022BE8D14D4A4E4B617810793E
:102D30001A680B074FEA400042D401F006035B001B
:102D40005E1C9C1CB3FBF0F500FB15350333B6FB92
:102D5000F0FC00FB1C66B4FBF0FC00FB1C44B3FB66
:102D6000F0FC00FB1C3302EB453502EB463602EB70
:102D7000443402EB43333C4A3C4815603C4A04600F
:102D800016603C4A1360CB0645D53B493B4A0023BD
:102D90000B60137070BD2E4B2E492F4C00221A7001
:102DA0000A702378002899D143F00C03237095E72B
:102DB0000120F2F7A3F99AE70220F2F79FF996E7CC
:102DC0002578E3782E072AD503F0070308335B0044
:102DD0005C1CB3FBF0F600FB1633B4FBF0F600FB13
:102DE000164402EB44366C0702EB43331BD51D46F9
:102DF0001E241F23B4FBF0F4B3FBF0F300FB04F438
:102E000000FB03F3C4F11E04C3F11F0302EB4434BF
:102E100002EB4333AFE7194B01221A7070BD03F088
:102E2000060308338BE71C4610253346B5FBF0F547
:102E3000112600FB05F5B6FBF0F600FB06F6C5F122
:102E40001005C6F1110602EB453502EB463692E756
:102E500098AF0120C8B40120E8AF0120FBAF0120EA
:102E600040AD00205CAD0020F88B0020842B0020BA
:102E70000C8C0020A08B00205476022084AF01200F
:102E80002DE9F04F44F201131840B0F5824F85B0A0
:102E900000F09C80984213D1724B1B78072B0FD8FF
:102EA000DFE813F09F000E000E000E00B900C60010
:102EB000D3000800CB074CBF00200120F2F71EF919
:102EC000694A6A4B10781A788000D200431C00933C
:102ED00000F1020EC31C0193531C0293931C039335
:102EE00002F1030B171D02F1050A02F1060902F1B6
:102EF00007085F4B5F4993F804C00D685B795E4932
:102F00005E4C09684FEA4C0CB0FBFCF60CFB16005B
:102F10005B4E05EB40303060009EB6FBFCF00CFBD6
:102F20001066584805EB46360660BEFBFCF0564E70
:102F30000CFB10EE05EB4E303060019EB6FBFCF052
:102F40000CFB106005EB40355048DB000560B2FB20
:102F5000F3F003FB102201EB822222600298B0FB07
:102F6000F3F203FB120201EB822262600398B0FBD2
:102F7000F3F203FB120201EB8222A260BBFBF3F22D
:102F800003FB12B201EB8222E260B7FBF3F203FB18
:102F9000127201EB82222261BAFBF3F203FB12A24E
:102FA00001EB82226261B9FBF3F203FB129201EBA7
:102FB0008222A261B8FBF3F203FB128301EB8321AF
:102FC000E16105B0BDE8F04FF2F72CBC264A274B73
:102FD00010781A78234B01F00701D2008000197095
:102FE00074E7224A20490323137001931A221923FC
:102FF000CDE902320020012308704FF01F084FF086
:103000001E094FF01D0A1C274FF01B0B18224FF012
:10301000020E00936DE7154B13481A78007889006B
:1030200002F0030201F01C010A4380001A704CE711
:103030000D4B01F00701880019700C4B421C0092E7
:103040001A7800F1020ED20044E7084B06481A78BD
:10305000007802F01C0201F003010A4380001A709C
:1030600033E700BF81D50120522E0120C4AF0120DB
:1030700040AD00205CAD0020208C0020642D01209C
:10308000F88B00200C8C0020842B0020A08B0020CB
:10309000644B1840B0F5404F1CD00CD848F20103E7
:1030A000984212D0B0F5204F40F0BA805E4B01F04C
:1030B0000701197070474EF20303984204D15B4A2E
:1030C0005B4B1170197070477047CB070DD500200E
:1030D000F2F714B810B4544B1B78072B15D8DFE85F
:1030E00003F02843546F80078E170120F2F706B8CB
:1030F000504B514A1B791268504C5B00B1FBF3F006
:1031000003FB101302EB433323605DF8044B70475D
:10311000484B4B4A5B7912684A4CDB00B1FBF3F039
:1031200003FB101302EB8323A3615DF8044BF2F75A
:1031300079BB404B424A5B791068424CDB0001F09E
:10314000FE01B1FBF3F203FB121200EB822201310C
:103150002260B1FBF3F203FB121100EB81206060EF
:103160005DF8044BF2F75EBB324B354A5B7912686F
:10317000344CDB00B1FBF3F003FB101302EB8323B1
:1031800063615DF8044BF2F74DBB2A4B2C4A5B7927
:1031900010682C4CDB0001F0FE01B1FBF3F203FBE5
:1031A000121200EB82220131A260B1FBF3F203FBA9
:1031B000121100EB8120E0605DF8044BF2F732BBA6
:1031C0001C4B1F4A5B7912681E4CDB00B1FBF3F00D
:1031D00003FB101302EB8323E3615DF8044BF2F76A
:1031E00021BB144B144A1B791268174C5B00B1FBCE
:1031F000F3F003FB101302EB4333236085E70D4B21
:103200000F4A5B7912680F4CDB00B1FBF3F003FB54
:10321000101302EB832323615DF8044BF2F702BB2A
:10322000704700BF03F0FFFFF8AF012046D5012033
:103230004976022040AD00205CAD00200C8C0020BF
:10324000208C0020642D0120F88B00204CF20C0310
:10325000984270B41FD8B0F5404F54D2B0F5284F03
:1032600000F0398238D900F5A0439BB20C2B48D826
:10327000A0F530400C2844D8DFE810F008024300E5
:1032800043004300F001430043004300E5014300D5
:1032900043004300CD014EF20C03984200F2BA8085
:1032A000B0F5604F80F0948000F540539BB20C2B3A
:1032B00027D8A0F550400C2823D8DFE810F0A10152
:1032C0002200220022007101220022002200660159
:1032D0002200220022004E01B0F5184F00F0E181DB
:1032E00032D9B0F5204F0CD1B94BBA4A1B791268CC
:1032F000B94C5B00B1FBF3F003FB101002EB403262
:10330000226070BC7047A0F540400C28F9D801A39A
:1033100053F820F045350108033301080333010851
:10332000033301081535010803330108033301088D
:1033300003330108FF340108033301080333010894
:1033400003330108CF340108B0F5084F00F0B58110
:1033500049F208039842D4D10129D2D19F499C480F
:103360009F4C0C6003799B4A9E4D12689A4E40799F
:1033700004F104344C609C499C4C0A609B03A3F507
:103380008041A3F500531144134402F5005231600B
:103390002A6023600028B4D0954B964A1B681360BE
:1033A00003F5806003F50061C2E9010103F54064A3
:1033B00003F58051C2E9034103F5A05003F5C05164
:1033C000C2E9050103F5E053D36170BCF2F72ABAF4
:1033D000A0F560400C2894D801A353F820F000BF5A
:1033E000B93401080333010803330108033301082A
:1033F000893401080333010803330108033301084A
:10340000733401080333010803330108033301084F
:10341000433401084FF20403984200F06A814FF2EE
:103420000803984202D1744B19706AE7B0F5704FE7
:103430007FF467AF714A136803F47F430B43136053
:103440005FE76648624AC378694C527903F00F031C
:1034500043EA0113DBB22168C371D200654CB3FBB0
:10346000F2F002FB103301EB8323E36170BCF2F74F
:10347000D9B95A48564AC3785D4C527923F00F03A4
:1034800001F00F010B43E6E75448514A8379584C49
:10349000527903F00F0343EA0113DBB22168837111
:1034A000D200544CB3FBF2F002FB103301EB832348
:1034B000A36170BCF2F7B6B94848454A83794C4CD1
:1034C000527923F00F0301F00F010B43E6E7434865
:1034D0003F4AC378464C527903F00F0343EA011385
:1034E000DBB22168C370D200424CB3FBF2F002FBA6
:1034F000103301EB8323E36070BCF2F793B93748D4
:10350000334AC3783A4C527923F00F0301F00F018C
:103510000B43E6E731482E4A8378354C527903F065
:103520000F0343EA0113DBB221688370D200314CF0
:10353000B3FBF2F002FB103301EB8323A36070BCFA
:10354000F2F770B92548224A8378294C527923F042
:103550000F0301F00F010B43E6E720481C4A4379B3
:10356000234C527903F00F0343EA0113DBB22168C5
:103570004371D2001F4CB3FBF2F002FB103301EB9E
:103580008323636170BCF2F74DB91448104A437944
:10359000174C527923F00F0301F00F010B43E6E7BC
:1035A0000E480B4A0379124C527903F00F0343EA99
:1035B0000113DBB221680371D2000E4CB3FBF2F0B1
:1035C00002FB103301EB8323236170BCF2F72AB9AD
:1035D00040AD00205CAD0020842B00209CAF01207A
:1035E000000102030C8C0020F88B0020A08B00202F
:1035F000208C0020642D01206CAF0120702E012052
:103600004348444A0379444C527923F00F0301F0B4
:103610000F010B43CEE73E483E4A43783E4C527979
:1036200003F00F0343EA0113DBB221684370D200B9
:103630003A4CB3FBF2F002FB103301EB83236360DF
:1036400070BCF2F7EFB83248324A4378324C5279C4
:1036500023F00F0301F00F010B43E6E72C482D4A3E
:1036600003782D4C527903F00F0343EA0113DBB2C8
:1036700021680370D200294CB3FBF2F002FB103337
:1036800001EB8323236070BCF2F7CCB82048214AB9
:103690000378214C527923F00F0301F00F010B4303
:1036A000E6E761B301292ED0022902D003297FF475
:1036B00028AE70BC0846F1F721BD164B184A1B799D
:1036C0001268184C5B00B1FBF3F003FB101002EB27
:1036D0004032226015E60F4B114A1B791268124CDA
:1036E0005B00B1FBF3F003FB101002EB40322260F1
:1036F00007E60E4A137843EA0123136001E670BC23
:103700000120F1F7FBBC70BC0020F1F7F7BC00BF53
:103710009CAF012040AD0020208C0020642D0120B2
:103720005CAD0020F88B00200C8C0020702E012056
:103730002DE9F04F404B414A93F804E01668404AA7
:103740005B79116885B04FEA400C01964FEA4E0E46
:103750000CF00E0C0CF10107BCFBFEF60EFB16CCB8
:10376000019E06EB4C3C374EC6F800C0364EC6F8FC
:1037700000C0019EB7FBFEFC0EFB1C7706EB473634
:10378000C200324F02F038023E60941C304F029467
:10379000DB00D41C03943E602E4CB2FBF3F602F126
:1037A000040B02F1050A02F1060902F107080546B9
:1037B000501C03FB162201EB82222260B0FBF3F2C5
:1037C00003FB120001EB802060600298B0FBF3F273
:1037D00003FB120201EB8222A2600398B0FBF3F21A
:1037E00003FB120201EB8222E260BBFBF3F203FB5C
:1037F00012B201EB82222261BAFBF3F203FB12A2A6
:1038000001EB82226261B9FBF3F203FB129201EB3E
:103810008222A261B8FBF3F203FB128301EB832146
:10382000E161F1F7FFFF15F0010018BF012005B0BD
:10383000BDE8F04FF1F762BC40AD00205CAD002068
:10384000208C0020F88B0020842B00200C8C002082
:10385000A08B0020642D012070B52549254C0B79E3
:103860004879254921602549254C0C602549264C7D
:103870000C602649264C0C602649274C0C602749D1
:10388000274C0C602749284C0C602849284C0C60B8
:103890002849294C0C602949294C2A4A0C602A499C
:1038A00012680A609B03A3F58041284D284E294CDD
:1038B000A3F500531144134402F5005231602A600D
:1038C000236060B1244A254B126803F1200143F8BC
:1038D000042F8B4202F58062F9D1F1F7A3FF01209A
:1038E000F1F70CFC0121BDE8704008460CF04ABE1F
:1038F00040AD002054AD00205938010834AC002000
:10390000CD810008288C002041790108248C0020FA
:103910004579010860AD0020995B0008308C0020DB
:103920009D5B0008948B0020497901086C2A0020D7
:10393000A15B0008A88B0020A55B0008F48B002089
:103940008C2B00205CAD0020F88B00200C8C00201C
:10395000842B0020A08B0020208C0020602D0120D3
:103960002DE9F04F564E574973790968564C83B08C
:1039700000F03F02DB00D2000546C0F3C410019006
:10398000B2FBF3FB02F1010902F10208D71C02F1BC
:10399000040E02F1050C901D02F1070A03FB1B2225
:1039A00001EB82222260B9FBF3F203FB129901EBD7
:1039B00089226260B8FBF3F203FB128801EB8822D4
:1039C000A260B7FBF3F203FB1277BEFBF3F203FB3B
:1039D00012EE01EB8E222261BCFBF3F203FB12CC50
:1039E00001EB8C226261B0FBF3F203FB1200BAFB25
:1039F000F3F203FB12AA01EB802001EB872701EB16
:103A00008A21A061E161E760F1F70CFFAF044CBFD0
:103A100000200120F1F772FB2C4B32791968019BD1
:103A2000EC044FEA83034FEA420212D5680636D50A
:103A3000981C0333B0FBF2F402FB1400B3FBF2F466
:103A400002FB143301EB403001EB433105460C46D9
:103A50001AE0B3FBF2F002FB10305C1C01EB4035C6
:103A6000981C0333B4FBF2F602FB1644B0FBF2F6EB
:103A700002FB1600B3FBF2F602FB163301EB4434F3
:103A800001EB403001EB4331114B124A1D60124BE8
:103A900010601C60114B196003B0BDE8F08F581C1A
:103AA000B3FBF2F402FB1433B0FBF2F402FB14029A
:103AB00001EB433001EB423105460C46E4E700BF21
:103AC00040AD0020208C0020642D01205CAD002042
:103AD000F88B0020842B00200C8C0020A08B002071
:103AE00038B5344CC50746BF61702178217011F09C
:103AF000400018BF0120F1F701FB207861782E4DBE
:103B00002E4CC21002F01002C0F3430349011343CC
:103B100001F020012A790B43216884064FEA8303D0
:103B20004FEA420212D5C00734D5981C0333B0FBCC
:103B3000F2F402FB1400B3FBF2F402FB143301EBCA
:103B4000403001EB433105460C461AE0B3FBF2F07E
:103B500002FB10305C1C01EB4035981C0333B4FBB6
:103B6000F2FC02FB1C44B0FBF2FC02FB1C00B3FBAA
:103B7000F2FC02FB1C3301EB443401EB403001EB5F
:103B800043310F4B0F4A1D600F4B10601C600F4BF1
:103B9000196038BD581CB3FBF2F402FB1433B0FBC0
:103BA000F2F402FB140201EB433001EB4231054613
:103BB0000C46E6E79CB0012040AD00205CAD002043
:103BC000F88B0020842B00200C8C0020A08B002080
:103BD000F0B4404A404912790311C0F3C30403F022
:103BE00010032343C5070C684FEA83034FEA4202E0
:103BF00041D5B3FBF2F75E1C9D1CD91CB6FBF2FC51
:103C000002FB173702FB1C66B5FBF2FC02FB1C55DE
:103C1000B1FBF2FC02FB1C1104EB473704EB463608
:103C200004EB453504EB4131DFF8BCC0CCF8007043
:103C30002A4F3E602A4E35602A4D0706296014D46B
:103C4000810503F0700335D503F10E01B1FBF2F7E6
:103C500002FB17110F3304EB41313160B3FBF2F17A
:103C600002FB113304EB43332B60830715D5F0BC03
:103C70000020F1F743BA410713D4B3FBF2F502FB7E
:103C8000153504EB4535591CB1FBF2F602FB161154
:103C900004EB41312F460E46C6E7F0BC0120F1F798
:103CA0002DBA9D1CB5FBF2F602FB1655D91C04EB90
:103CB0004535E9E7591CB3FBF2F702FB173304EB78
:103CC00043333360B1FBF2F302FB131104EB4134D5
:103CD0002C60CAE740AD00205CAD00200C8C0020B9
:103CE000842B0020A08B0020F88B00202DE9F04FC2
:103CF000C0F3C123012B85B00646C0F3C31200F008
:103D0000AD80032B01D142F02002564B56481C686F
:103D10000379B7064FEA43037FD55200D2B2750646
:103D200044BF0132D2B29200551CB2FBF3F703FB41
:103D3000172204EB4237B5FBF3F203FB125504EBF9
:103D4000453B01973A46CDF808B001F00304B100B5
:103D500001F03C0143794548454D2143C9000468C1
:103D6000881D039043480260434A02981060434A0A
:103D700001981060424ADB0001F10109C2F800B06D
:103D800001F10208B1FBF3F2CF1C01F1040E01F1C5
:103D9000050C01F1070A03FB1211B9FBF3F203FB57
:103DA000129904EB89226A60B8FBF3F203FB1288D4
:103DB00004EB8822AA60B7FBF3F203FB1277BEFB89
:103DC000F3F203FB12EE04EB8E222A61BCFBF3F24A
:103DD00003FB12CC04EB8C2204EB812104EB87273C
:103DE0006A612960EF600399B1FBF3F203FB1210E3
:103DF000BAFBF3F203FB12AA04EB802004EB8A2443
:103E0000A861EC61F1F70EFDB3044CBF0020012066
:103E100005B0BDE8F04FF1F771B9920002F1010C65
:103E2000971C02F10308B2FBF3FE03FB1E22BCFB4E
:103E3000F3FE03FB1ECC04EB4C35B7FBF3FC03FB9A
:103E40001C77029504EB47350195B8FBF3F703FBAC
:103E5000178504EB423204EB453B76E742F0100253
:103E600053E700BF5CAD002040AD0020208C002057
:103E7000642D0120F88B00200C8C0020842B002066
:103E8000A08B00202DE9F04F544A554B044614F006
:103E90001E0F10681B6885B077D0524A1779527987
:103EA00004F01F0C7F004FEA4C0C0CF1010EBCFB20
:103EB000F7F607FB16CC4C4E00EB4C3CC6F800C0A6
:103EC0004A4EE1B2C6F800C0C900494EBEFBF7FC3D
:103ED00007FB1CEE4D1C00EB4E3030600195454E4B
:103EE0008D1CD2000295CD1C03953060424DB1FB74
:103EF000F2F001F1040B01F1050A01F1060901F1EB
:103F0000070802FB101103EB812129600198B0FB27
:103F1000F2F102FB110603EB86266E600298B0FBFD
:103F2000F2F102FB110103EB8121A9600398B0FBC0
:103F3000F2F102FB110103EB8121E960BBFBF2F11D
:103F400002FB11B103EB81212961BAFBF2F102FB03
:103F500011A103EB81216961B9FBF2F102FB11911F
:103F600003EB8121A961B8FBF2F102FB118203EBA3
:103F70008223EB61F1F756FCA3064CBF0020012021
:103F800005B0BDE8F04FF1F7B9B8174A184E106008
:103F9000194A1849136000F500573760134D00F5B2
:103FA000804600F5C040086003F5806003F50061BD
:103FB0002E60C2E9010103F5406003F58051C2E9BA
:103FC000030103F5A05003F5C05103F5E053C2E926
:103FD0000501D361F1F726FCCEE700BF5CAD002000
:103FE000208C002040AD0020F88B0020842B002086
:103FF0000C8C0020A08B0020642D012070B41D4B80
:104000001D491A790E6800F01E035B005200591C0E
:10401000B3FBF2F4B1FBF2F502FB143402FB151111
:10402000850606EB443406EB41311BD59D1C03335A
:10403000B5FBF2FC02FB1C55B3FBF2FC02FB1C338C
:1040400006EB453506EB43330C4A14600C4A11600D
:104050000C4A0D49136003060D6006D570BC0020A4
:10406000F1F74CB825460B46EEE770BC0120F1F79E
:1040700045B800BF40AD00205CAD0020F88B0020AB
:104080000C8C0020A08B0020842B002070B42C4AC4
:104090002C4B12791D6888064FEA41034FEA420211
:1040A00024D503F03E03B3FBF2F002FB10300133E2
:1040B000B3FBF2F402FB143305EB403005EB433362
:1040C00006461C46204A1660204A1460204C214AAD
:1040D00020603F29136027D901F0C00140292BD06F
:1040E000802925D070BC0220F1F708B803F03C030A
:1040F0005C1C981CB3FBF2F602FB16360333B4FBD0
:10410000F2FC02FB1C44B0FBF2FC02FB1C00B3FB04
:10411000F2FC02FB1C3305EB463605EB443405EBA1
:10412000403005EB4333CDE770BC0520F0F7E6BF28
:1041300070BC0020F0F7E2BF70BC0120F0F7DEBFDA
:1041400040AD00205CAD0020F88B00200C8C0020DE
:10415000842B0020A08B0020F0B4C31000F01F01BE
:1041600003F0600343EA01044C4902460879402801
:1041700023464FEA40015CD0B1F5807F35D0B1F5E0
:10418000C07F77D000264648150500684FEA8303B4
:1041900033D5D40458D59C1C0333B4FBF1F501FB93
:1041A0001544B3FBF1F501FB153300EB443400EB90
:1041B000433005462346DFF8FCC03A4FCCF80030C8
:1041C0003D60394B394D18602C602EB13849CCF820
:1041D000001039602960196012F4806030D19304B6
:1041E000F0BC58BF0120F0F789BF02F44070B0F571
:1041F000007F39D0C2F30026C5E75D1C9C1CDF1C84
:10420000B3FBF1FC01FB1C33B5FBF1FC01FB1C55BE
:10421000B4FBF1FC01FB1C44B7FBF1FC01FB1C717E
:1042200000EB433300EB453500EB443400EB413009
:10423000C1E702F44070B0F5007FDBD10126A2E7B0
:10424000F0BC0320F0F75ABF5D1CB3FBF1F401FB97
:10425000143300EB4334B5FBF1F301FB135500EBD2
:10426000453023460546A6E704F01F0444F020032A
:10427000002688E702F44076B6F5007FF4D0B6F564
:10428000407F05D0A6F58076B6FA86F676097AE7FD
:1042900004F01F0444F04003002674E740AD002002
:1042A0005CAD00200C8C0020A08B0020842B002013
:1042B00040D60120F88B00202DE9F04180F4004227
:1042C000594CB2F5804F23783DD2020102F0300202
:1042D00003F00703554D1343237083064CBF0020A2
:1042E0000120F0F70BFF2B78202B6AD024D8002B6D
:1042F00033D0102B1ED121784D4A41F0370110796F
:104300004C4B21704A001D684B4E4C4C4000531CD6
:10431000B3FBF0F100FB1133494905EB43330B606C
:1043200033604849B2FBF0F300FB132205EB423245
:1043300022600A60BDE8F081302BFBD121783C4A35
:1043400041F00801DBE700F00702384D03F03003CD
:10435000134300F030022A70BEE735482378354910
:1043600000790D68DFF8D4E0364E354F43F008028F
:10437000400022705200511C43F00F03B2FBF0F8D2
:1043800000FB18225B0005EB423203F1010CCEF872
:104390000020B1FBF0F200FB1211B3FBF0F200FBC6
:1043A000123305EB4333244C3360BCFBF0F300FBCA
:1043B00013C205EB413105EB423239602260BDE8A2
:1043C000F08122781A4B1B4918790D68DFF870C00C
:1043D0001A4F1C4E42F00802530003F4FE734000D3
:1043E00022705A1CB2FBF0F100FB112105EB4131A8
:1043F0009A1CDC1CCCF80010B3FBF0FC00FB1C3357
:1044000005EB43333B60B2FBF0F300FB132205EBFB
:10441000423232600849B4FBF0F300FB134205EB73
:1044200042320A60BDE8F08169B0012083AF01200B
:1044300040AD00205CAD0020A08B0020F88B002058
:104440000C8C0020842B002020F40060B0F5404F3D
:10445000F0B53ED083B212D848F20102934240D068
:10446000B3F5204F1BD1484A484B10789970A8B932
:10447000CB07BDE8F04058BF0120F0F73FBEB3F5D1
:10448000604F1ED04EF2010293420ED1404A3F4C83
:10449000404BE1710120107000221A70F0BDB3F59D
:1044A000004FFBD1394B1970F0BD4CF20102934221
:1044B000F4D1364C3848374B6171002201701A70C4
:1044C000F0BD324C3248334AA1710023037013709F
:1044D000F0BD2E4C31482F4B2171002201701A7013
:1044E000F0BD2A482E4B2F4C1A790378246841706E
:1044F000062B4FEA42021AD0072B3ED0F3B12A4DC9
:104500002A49C37809782878294D18430B43B3FB0F
:10451000F2F102FB113304EB433326492B60B0FB6D
:10452000F2F302FB130004EB40340C60F0BD1E4DAF
:10453000C37829701D4D08462978E5E74B0103F043
:10454000400343F03E0C1849BCFBF2F6DFF86CE088
:10455000194FC37002FB16CC43F03F0504EB4C36F9
:104560000878CEF800601149B5FBF2F602FB16554B
:1045700004EB453509783D60C6E70C4DC3780A4821
:1045800029700078C0E700BF58AD00206CB0012052
:10459000902E012018D60120BB2D0120F5D5012039
:1045A00040AD00205CAD0020D22D0120A7B001203D
:1045B0000C8C0020F88B0020A08B0020842B002086
:1045C00020F0FE02B2F5404F10B46BD093B21ED86B
:1045D000B3F5204F70D04DD8B3F5084F79D041D9FD
:1045E00048F60102934227D1AD4BAE4A1B781278B0
:1045F00003F00703013B062B00F21582DFE813F0FE
:104600006C012001F000C00090007F006E00B3F547
:10461000604F3DD013D9B3F5684F39D0A24A4EF25E
:1046200001031040984207D1A04A9D4CA04BE17174
:104630000120107000221A705DF8044B7047B3F52A
:10464000484F2FD0984A4CF2010310409842F3D1C2
:10465000934C9848964B6171002201701A705DF876
:10466000044B7047B3F5004F33D048F20102934238
:10467000BAD0E1E7B3F5284F1ED08B4A4AF20103C6
:1046800010409842D8D1864BD9705DF8044B7047E2
:10469000834C8648864AA1710023037013705DF82D
:1046A000044B70477E4C8448814B2171002201707D
:1046B0001A705DF8044B7047804A794B10789970F6
:1046C0000028B9D1CB075DF8044B58BF0120F0F7A3
:1046D00015BD734B19705DF8044B7047012A00F04B
:1046E0003681774B774A1B791268774C5B00B1FBB8
:1046F000F3F003FB101302EB433323609CE7012A22
:1047000000F03A816E4B6F4A1B7912686F4C5B0068
:10471000B1FBF3F003FB101302EB433323608BE791
:10472000012A1CD1C1F30013C1F340109B01CA0937
:1047300043EAC01343EAC203C1F38000C1F380120D
:1047400043EA401343EA0213C1F3C00001F002023E
:1047500043EA8003134301F00101DBB21943584BD4
:104760005B4A5B7912685B4CDB00B1FBF3F003FB47
:10477000101302EB8323E3615DF8044BF1F752B8A9
:10478000012A1CD1C1F30013C1F340109B01CA09D7
:1047900043EAC01343EAC203C1F38000C1F38012AD
:1047A00043EA401343EA0213C1F3C00001F00202DE
:1047B00043EA8003134301F00101DBB21943404B8C
:1047C000434A5B791268434CDB00B1FBF3F003FB17
:1047D000101302EB8323A3615DF8044BF1F722B8B9
:1047E000012A1CD1C1F30013C1F340109B01CA0977
:1047F00043EAC01343EAC203C1F38000C1F380124D
:1048000043EA401343EA0213C1F3C00001F002027D
:1048100043EA8003134301F00101DBB21943284B43
:104820002B4A5B7912682B4CDB00B1FBF3F003FBE6
:10483000101302EB832363615DF8044BF0F7F2BFC2
:10484000012A1CD1C1F30013C1F340109B01CA0916
:1048500043EAC01343EAC203C1F38000C1F38012EC
:1048600043EA401343EA0213C1F3C00001F002021D
:1048700043EA8003134301F00101DBB21943104BFB
:10488000134A5B791268134CDB00B1FBF3F003FBB6
:10489000101302EB832323615DF8044BF0F7C2BFD2
:1048A00020B00120602F012001F7FFFF4F2E0120D3
:1048B00033D60120DC2E0120022F012058AD00202C
:1048C00040AD00205CAD00200C8C0020F88B002057
:1048D000208C0020642D0120012A1CD1C1F300137B
:1048E000C1F340109B01CA0943EAC01343EAC20363
:1048F000C1F38000C1F3801243EA401343EA02137C
:10490000C1F3C00001F0020243EA8003134301F047
:104910000101DBB21943604B604A5B791068604C5F
:10492000DB0001F0FE02B2FBF3FC03FB1C2200EBF8
:10493000822241F00101A260B1FBF3F203FB1211EC
:1049400000EB8120E0605DF8044BF0F76BBF1F299E
:1049500027D8C1F34003C1F38002DB00081143EA0A
:10496000021343EA4003C1F3C00243EA820301F0A9
:1049700001011943C9B2B4E61F2933D8C1F340037A
:10498000C1F38002DB00081143EA021343EA40034B
:10499000C1F3C00243EA820301F001011943C9B225
:1049A000B0E6A1F12002C2F30013C2F340109B0154
:1049B00043EAC013C2F3C01043EAC003C2F380004D
:1049C00043EA4013C2F3801043EA0013C2F3C0006D
:1049D00043EA800302F00202134301F00101DBB25B
:1049E00019437EE6A1F12002C2F30013C2F3401086
:1049F0009B0143EAC013C2F3C01043EAC003C2F3F1
:104A0000800043EA4013C2F3801043EA0013C2F36C
:104A1000C00043EA800302F00202134301F00101E7
:104A2000DBB219436EE6012A1BD01B4B1B4A5B7994
:104A300010681B4CDB0001F0FE02B2FBF3FC03FB31
:104A40001C2200EB822241F001012260B1FBF3F253
:104A500003FB121100EB812060605DF8044BF0F75E
:104A6000E1BEC1F30013C1F340129B01C80943EA40
:104A7000C21343EAC003C1F38002C1F3801043EACA
:104A8000421343EA0013C1F3C00243EA820301F078
:104A900003011943C9E700BF40AD0020208C00206E
:104AA000642D01202248234A234B10B5234C046077
:104AB0002348244C04602448244C04602448254C9A
:104AC00004602548254C04602548264C046026488F
:104AD000264C04602648274C04602748274C046075
:104AE00012792748274C1B6804609203264C2748FC
:104AF0002360A2F58041A2F5005219441A4403F53F
:104B000000530360224C234B216001201A60224C89
:104B1000F0F7F4FA214A0023536001211360C2F830
:104B200007302360BDE8104008460BF02BBD00BFE6
:104B300054AD002040AD00205CAD0020A54A010826
:104B400034AC0020B1E40108288C002001E5010804
:104B5000248C00204579010860AD0020995B000895
:104B6000308C00209D5B0008948B0020497901085F
:104B70006C2A0020A15B0008A88B0020A55B000820
:104B8000F48B00208C2B0020F88B00200C8C002054
:104B9000842B0020A08B0020D8D50120E8D501204F
:104BA00025482649264A38B5264D0560264C274813
:104BB0000860274D274925602748284C0C60284D60
:104BC00028490560284C29480860294D2949256055
:104BD00029482A4C2A4B0C602A4D2B491B6805603A
:104BE0002A4808602A482B492B4C5279236003F548
:104BF0000055056003F580400860284903F5C0436F
:104C00000B6062B1264A274B126803F1200143F87A
:104C1000042F8B4202F58062F9D1F0F703FE0120E8
:104C2000F0F76CFA204B002201211A60BDE83840F1
:104C300008460BF0A7BC00BF54AD002034AC0020E8
:104C400040AD0020A14B0108288C0020AD4C01088C
:104C500041790108248C002060AD002039630008F0
:104C600051630008308C0020948B00209D5B00086D
:104C7000497901086C2A0020A88B0020A15B00085C
:104C80005CAD0020A55B0008F48B00208C2B00207D
:104C90000C8C0020842B0020F88B0020A08B00209F
:104CA000208C0020602D0120ECAF01202DE9F04F79
:104CB0008304C0F3C4150446C0F3803700F03F06F8
:104CC00083B04CBF00200120F0F718FA554B56482E
:104CD0001A68037905EB4711E5044FEA81014FEAB1
:104CE000430315D5640640F18B808D1C0331B5FB61
:104CF000F3F403FB1455B1FBF3F403FB141102EBC3
:104D0000453502EB413B01952946CDF800B01DE049
:104D10004C1C8D1C01F1030CB1FBF3FE03FB1E11B7
:104D2000B4FBF3FE03FB1E4402EB44340094B5FBDA
:104D3000F3F403FB145502EB45340194BCFBF3F48C
:104D400003FB14C302EB413102EB433B374D437984
:104D500029603749009D0D603649019D36480D6038
:104D600006EB871235490068C1F800B0DB00D200BD
:104D7000334CB2FBF3F102F1010902F10208D71C36
:104D8000161D02F1050E02F1060C02F1070A03FBE3
:104D9000112200EB82222260B9FBF3F203FB12998D
:104DA00000EB89226260B8FBF3F203FB128800EB90
:104DB0008822A260B7FBF3F203FB1277B6FBF3F293
:104DC00003FB1266BEFBF3F203FB12EE00EB8E2236
:104DD0006261BCFBF3F203FB12CC00EB8C22A261FC
:104DE000BAFBF3F203FB12AA00EB872700EB86263F
:104DF00000EB8A20E7602661E06103B0BDE8F08F38
:104E00004C1CB1FBF3F503FB1515B4FBF3F103FBED
:104E1000114402EB453502EB443B01952946CDF8A0
:104E200000B093E75CAD002040AD0020F88B00207F
:104E30000C8C0020842B0020208C0020A08B0020D4
:104E4000642D0120074B1B785BB1074A13684FF6AE
:104E5000FE7185338B42136003D9044900230B7024
:104E600013607047F4D50120C8AF0120ECA50220E3
:104E7000074B1A785AB107490A68722A05D80648BA
:104E8000002202700A601A707047723A0A60704716
:104E900044D501200CD60120ECA50220084B1A783D
:104EA0006AB108490A684FF68D70824205D90648F2
:104EB000002202700A601A70704771320A607047EF
:104EC000F92D012030B50120ECA50220074B1A78FE
:104ED0005AB107490A88712A05D80648002202708B
:104EE0000A801A707047713A0A807047BDAF01207E
:104EF0002CD60120ECA50220084B1B789B0705D57A
:104F0000074A1378FF2B02D0013313707047054B0B
:104F100005491B78137000200870704788B0012085
:104F2000D4D50120872E0120ECA50220074B1B7849
:104F30009B070AD5064A13780133DBB2137023B9F5
:104F40000449054809780370117070470EB50120B7
:104F5000512E0120C02D0120ECA502200B4B1A7808
:104F6000920711D00A490A78FD2A0AD910B40948D3
:104F7000094C00780870002222701A705DF8044B0A
:104F8000704701320A707047704700BF542F0120EC
:104F900048760220B92D0120ECA5022000F46040E3
:104FA000B0F5204F06D0B0F5604F0ED0B0F5004FF1
:104FB00007D070470D490E4B0120252208701A605A
:104FC00070470A4B00221A7070470A4B0A4A1B7935
:104FD00012680A4801F007015B00B1FBF3FC03FB18
:104FE0001C1102EB41320260704700BF0E2F0120FE
:104FF000302F012040AD00205CAD0020842B00202C
:10500000054B1B7833B1054A1368013B13600BB99C
:10501000034A1370704700BF0E2F0120302F01206C
:10502000ECA50220084A137843B108490B78D62B27
:1050300002D80133DBB20B70D72B00D07047044984
:1050400000230B7013707047F1B401202D2F012045
:10505000ECA50220A0F5A043B3F5805F01D3000AC0
:105060007047034B1B68034403F5404318787047AF
:105070005CAD002020F4706044F22203984200D01E
:105080007047134B01F0070101391B68062905D849
:10509000DFE801F018040404130E09000D4A03F5BB
:1050A0000043136070470B4A03F540431360E7E782
:1050B000084A03F5204313607047064A03F560432E
:1050C00013607047034A03F5C0431360704700BF85
:1050D0005CAD0020842B002048F22213984200D0BF
:1050E000704711F0030103D0044B01221A7070477E
:1050F000034A024B11601970704700BFACB0012029
:10510000E0D50120094B1B7863B1094A136803F10C
:105110007201B1F5805F06D30649A3F68E730020B5
:105120001360087070471160704700BFACB0012079
:10513000E0D50120ECA502200B4B1B7893B10B4B63
:105140001B88EF2B0ED80A4B1B7813F0180F09D0D1
:10515000084A1378591E117023B907480749007887
:1051600010700B70704700BF5DB001203CAC002098
:105170003EAC0020672F0120FDAF0120ECA50220EE
:105180000B4B1B789BB10B4B1B88EF2B0FD80A4B9B
:105190001B7813F0180F0AD0084A1378013BDBB2D2
:1051A000137023B906480749007810700B707047D8
:1051B0000C2E01203CAC00203EAC002007B00120AA
:1051C000F0AF0120ECA502200B4B1A7872B10B4A0C
:1051D0001288EF2A0AD80A4A127812F0180F05D05E
:1051E00008490A78FF2A02D001320A70704706493E
:1051F00000220A701A70704704B501203CAC0020F0
:105200003EAC0020642F0120ECA502200B4B1B7844
:1052100093B10B4B1B88EF2B0ED80A4B1B7813F066
:10522000180F09D0084A1378591E117023B907487E
:105230000749007810700B70704700BFA9B00120BB
:105240003CAC00203EAC002064760220A1D50120B9
:10525000ECA50220124B44F220020340934200D0FE
:105260007047C30504D50F4B01F001011970704759
:105270000D4A0E4812798B00C1F3410C03F0040370
:1052800043EA0C0301F008010B4352000168B3FB31
:10529000F2FC074802FB1C3301EB43330360704709
:1052A00060E0FFFF0CB0012040AD00205CAD0020AD
:1052B000842B0020054B1B781BB1054B1B88152B3D
:1052C00000D07047034B00221A7070470CB00120C9
:1052D0003CAC0020ECA502200A4B1A788AB10A499E
:1052E0000A68712A0AD810B4084C00224FF6FF70E1
:1052F00022701A7008605DF8044B7047713A0A60BA
:10530000704770476DAF012034B00120ECA502203A
:105310000D4B1B787BB10D4B1B88EF2B0BD80C4B27
:105320001B7813F0180F06D00A4A1378013BDBB242
:10533000F62B137000D070470749084B087810709F
:1053400000211970F7E700BF522F01203CAC00206C
:105350003EAC0020FCAF0120882E0120ECA50220ED
:10536000074B1B7853B1074A1368712B04D80649C1
:1053700000230B7013607047713B1360704700BFD0
:10538000532F012044760220ECA502200B4A13780B
:105390009B0711D50A490B687133B3F5803F09D3D8
:1053A00010B4084C00209BB20B60207010705DF8A8
:1053B000044B70470B607047704700BF8ED50120CB
:1053C000AC2E0120ECA50220074B1A7852B10749F8
:1053D0000A68722A04D8064900220A701A707047B7
:1053E000723A0A60704700BF0CB50120B4D50120A5
:1053F000ECA50220B0F5A04F01D0000A7047044A86
:10540000044B10681B6810FB03F0C0B2704700BF6C
:1054100010B00120642E01200C4B1B88EF2B13D8F9
:105420000B4B1B7813F0180F0ED00A4A13784BB9A8
:10543000094A117809B109490B70094900230B7019
:1054400013707047013B1370704700BF3CAC0020E5
:105450003EAC00208CAF0120F82E0120ECA50220EC
:10546000ABB00120B0F5C04F00D0704710B40B4A6C
:105470000B4B12791B680B4C49005200C9B2B1FBAF
:10548000F2F002FB101103EB41320748134602F51C
:105490000052236002605DF8044B704740AD00206D
:1054A0005CAD0020F88B00200C8C002020F00F0059
:1054B000B0F57F4F00D0704710B40C4A0C4B1279F6
:1054C0001B680C4C4908520001F00E01B1FBF2F0D0
:1054D00002FB101103EB41320748134602F500525C
:1054E000236002605DF8044B704700BF40AD0020B0
:1054F0005CAD0020F88B00200C8C00200B4B1B882F
:10550000EF2B11D80A4B1B7813F0180F0CD0094B56
:105510001B784BB1084A1378591E117023B90748FC
:105520000749007810700B70704700BF3CAC00203A
:105530003EAC002094D50120D82D01203DD601207D
:10554000ECA502200B4B1B887BB90B4B0B4A19783F
:10555000136819B103F5E8435533136003F0F053B2
:1055600043F00053B3F1785F00D07047044B002242
:105570001A7070473CAC002084AF012054760220A2
:10558000ECA502200B4B1B7893B10B4B1B88EF2B28
:105590000ED80A4B1B7813F0180F09D0084A13785D
:1055A000591E117023B907480749007810700B7015
:1055B000704700BFC9B401203CAC00203EAC0020C5
:1055C00008D60120A0B00120ECA502200B4B1B78CF
:1055D00093B10B4B1B88EF2B0ED80A4B1B7813F0A3
:1055E000180F09D0084A1378591E117023B90748BB
:1055F0000749007810700B70704700BFED2D012037
:105600003CAC00203EAC00206D2E0120B22D0120CC
:10561000ECA502200B4B1B88EF2B11D80A4B1B78F3
:1056200013F0180F0CD0094B1B784BB1084A1378B4
:10563000591E117023B907480749007810700B7084
:10564000704700BF3CAC00203EAC0020862E0120FD
:10565000BCAF0120F82D0120ECA502200B4B1B88CC
:10566000EF2B11D80A4B1B7813F0180F0CD0094BF5
:105670001B784BB1084A1378591E117023B907489B
:105680000749007810700B70704700BF3CAC0020D9
:105690003EAC00200B2E01200D2F0120782E012082
:1056A000ECA50220084B1A7842B1084A12782AB1B8
:1056B0000749084A09781288914200D07047064984
:1056C00000221A700A70F9E7B4B4012019D601203B
:1056D000B02D01203CAC0020ECA502200B4B1B7828
:1056E00093B10B4B1B88EF2B0ED80A4B1B7813F092
:1056F000180F09D0084A1378591E117023B90748AA
:105700000749007810700B70704700BFAAB00120E5
:105710003CAC00203EAC002068B00120DDD501206B
:10572000ECA502200B4B1B88EF2B11D80A4B1B78E2
:1057300013F0180F0CD0094B1B784BB1084A1378A3
:10574000591E117023B907480749007810700B7073
:10575000704700BF3CAC00203EAC00207AD5012051
:10576000502E0120FFD50120ECA502200A4B1A780B
:105770008AB10A4A1288F02A0DD8094A127812F022
:10578000180F08D007490A78013AD2B20A7012B944
:1057900005491A700A707047497602203CAC002017
:1057A0003EAC002046D50120ECA50220074B1B781B
:1057B0009B070AD5064A1368712B04DC05490023B0
:1057C00013600B707047713B136070476CAF012022
:1057D000702E0120ECA502201D4B1E4A1B79126879
:1057E0005B00A1B111F0100F4FEA41011ED001F092
:1057F0000E01481CB1FBF3FC03FB1C11B0FBF3FCD6
:1058000003FB1C0002EB413302EB403209E0102B9A
:105810000BBF02F5E03302F5003302F5F03202F57A
:1058200008320D480D4903600A607047C9B201F1A2
:1058300010001131B0FBF3FC03FB1C00B1FBF3FCC7
:1058400003FB1C1102EB403302EB4132E9E700BFDE
:1058500040AD00205CAD0020F88B00200C8C0020B7
:10586000A0F58240FF282DD8F0B4174A174B1079C5
:105870001C68174A174F184E184DC1F3011140000C
:105880008900B1FBF0F300FB131304EB4333136007
:105890004A1CB2FBF0FC00FB1C228B1C04EB4232C6
:1058A0003A60B3FBF0F200FB123304EB43330331F5
:1058B0003360B1FBF0F300FB131104EB41312960BD
:1058C000F0BC7047704700BF40AD00205CAD0020C9
:1058D000F88B00200C8C0020842B0020A08B002053
:1058E0000B4B1B789BB10B4B1B88EF2B0FD80A4B34
:1058F0001B7813F0180F0AD0084A1378013BDBB26B
:10590000137023B906480749007810700B70704770
:105910001CB001203CAC00203EAC0020BEAF0120FA
:105920004DB00120ECA50220B0F5004F00D070472B
:10593000F0B4154A154B10791C68154A154F164ED0
:10594000164D40008900B1FBF0F300FB131304EB8C
:10595000433313604A1CB2FBF0FC00FB1C228B1C7F
:1059600004EB42323A60B3FBF0F200FB123304EB7B
:10597000433303313360B1FBF0F300FB131104EB4D
:1059800041312960F0BC704740AD00205CAD002083
:10599000F88B00200C8C0020842B0020A08B002092
:1059A0000B4B1B88EF2B11D80A4B1B7813F0180FE9
:1059B0000CD0094B1B784BB1084A1378591E117053
:1059C00023B907480749007810700B70704700BF73
:1059D0003CAC00203EAC00200C2F0120252F0120E4
:1059E00040760220ECA50220B0F5A04F00D0704711
:1059F00031B1022900D07047034B01221A70704761
:105A0000014B1970704700BF602F01201C4B1A78A2
:105A100002B9704710B41B4A5B78527901F0030158
:105A20000B43DB001849D200DBB2B3FBF2F002FB00
:105A300010330A681548990202EB8323036001F5CD
:105A4000806401F5006314441344C0E9014301F587
:105A5000406401F5805314441344C0E9034301F545
:105A6000A05401F5C05314441344C0E9054301F5A3
:105A7000E0510A44C2615DF8044BEFF7D3BE00BFAA
:105A8000F42E012040AD0020208C0020642D012048
:105A9000B0F5004F11D048F2010398420CD1424BAF
:105AA0001B7803F00703023B052B04D8DFE803F063
:105AB00066513C271608704770473B4B197070477A
:105AC0003A4B3B4A1B7912683A485B00B1FBF3FC46
:105AD00003FB1C1102EB41320260704710B4334BE0
:105AE000334A1B791268344C5B00B1FBF3F003FBC3
:105AF000101302EB433323605DF8044B70472B4ACD
:105B00002E4B50791A684900CBB2C100B3FBF1F0BB
:105B100001FB103302EB832129480A4601F580611D
:105B2000C0E90621EFF77EBE204A244B50791A685F
:105B30004900CBB2C100B3FBF1F001FB103302EB23
:105B400083211F480A4601F58061C0E90421EFF76F
:105B500069BE164A194B50791A684900CBB2C10088
:105B6000B3FBF1F001FB103302EB832114480A462A
:105B700001F58061C0E90221EFF754BE0B4A0F4BDB
:105B800050791A684900CBB2C100B3FBF1F001FBB8
:105B9000103302EB83210A480A4601F58061C0E90F
:105BA0000021EFF73FBE00BF8CD5012040AD0020A3
:105BB0005CAD00200C8C0020F88B0020208C002095
:105BC000642D0120B0F5C04F00D07047F0B42A4BCF
:105BD0002A4F5C7918790A1102F0040501F00301DB
:105BE00041EA050326490D68264902F003020968C7
:105BF000E4004000DB009200B3FBF4F604FB163334
:105C0000B2FBF0F400FB14221F4C204E980201EB73
:105C1000832323601E4B4FEA423C05EB42321A605D
:105C20000CF500532B443B601A4A0CF580430CF5ED
:105C3000C04C2B4465443360156000F5006300F5EB
:105C400080620A440B44C4E9012300F5406200F578
:105C500080530A440B44C4E9032300F5A05200F525
:105C6000C0530A440B44C4E9052300F5E050014445
:105C7000E161F0BCEFF7D6BD40AD00200C8C0020F8
:105C80005CAD0020208C0020642D0120842B00209E
:105C9000F88B0020A08B0020B0F5C04F00D07047DB
:105CA00010B4184B184A5B798900DB0001F0080139
:105CB000B1FBF3F003FB1011136814488A0203EBE5
:105CC0008121016002F5806402F500611C441944E1
:105CD000C0E9014102F5406402F580511C441944B9
:105CE000C0E9034102F5A05402F5C0511C44194417
:105CF000C0E9054102F5E0521344C3615DF8044B6D
:105D0000EFF790BD40AD0020208C0020642D0120D5
:105D1000B0F5824F3ED044F2011398420ED12DE9E6
:105D2000F0439B4B1B78062B32D8DFE813F08B0037
:105D30003100DC003100DE00080038007047954A71
:105D4000954B14791B689548954F964E964D640077
:105D50008900B1FBF4F204FB121203EB4232026041
:105D6000481CB0FBF4FC04FB1C008A1C03EB403015
:105D70003860B2FBF4F004FB102203EB4232033133
:105D80003260B1FBF4F204FB121103EB41332B60E0
:105D9000BDE8F0837E4B01F007011970704783481E
:105DA0007C4A03785279824C43EA8103DBB2037068
:105DB000DB002168D200581CB0FBF2F402FB140097
:105DC00001EB80277B4803F103089E1C1C1D03F197
:105DD000050E03F1060CDD1D4760B3FBF2F702FB75
:105DE000173301EB83230360B6FBF2F302FB136668
:105DF000B8FBF2F302FB138301EB8323C360B4FB14
:105E0000F2F302FB1344BEFBF2F302FB13EE01EBD1
:105E10008E234361BCFBF2F302FB13CC01EB8C231A
:105E20008361B5FBF2F302FB135501EB862601EB10
:105E3000842401EB852186600461C161BDE8F043E3
:105E4000EFF7F0BC534B01F001015A795848574D18
:105E500000682970D200CB00564CB3FBF2F903F175
:105E6000020803F1010E03F1030C1E1D5D1D991DB7
:105E7000DF1D02FB193300EB83232360BEFBF2F32B
:105E800002FB13EE00EB8E236360B8FBF2F302FB20
:105E9000138300EB8323A360BCFBF2F302FB13CC60
:105EA00000EB8C23E360B6FBF2F302FB1366B5FB59
:105EB000F2F302FB1355B1FBF2F302FB1311B7FB34
:105EC000F2F302FB137700EB862600EB852500EB4F
:105ED000812100EB872026616561A161E061BDE859
:105EE000F043EFF79FBC2B4BAFE73048294A0378CC
:105EF00052792F4C43EA4103DBB20370DB00216887
:105F0000D200581CB0FBF2F402FB140001EB802E0F
:105F1000284803F1030803F1020C1E1D5D1D9C1DA2
:105F2000DF1DC0F804E0B3FBF2FE02FB1E3301EB01
:105F300083230360BCFBF2F302FB13CC01EB8C2345
:105F40008360B8FBF2F302FB138301EB8323C3608E
:105F5000B6FBF2F302FB1366B5FBF2F302FB13553B
:105F6000B4FBF2F302FB1344B7FBF2F302FB13772B
:105F700001EB862601EB852501EB842401EB8721CB
:105F8000066145618461C161BDE8F043EFF74ABC39
:105F9000002F012040AD00205CAD0020F88B0020D8
:105FA0000C8C0020842B0020A08B0020542E01207C
:105FB000208C0020642D0120F0B42C4B1A795C79E0
:105FC000042A4FEAD00100F007034FEAC4044FEA65
:105FD000420004DC802C04BF01F008021343244A71
:105FE000244F1568244A89001268B1FBF0F6DB00E3
:105FF00000FB1611B3FBF4F004FB10331F4C204ED2
:10600000980202EB832323601E4B4FEA413C05EBD1
:10601000413119600CF500532B443B601A490CF5D3
:1060200080430CF5C04C2B44654433600D6000F593
:10603000006300F5806111441344C4E9011300F5C5
:10604000406100F5805311441344C4E9031300F583
:10605000A05100F5C05311441344C4E9051300F5E1
:10606000E0500244E261F0BCEFF7DCBB40AD002041
:106070005CAD00200C8C0020208C0020642D0120C1
:10608000842B0020F88B0020A08B002044F22012EB
:1060900090420CD007D8B0F5824F08D044F21112CC
:1060A000904204D07047B0F5924F00D07047084638
:1060B000FFF782BFA0F50043083B012B00D97047D2
:1060C0000846FFF779BF00BFB0F5C04F00D070475A
:1060D00000B51D4B58791D4B01F00702C1F30211A9
:1060E0001B68C00092008900B2FBF0FC00FB1C2280
:1060F000B1FBF0FC00FB1C1115484FEA822E4FEA61
:10610000812C03EB822203EB812102600CF580627B
:106110001A4401610CF500610CF5406C19444261B0
:1061200003EB0C02C0E906120EF580610EF5006269
:1061300019441A440EF5406EC0E901127344C3605D
:106140005DF804EBEFF76EBB40AD0020208C002023
:10615000642D012044F22013984200D070472DE9AD
:10616000F04F434B434C18795A79256801F0040CE1
:10617000C90085B001F0180340005F1C01970CF1C5
:1061800001060CF1020E0CF10304BCFBF0F700FB5E
:1061900017CC394F009405EB4C3CC7F800C0B6FB58
:1061A000F0FC364F364900FB1C6605EB46363E6078
:1061B000BEFBF0F6334F096800FB16EE05EB4E36DA
:1061C0003E60009FB7FBF0F69C1CD200029400FBDF
:1061D0001670DC1D039403F1030B2B4C2B4E03F1C3
:1061E000040A03F1050903F1060805EB4035B3FB8A
:1061F000F2F002FB103301EB83233560236001983A
:10620000B0FBF2F302FB130301EB832363600298FC
:10621000B0FBF2F302FB130301EB8323A360BBFB90
:10622000F2F302FB13B301EB8323E360BAFBF2F357
:1062300002FB13A301EB83232361B9FBF2F302FBFF
:10624000139301EB83236361B8FBF2F302FB138327
:1062500001EB8323A3610398B0FBF2F302FB130766
:1062600001EB8721E16105B0BDE8F04FEFF7DABA45
:1062700040AD00205CAD0020F88B00200C8C00208D
:10628000208C0020842B0020642D0120A08B002076
:1062900044F22013984200D070472DE9F04F454B4F
:1062A000454893F804C005685A79444885B04C10B5
:1062B000C900009501F038034FEA4C0C04F00401CA
:1062C0004E1C01F1020ECC1CB1FBFCF50CFB1511B0
:1062D000009D019405EB4131394D00682960009D16
:1062E000B6FBFCF10CFB116605EB4636354DBEFBEB
:1062F000FCF12E60009D019E0CFB11EE05EB4E3172
:10630000314D2960009DB6FBFCF1D2000CFB116100
:106310005F1C9C1C0297039403F1030B2B4C2C4E27
:1063200003F1040A03F1050903F10608DF1D05EB7B
:106330004135B3FBF2F102FB113300EB83233560EF
:1063400023600299B1FBF2F302FB131300EB8323EA
:1063500063600399B1FBF2F302FB131300EB832399
:10636000A360BBFBF2F302FB13B300EB8323E360F8
:10637000BAFBF2F302FB13A300EB83232361B9FB07
:10638000F2F302FB139300EB83236361B8FBF2F398
:1063900002FB138300EB8323A361B7FBF2F302FB41
:1063A000137700EB8720E06105B0BDE8F04FEFF711
:1063B00039BA00BF40AD00205CAD0020208C002029
:1063C000F88B00200C8C0020842B0020642D0120F1
:1063D000A08B00208B071DD010B4144B144A1B68EF
:1063E000136003F5806003F50061C2E9010103F564
:1063F000406403F58051C2E9034103F5A05003F561
:10640000C051C2E9050103F5E053D3615DF8044BC7
:10641000EFF708BA064B074A1A605A609A60DA60CA
:106420001A615A619A61DA61EFF7FCB9208C002099
:10643000642D0120B4B001204CF20103984221D018
:1064400009D848F2010398421FD0B0F5404F0ED151
:106450005E4B19707047B0F5604F0FD04EF20103DC
:10646000984240F0B2805A4B01221A707047B0F542
:10647000004F02D1574B197070477047544B0022A0
:106480001A707047544B1970704710B4514B1B78F9
:10649000403B072B12D8DFE803F07F6655443322D8
:1064A00014044E4B4E4A1B7912684E4C5B00B1FBF4
:1064B000F3F003FB101302EB433323605DF8044B4E
:1064C0007047464B464A1B791268474C5B00B1FB4C
:1064D000F3F003FB101302EB43332360EEE73F4B73
:1064E000424A5B791268424CDB00B1FBF3F003FBDC
:1064F000101302EB8323E3615DF8044BEFF792B9CD
:10650000364B3A4A5B791268394CDB00B1FBF3F049
:1065100003FB101302EB8323A3615DF8044BEFF739
:1065200081B92E4B314A5B791268314CDB00B1FBEB
:10653000F3F003FB101302EB832363615DF8044B5C
:10654000EFF770B9254B294A5B791268284CDB00BC
:10655000B1FBF3F003FB101302EB832323615DF81F
:10656000044BEFF75FB91D4B204A5B791068204C54
:10657000DB00B1FBF3F203FB121200EB82220131CC
:10658000A260B1FBF3F203FB121100EB8120E0608B
:106590005DF8044BEFF746B9104B144A5B7910686D
:1065A000134CDB00B1FBF3F203FB121200EB82226F
:1065B00001312260B1FBF3F203FB121100EB8120E9
:1065C00060605DF8044BEFF72DB97047BEAF012056
:1065D0001CB00120E4D501204DB0012040AD0020C9
:1065E0005CAD00200C8C0020842B0020208C00202F
:1065F000642D0120A0F580402038B0F5FF5F00D366
:1066000070472DE9F04F454B454893F804C00568A5
:106610005A79444885B08C10C900009501F0780380
:106620004FEA4C0C04F03C014E1C01F1020ECC1C54
:10663000B1FBFCF50CFB1511009D019405EB4131FC
:10664000394D00682960009DB6FBFCF10CFB11661A
:1066500005EB4636354DBEFBFCF12E60009D019EDC
:106660000CFB11EE05EB4E31314D2960009DB6FB60
:10667000FCF1D2000CFB11615F1C9C1C029703947F
:1066800003F1030B2B4C2C4E03F1040A03F1050913
:1066900003F10608DF1D05EB4135B3FBF2F102FB08
:1066A000113300EB8323356023600299B1FBF2F3D1
:1066B00002FB131300EB832363600399B1FBF2F336
:1066C00002FB131300EB8323A360BBFBF2F302FB7B
:1066D00013B300EB8323E360BAFBF2F302FB13A3D3
:1066E00000EB83232361B9FBF2F302FB139300EB6E
:1066F00083236361B8FBF2F302FB138300EB832374
:10670000A361B7FBF2F302FB137700EB8720E06194
:1067100005B0BDE8F04FEFF785B800BF40AD0020F1
:106720005CAD0020208C0020F88B00200C8C002019
:10673000842B0020642D0120A08B0020B0F5824F17
:1067400012D044F20113984200D070472DE9F0476F
:106750007248037803F00703072B6FD8DFE803F0D4
:10676000076E606E077267076C4B197070474900BF
:1067700001F002026A4BC17882705D79694C082D84
:1067800024684FEAC50300F390800A445210D200F7
:1067900002F1010E6449BEFBF3F803FB18EE02F1AF
:1067A000020C04EB8E2EC1F804E0BCFBF3FE03FBED
:1067B0001ECCD71C04EB8C2CC1F808C0B7FBF3FC33
:1067C00003FB1C77161D04EB8727CF60B6FBF3F79E
:1067D00003FB1766551D04EB8626B2FBF3F003FBA3
:1067E000102004EB80200E61B5FBF3F603FB165579
:1067F000086004EB8525901D07324D61B0FBF3F571
:1068000003FB150004EB80208861B2FBF3F003FB6F
:10681000102204EB8222CA61BDE8F047EFF702B80C
:1068200001F001048278C1783D4B4470A5E78900EE
:1068300001F00C0182783A4BC1709EE78278C178F2
:10684000374B9AE7364B394C1A792468DFF8E490D5
:10685000DFF8E480DFF8E4E0354F520089004E1C99
:106860008D1C01F1030CB1FBF2FA02FB1A1104EBCF
:106870004131C9F80010B6FBF2F102FB1166B5FB1D
:10688000F2F102FB1155BCFBF2F102FB11CC04EB5F
:10689000463604EB453504EB4C348278C178C8F8B1
:1068A0000060CEF800503C6067E740780A4402443C
:1068B000D2B2D200571C1C49B7FBF3F803FB187780
:1068C000961C04EB87274F60B6FBF3F703FB1766B4
:1068D00002F1030E04EB86268E60BEFBF3F603FB8B
:1068E00016EE151D04EB8E26CE60B5FBF3F603FB0A
:1068F000165502F1050C04EB8525B2FBF3F003FB02
:10690000102004EB80200D61BCFBF3F503FB15CCDC
:10691000086004EB8C25901D07326EE7ECB4012073
:1069200040AD0020208C0020642D01205CAD0020B3
:10693000A08B0020F88B00200C8C0020842B0020E2
:10694000A0F5C0439AB2B2F5005F00D3704710B40F
:10695000072B00F2AF80DFE803F09E8E7E6C52388A
:106960001E04574B574A5B791068574CDB004900AF
:10697000B1FBF3F203FB121200EB82220131A261A0
:10698000B1FBF3F203FB121100EB8120E0615DF833
:10699000044BEEF747BF4A4B4A4A5B7910684A4CB2
:1069A000DB004900B1FBF3F203FB121200EB822281
:1069B00001312261B1FBF3F203FB121100EB8120E4
:1069C00060615DF8044BEEF72DBF3D4B3D4A5B79AE
:1069D00010683D4CDB004900B1FBF3F203FB1212DF
:1069E00000EB82220131A260B1FBF3F203FB121132
:1069F00000EB8120E0605DF8044BEEF713BF304BF5
:106A0000304A5B791068304CDB004900B1FBF3F28F
:106A100003FB121200EB822201312260B1FBF3F280
:106A200003FB121100EB812060605DF8044BEEF770
:106A3000F9BE234B254A1B7912682548890003318A
:106A40005B00B1FBF3F403FB141102EB4132026073
:106A50005DF8044B70471A4B1C4A1B7912681D489D
:106A6000890002315B00B1FBF3F403FB141102EB6C
:106A700041320260ECE7124B144A1B791268164847
:106A8000890001315B00B1FBF3F403FB141102EB4D
:106A900041320260DCE70A4B0C4A1B7912680F484E
:106AA00089005B00B1FBF3F403FB141102EB4132EC
:106AB0000260CDE70A4BC0F30C001B681954C7E70E
:106AC00040AD0020208C0020642D01205CAD002012
:106AD000A08B0020842B00200C8C0020F88B002041
:106AE000F48B002000F47043B3F5004F10B400F0B5
:106AF000C180B3F5204F00F0CD80BC4A4DF20C03AD
:106B00001040984246D8B0F5504F80F091804BF23B
:106B10000C03984217D900F580439BB20C2B15D873
:106B2000A0F540400C2811D8DFE810F02102100039
:106B3000100010000802100010001000FD011000ED
:106B400010001000E401B0F5304F02D25DF8044BA4
:106B50007047A0F530400C28F8D801A353F820F076
:106B6000DF6E01084D6B01084D6B01084D6B01088C
:106B7000AD6E01084D6B01084D6B01084D6B0108AE
:106B8000976E01084D6B01084D6B01084D6B0108B4
:106B9000656E01084EF20C03984225D900F580532A
:106BA0009BB20C2BD2D8A0F570400C28CED801A3F4
:106BB00053F820F04D6E01084D6B01084D6B010834
:106BC0004D6B0108376E01084D6B01084D6B0108D4
:106BD0004D6B0108156E01084D6B01084D6B0108E6
:106BE0004D6B0108D56D0108B0F5604FAED3A0F52F
:106BF00060400C28AAD801A353F820F0BF6D01080B
:106C00004D6B01084D6B01084D6B01088D6D01083E
:106C10004D6B01084D6B01084D6B0108776D010844
:106C20004D6B01084D6B01084D6B0108456D010866
:106C3000A0F550400C2889D801A353F820F000BFDC
:106C40002F6D01084D6B01084D6B01084D6B01085C
:106C5000FD6C01084D6B01084D6B01084D6B01087F
:106C6000E76C01084D6B01084D6B01084D6B010885
:106C7000B56C01085E4B5F4A1B7912685E4C5B0085
:106C8000B1FBF3F003FB101302EB433323605DF819
:106C9000044B7047564B574A1B791268574C5B00A0
:106CA000B1FBF3F003FB101302EB433323605DF8F9
:106CB000044B704752484E4A4379524C527903F084
:106CC0000F0343EA0113DBB221684371D2004E4C3B
:106CD000B3FBF2F002FB103301EB832363615DF839
:106CE000044BEEF79FBD4648414A4379454C5279E3
:106CF00023F00F0301F00F010B43E5E740483C4A46
:106D00000379404C527903F00F0343EA0113DBB2DD
:106D100021680371D2003C4CB3FBF2F002FB10334C
:106D200001EB832323615DF8044BEEF77BBD344810
:106D30002F4A0379334C527923F00F0301F00F01EE
:106D40000B43E5E72E482A4AC3792E4C527903F0CB
:106D50000F0343EA0113DBB22168C371D2002A4C4E
:106D6000B3FBF2F002FB103301EB8323E3615DF828
:106D7000044BEEF757BD22481D4AC379214C527986
:106D800023F00F0301F00F010B43E5E71C48184AFD
:106D900083791C4C527903F00F0343EA0113DBB2F1
:106DA00021688371D200184CB3FBF2F002FB103360
:106DB00001EB8323A3615DF8044BEEF733BD10486C
:106DC0000B4A83790F4C527923F00F0301F00F0126
:106DD0000B43E5E70D4A0E49137803F00103002049
:106DE00003EB430313700870B0E600BF0CF0FFFF25
:106DF00040AD00205CAD0020F88B00200C8C002002
:106E00003C2F0120208C0020642D0120A9D50120D9
:106E1000562E01205B4B01F003021A708B0706D53A
:106E2000594A5A495A4B1078087000221A60594B37
:106E300000221A708AE6544A5648137803F00F036A
:106E4000002443EA0113137004707FE64E4A514850
:106E5000137801F00F0123F00F030B43002113708F
:106E6000017073E64C484D4A43784D4C527903F01B
:106E70000F0343EA0113DBB221684370D200494C8F
:106E8000B3FBF2F002FB103301EB832363605DF888
:106E9000044BEEF7C7BC4048404A4378404C527917
:106EA00023F00F0301F00F010B43E5E73A483B4A9B
:106EB00003783B4C527903F00F0343EA0113DBB232
:106EC00021680370D200374CB3FBF2F002FB1033A1
:106ED00001EB832323605DF8044BEEF7A3BC2E483F
:106EE0002E4A03782E4C527923F00F0301F00F0144
:106EF0000B43E5E72848294AC378294C527903F027
:106F00000F0343EA0113DBB22168C370D200254CA2
:106F1000B3FBF2F002FB103301EB8323E3605DF877
:106F2000044BEEF77FBC1C481C4AC3781C4C5279BA
:106F300023F00F0301F00F010B43E5E71648174A52
:106F40008378174C527903F00F0343EA0113DBB245
:106F500021688370D200134CB3FBF2F002FB1033B4
:106F600001EB8323A3605DF8044BEEF75BBC0A489A
:106F70000A4A83780A4C527923F00F0301F00F017B
:106F80000B43E5E7A9D5012082AF012020B5012000
:106F900084B00120562E01203C2F012040AD00205E
:106FA000208C0020642D0120B0F5D04F30D210B4D9
:106FB0001A4B1B4A19791268C0B28300490003F0CA
:106FC0001C03B3FBF1F401FB1433164C590302EB21
:106FD00043332360144C01F500531344236001F53F
:106FE0008043124C134401F5C0412360104B0A4406
:106FF0001A601049431003F00C0300F004024B70B8
:1070000083060A7005D55DF8044B0020EEF776B8CC
:1070100070475DF8044B0120EEF770B840AD0020DA
:107020005CAD0020F88B00200C8C0020842B00200D
:10703000A08B0020F42E0120B0F5004F09D048F2BB
:107040000103984212D000F47040B0F5204F37D0C1
:1070500070478348834A844B01F00F0C80F800C0CE
:10706000C1F38010C90910701970704710B47C4BBF
:107070001B780F2B21D8DFE813F03A0055006C0085
:10708000A2007E0090001000C200B400D5002000D5
:1070900020002000200020002700744B714A744813
:1070A0001B79006814785B00B1FBF3F203FB12124A
:1070B00000EB4230C4B16F4B18605DF8044B704771
:1070C00001F00100EEF71AB8684B664A68481B7970
:1070D000006814785B00B1FBF3F203FB121200EBC3
:1070E0004230002C00F09B80634B1860E5E75F4A5C
:1070F000624B52791868D200B1FBF2F302FB131312
:10710000594A0133117800EB832210465C4BA2F5FB
:107110008062002900F097801A6158615DF8044B85
:10712000EEF780BB514A554B52791868D200B1FB3B
:10713000F2F302FB13134C4A0133117800EB832264
:1071400010464F4BA2F5806200297FD09A61D8612A
:10715000E4E7464B444A49485B7900681478DB0011
:10716000B1FBF3F203FB121200EB8220444B002C24
:1071700073D01860D2E73D4B3B4A40485B790068CA
:107180001478DB00B1FBF3F203FB121200EB822058
:107190003B4B002C5FD09860C0E7344B324A3748F5
:1071A0005B7900681478DB00B1FBF3F203FB121289
:1071B00000EB8220324B002C4BD0D860AEE72B4B3B
:1071C000294A2E485B7900681478DB00B1FBF3F2A2
:1071D00003FB121200EB8220294B002C34D15861A2
:1071E0009CE7224B254A5B791268254CDB00B1FBFA
:1071F000F3F003FB101002EB802262608EE71B4B62
:10720000184A1B481B79006814785B00B1FBF3F245
:1072100003FB121200EB4230002C3FF44CAF194B31
:1072200018604AE7114B154A5B791268144CDB0071
:10723000B1FBF3F003FB101002EB8022E2605DF87B
:10724000044BEEF7EFBA1A60586067E7C3E9022013
:1072500064E7D86162E7986160E718615EE700BFA4
:107260000DB50120552E0120D32D012040AD002069
:107270005CAD00200C8C0020F88B0020208C0020BE
:10728000642D0120842B0020B0F5004F1BD0B0F5F9
:10729000204F0ED110B43F4B1B780F2B10D8DFE8D6
:1072A00003F017171717171717170F5B4D3F322FDC
:1072B00009297047384A136803F47F430B4313606E
:1072C0005DF8044B7047334B01F00F0119707047A4
:1072D000324A334852790068324CD200B1FBF2FC9A
:1072E00002FB1C1200EB822244F823205DF8044BC1
:1072F000EEF798BA284A137843EA01231360DFE7D0
:10730000294B1970DCE701F0030102293CD0032965
:1073100035D001292ED05DF8044B0120EDF7EEBEEB
:107320001E4B224A1B791268214C5B00B1FBF3F023
:1073300003FB101302EB43332360C1E7174B1B4AD7
:107340001B7912681B4C5B00B1FBF3F003FB1013BD
:1073500002EB43332360B3E7104B144A1B791268E6
:10736000154C5B00B1FBF3F003FB101302EB43334E
:107370002360A5E75DF8044B0020EDF7BFBE5DF884
:10738000044B0220EDF7BABE5DF8044B0320EDF785
:10739000B5BE00BFC0D501204476022040AD00201C
:1073A000208C0020642D0120532F01205CAD002093
:1073B000842B00200C8C0020F88B002000F47043FC
:1073C000B3F5404F12D007D8B3F5104F0DD1CB060F
:1073D00027D50220EDF792BEB3F5604F06D000F43A
:1073E0005040B0F5504F01D07047704710B40E4B6D
:1073F0000E4A1B7910680E4C5B004900B1FBF3F29A
:1074000003FB121200EB423201312260B1FBF3FCAC
:10741000084A03FB1C1100EB413010605DF8044B7F
:1074200070470320EDF76ABE40AD00205CAD002040
:10743000F88B00200C8C002048F20103984206D003
:10744000B0F5404F15D0B0F5004F0FD0704710B4D5
:10745000594B1B7803F00703013B062B00F2918088
:10746000DFE803F01E394B5D6F810E00524B19703F
:10747000704711B10220EDF741BE0320EDF73EBE8B
:107480004E4B4F4A1B7912684E4C5B00B1FBF3F038
:1074900003FB101302EB433323605DF8044B70478A
:1074A000464B494A5B791068484CDB0001F0FE010D
:1074B000B1FBF3F203FB121200EB82220131A26056
:1074C000B1FBF3F203FB121100EB8120E0605DF8E9
:1074D000044BEEF7A7B9394B3B4A5B7912683B483E
:1074E0004031DB00B1FBF3F403FB141102EB81220A
:1074F00002615DF8044BEEF795B9304B324A5B7987
:10750000126832484031DB00B1FBF3F403FB141185
:1075100002EB812242615DF8044BEEF783B9274B01
:10752000294A5B79126829484031DB00B1FBF3F44A
:1075300003FB141102EB812282615DF8044BEEF72C
:1075400071B91E4B204A5B79126820484031DB003C
:10755000B1FBF3F403FB141102EB8122C2615DF86D
:10756000044BEEF75FB9154B154A1B791268184C9E
:107570005B00B1FBF3F003FB101302EB433323601A
:107580008BE70E4B104A5B791068104CDB0001F062
:10759000FE01B1FBF3F203FB121200EB8222013178
:1075A0002260B1FBF3F203FB121100EB812060605B
:1075B0005DF8044BEEF736B9F8B4012040AD002079
:1075C0005CAD00200C8C0020208C0020642D01205C
:1075D000F88B002000F47F40B0F5404F00D070479A
:1075E0002DE9F04F0C464049404A0F79126885B0AA
:1075F000C4F302107F0001923E464000029600F163
:107600000109B0FBF7F706FB1700019E384F231165
:1076100006EB403003F0080304F0070238601A4319
:10762000029F4B793349B9FBF7F0D200551C07FB99
:107630001099314F09680095DB0006EB4930151DA4
:10764000039538602D4DB2FBF3F002F1050802F10D
:10765000060B02F1070A02F1020E02F1030C03FB12
:10766000102201EB82222A600098009AB2FBF3F20A
:1076700003FB1206BEFBF3F203FB12EE01EB8E22BC
:10768000AA60BCFBF3F203FB12CC01EB8C2201EBF2
:107690008626EA606E600398B0FBF3F203FB1202E9
:1076A00001EB82222A61B8FBF3F203FB128201EBA9
:1076B00082226A61BBFBF3F203FB12B201EB82226E
:1076C000AA61BAFBF3F203FB12A301EB8321E96188
:1076D000EEF7A8F823074CBF0220032005B0BDE851
:1076E000F04FEDF70BBD00BF40AD00205CAD0020BA
:1076F000F88B0020208C00200C8C0020642D0120B1
:10770000B0F5404F1BD210B4104B114A18791268D3
:107710004B00400003F01E03B3FBF0F400FB1433F6
:1077200002EB43340B4B0C4804F500521A600B0675
:10773000046005D45DF8044B0020EDF7DFBC704712
:107740005DF8044B0120EDF7D9BC00BF40AD00202F
:107750005CAD0020A08B0020842B002070B4334847
:10776000334A344B12790478186852004B00A4B1A4
:1077700003F00E03304CB3FBF2F102FB113100EBCE
:10778000413101332160B3FBF2F42C4902FB143385
:1077900000EB43330B6070BC70478C062FD403F0B2
:1077A0003C0303F1100603F1110403F11205133336
:1077B000B6FBF2FC02FB1C66B4FBF2FC02FB1C44B1
:1077C000B5FBF2FC02FB1C55B3FBF2FC02FB1C33C5
:1077D00000EB463600EB443400EB453500EB433319
:1077E000154A17481660154A05601460154A11F0CD
:1077F0004000136017D070BC0120EDF77FBC03F090
:107800003E0303F110051133B5FBF2F402FB1455EE
:10781000B3FBF2F402FB143300EB453500EB4333CA
:107820002E461C46DCE770BCEDF768BC15B00120A5
:1078300040AD00205CAD0020F88B00200C8C0020B7
:10784000842B0020A08B00202DE9F043324A334BDB
:1078500011785B79324A334D126895F80090324DB9
:10786000DB004F1CB1FBF3F003FB101102EB812E88
:107870002E49B7FBF3F00C782D4995F9008003FBF6
:1078800010772C4890F800C008782B49BCFBF3F621
:1078900009780CF1010503FB16CC02EB8C26B8F13C
:1078A000000FB5FBF3FC03FB1C55B4FBF3FC03FB1F
:1078B0001C44B0FBF3FC03FB1C00B1FBF3FC03FB1B
:1078C0001C11B9FBF3FC03FB1C9902EB872702EBAD
:1078D000852502EB842402EB802002EB8121174BEB
:1078E00002EB89220BDBC3E900E7C3E90265C3E9C8
:1078F0000440C3E90612BDE8F043EDF793BFC3E9C6
:107900000040C3E90212C3E904E7C3E90665BDE824
:10791000F043EDF787BF00BF3A2F012040AD0020B4
:10792000208C0020532E01203CD501205EB0012088
:1079300035B5012016B0012048D50120642D012065
:10794000704700BF704700BF704700BF064B074A33
:107950001B79126806485B00B1FBF3FC0CFB1311AA
:1079600002EB41320260704740AD00205CAD002068
:10797000F48B00202DE9F041214B22481B68224C5A
:10798000224900682468224D224A09682D6812683D
:10799000DFF894E0204F214E03F01F0C204B1B79A1
:1079A00000F01F005B0000EB441001F01F01B0FB72
:1079B000F3F803FB180001EB441105EB403002F033
:1079C0001F02CEF80000B1FBF3F003FB101102EB35
:1079D000441205EB41313960B2FBF3F103FB112294
:1079E0000CEB441C05EB42320E4C3260BCFBF3F254
:1079F00003FB12C205EB42322260BDE8F08100BFFA
:107A0000E8B40120082F0120BC2D01204C2F0120BB
:107A10005CAD002024B501200C8C0020842B0020BC
:107A200040AD0020A08B0020F88B002038B52C4AF8
:107A30002C4B2D4C2D4811792D4D2E4A1A60256066
:107A40002D4A2E4C04602E4B2E4C2F4D15602F4886
:107A50002F4A304D1A6025602F4A304C0460304B5D
:107A60003048314D1060314A31481A60314C324B48
:107A700000222A600270314D25600C2040291860D8
:107A80002BD04B00402B1DD02D4C2E482E49227060
:107A900002600A609A1E013B2C492D4C0A602D4958
:107AA0002D4D2E4823600A6001242D4A2C600025AC
:107AB00005601360FFF75EFF21462046BDE83840B1
:107AC00008F060BD01231E4C1E481F492370002290
:107AD00002600A601F231E22DEE70223F3E700BFD5
:107AE00040AD002054AD002034AC0020288C002094
:107AF000657B01082D7A0108248C0020417901085A
:107B000060AD0020308C002045790108948B002066
:107B1000995B00089D5B00086C2A002049790108E8
:107B2000A88B0020A15B0008F42D0120A55B0008B4
:107B3000B0D50120F48B0020942E01208C2B002046
:107B4000D5D50120BC2D0120C42D0120D4AF0120AA
:107B50001C2E012024B501204C2F0120082F0120CC
:107B6000E8B401202DE9F041A84CA94A23882080DF
:107B7000434013F4C04F1FBFA64D002313602B706A
:107B80000C0628D4C907136805D5A24D012429780D
:107B90009C40214329700133042B13601FD99D4958
:107BA0009D4CC0F341330878E054022B4FF00000A5
:107BB0001060087072D0032B57D0012B19D0237896
:107BC00003F001029B070CD5002A00F0DF80BDE81E
:107BD000F041EDF793BA8F49002313600B70BDE8B5
:107BE000F081002A00F0D480BDE8F0410220EDF7DA
:107BF00085BA8A4A61781278022A00F0CE80884BD2
:107C0000012A5B7900F0EB80002BE8D0854A94F8DC
:107C100000C015688900C9B2DB004C1C881CCA1C56
:107C2000B4FBF3F7B1FBF3F603FB174403FB1616A3
:107C3000B0FBF3F71CF0100F03FB1700B2FBF3F7D8
:107C400003FB172205EB862605EB842405EB802039
:107C500005EB822200F0FC80734B1E605C60986034
:107C6000DA60BDE8F041EDF7DDBDE37822785B0036
:107C70001107DBB240D552077AD4684A12784AB964
:107C80006A496B4C0120086022606A486A4A0360B6
:107C9000591C1160BDE8F041FFF76CBE5F4BA57841
:107CA0001A782378022A00F090805D4A527903F016
:107CB0001003002A30D1002B91D0AD00EAB25F4909
:107CC000594C501C931C033205F01C0500F01F009A
:107CD00003F01F0302F01F0201EB852501EB80205A
:107CE00001EB832301EB8221C4E906312561606148
:107CF000BDE8F041EDF796BD484A4D4C4B4912782E
:107D00002360581C0860002AC4D14A494A4A981C7A
:107D1000033308601360BDE7002B3FF460AF4149B7
:107D2000414CAB00D2000D68DBB2581CB3FBF2F142
:107D300002FB113105EB8121B0FBF2F602FB1600CC
:107D400005EB80202161991C6061B1FBF2F002FB20
:107D5000101105EB81210333A161B3FBF2F102FBAA
:107D6000113305EB8323E361BDE8F041EDF75ABD24
:107D70002F4C2E493248334A236001330B602D4982
:107D80002D4B0068126808601A6083E701201EE727
:107D9000BDE8F0410320EDF7B1B92278D70629D527
:107DA000294D286800287FD02848C1F30011160704
:107DB000016005D5A378DB1003F002030B430360D9
:107DC000FFF7D8FD00232B6009E718077FF56DAF9B
:107DD0001D4E3268002A69D10122326065E7002B0E
:107DE0007FF414AF194BC1F300111960BDE8F041E5
:107DF000FFF7C0BD11F0100F144B0CBF002203227F
:107E00001A60BDE8F041FFF7B5BD00BF222F012089
:107E1000F42D0120B0D50120942E0120D5D50120CC
:107E200040AD0020208C0020642D01204C2F01202B
:107E3000082F012024B50120E8B40120904B002038
:107E4000D4AF01201C2E0120C42D0120BC2D012007
:107E500001F1040801F1050E01F1060CCF1D1B49CB
:107E6000C1E90202B8FBF3F203FB128805EB88229A
:107E70000A61BEFBF3F203FB12EE05EB8E224A61B0
:107E8000BCFBF3F203FB12CC05EB8C228A61C1E947
:107E90000064B7FBF3F203FB127705EB8725CD6196
:107EA000BDE8F041EDF7BEBC2B6098E66378084969
:107EB000EA1002F00202C3F3001313430B60FFF752
:107EC00059FD002023783060EFE600BF642D0120CB
:107ED000BC2D012030B4184B184A1B791268184980
:107EE0004FEA430C0868B2FBFCF10CFB1122154968
:107EF0000C68154909789B0301F0400100EB423200
:107F00000029A3F580410144154604BF0A462946CD
:107F10000E4D29600E4D0F492A60A3F500530E4AFD
:107F200003441360B4FBFCF30CFB134200EB42323E
:107F30000A6030BC704700BF40AD0020C4B40120CF
:107F40005CAD00207CB00120DC2D0120F88B0020EE
:107F5000842B00200C8C0020A08B00202DE9F04306
:107F6000404B5B79002B54D03F4C40482668404C36
:107F700090F900E03F4940482568404F404C09686F
:107F80000068404AD7F8008024681268DB00471C6C
:107F9000B1FBF3FC03FB1C1C0131BEF1000FB1FB74
:107FA000F3F903FB1911B0FBF3F903FB1900B7FB5D
:107FB000F3F903FB1977B6FBF3F903FB1966B5FB7D
:107FC000F3F903FB1955B4FBF3F903FB1944B8FBB0
:107FD000F3F903FB198302EB8C2C02EB812102EBFA
:107FE000802002EB872702EB862602EB852502EB39
:107FF000842402EB8322244B27DBC3E900C1C3E9BD
:108000000207C3E90465C3E90642BDE8F043EDF7A2
:1080100009BC1E4B1C4A03F5006103F5806003F5A3
:108020004064916003F58051C2E90030C2E9034128
:1080300003F5A05003F5C051C2E9050103F5E05373
:10804000D361BDE8F043EDF7EDBBC3E90065C3E9DB
:108050000242C3E904C1C3E90607BDE8F043EDF7F6
:10806000E1BB00BF40AD00209CD50120DC2D0120EC
:10807000F8D50120D8B40120482E012048B00120B5
:1080800088D50120208C0020642D0120904B0020F9
:1080900038B52F4A2F4C30493048314D106025609B
:1080A0003048314C0C60314D314C0560314A324919
:1080B000324D25603248334C334D10600C603348EC
:1080C000334A3449344B00242C60344D0560344825
:1080D0001060344A3448086001211C605C60116003
:1080E000FFF7F8FE314B5B79F3B93149314A0B6048
:1080F0001360314C31483249324A236003600B60CF
:108100001360314A314D32483249334C00231370E9
:10811000324A03700B702B70012123701370BDE87D
:108120003840084608F02EBA21492248254B244AF7
:10813000046002250D600421196005241F491E4BAF
:1081400014600620072208601A60FFF707FFD8E7CF
:1081500054AD002034AC0020288C00209180010810
:10816000E1810108248C002041790108457901084A
:10817000308C002060AD0020948B00209D5B0008B7
:10818000995B0008E15B0008C4B401206C2A002060
:10819000A88B0020F48B0020DC2D0120A15B0008BF
:1081A000A55B00087CB001208C2B002040AD002096
:1081B000482E0120D8B4012048B0012088D50120E4
:1081C000F8D501209CD50120F6D501203B2F0120B8
:1081D000842E0120F72E0120772E012080D501204A
:1081E000624B1840B0F5404F4DD010B520D8B0F5D7
:1081F000204F4DD006D94AF20103984201D15C4B81
:10820000D97010BDB0F5004F4FD048F2010398422D
:10821000F7D1574A1378517003F00703013B062B3F
:1082200000F29680DFE803F0766B61578983510096
:10823000B0F5604F41D04EF20103984208D14D4A4B
:108240004B4C4D4BE1710120107000221A7010BD93
:108250004CF201039842D4D14848494A0088444C22
:1082600013786171EF2843F0800304D845491370F7
:10827000FF20087010BD444842491370FF240023BA
:1082800004700B7010BD3A4A404B11711970704761
:108290003F4A374B107899700028B2D1CB07BDE820
:1082A000104058BF0120ECF729BF314B1970FFF780
:1082B00055FEBDE81040FFF70DBE2D4C2D482E4A4F
:1082C000A17100230370137010BD324B1960BDE81B
:1082D0001040FFF7FFBD304B5B79002B91D02F4B47
:1082E0001960BDE81040FFF739BE2B4B5B79002BBE
:1082F00087D02B4B1960BDE81040FFF72FBE264BEF
:108300005B79002B3FF47DAF264B1960BDE8104030
:10831000FFF724BE204B5B79002B3FF472AF224B5A
:1083200001F0FE011960BDE81040FFF717BE1F4BBA
:108330001960BDE81040FFF7CDBD174B5B79002BEE
:108340003FF45FAF1A4B1960BDE81040FFF706BE5F
:10835000114B5B79002B3FF454AF164B01F0FE013B
:108360001960BDE81040FFF7F9BD00BF01E0FFFF55
:10837000DC2D01203B2F0120F72E01203CAC0020FA
:10838000F6D50120772E012080D50120842E0120F2
:1083900058AD00207CB0012040AD002088D50120E0
:1083A000F8D501209CD50120482E0120C4B401201D
:1083B00048B00120D8B4012030B400F00101C1EB75
:1083C00040010C4A0C4D535C0C4C0A4491786A797C
:1083D00043EA01130A49DBB20968D200B3FBF2FC9D
:1083E00002FB1C3301EB832344F8203030BCEDF753
:1083F00019BA00BF1CD6012040AD0020642D012019
:10840000208C002049F2020398423AD010B412D8CE
:10841000B0F5004F22D0B0F5104F1CD101F0030091
:10842000022862D0032860D0012862D05DF8044B96
:108430000120ECF763BEB0F5204F27D14F4B504AD7
:108440001B7912684F4C5B00B1FBF3F003FB101378
:1084500002EB433323605DF8044B7047474B4A48B7
:10846000474A1B79126804785B00B1FBF3F003FB09
:10847000101302EB43339CB3444A13605DF8044B82
:108480007047414B01F002011970704720F0030260
:10849000B2F5504F93B24BD00ED9B3F5604F39D0EF
:1084A000B3F5704FD7D100F0030002284ED0032857
:1084B0005BD0374B1970CEE7B3F5304F1ED0B3F514
:1084C000404FC8D100F00303324A043301F00F01DA
:1084D000D15400F001005DF8044B0230FFF76CBF8F
:1084E0002D4A13605DF8044B70475DF8044BECF7C0
:1084F00005BE5DF8044B0020ECF700BE00F003035E
:10850000244A01F00F01D1545DF8044B00F0010042
:10851000FFF752BF00F003031E4A0C3301F00F01B6
:10852000D15400F001005DF8044B0630FFF744BF62
:1085300000F00303174A083301F00F01D15400F093
:1085400001005DF8044B0430FFF736BF134A104CAE
:10855000134811F0010318BF137811F0020F18BF70
:10856000012321781370017075E70C4A117801F02E
:10857000010343EA410313706DE700BF40AD0020E3
:108580005CAD00200C8C0020662F0120842B002085
:10859000C02D01201CD60120F88B00200EB5012033
:1085A000512E012030B51F4A1F4811681F4A90F80C
:1085B00004C010681E4A1F4B12681B681E4D02EB58
:1085C000011E1E4A12784FEA4C0C03EB011302F015
:1085D00040020901002AB3FBFCF401F10E020CFB7E
:1085E000143300EB4333B2FBFCF40CFB142200EB1E
:1085F00042321C4604BF13462246114C2260114AE7
:10860000114C13600F31BEFBFCF30CFB13E2B1FB0A
:10861000FCF30CFB131100EB423200EB41312A60FA
:10862000216030BDA8AF012040AD00205CAD00202E
:10863000102E0120CCAF01200C8C0020582F0120DF
:10864000F88B0020842B0020A08B00203A4B5B7914
:10865000002B63D02DE9F0473849394E0C68366855
:10866000384A3949394D106809682D68384A06EB8F
:10867000C41E384E1268366806EBC41C364E376886
:1086800000EBC41001EBC41105EBC41507EBC417D4
:10869000324CDB0000F1010894F90060B0FBF3F903
:1086A0004C1C03FB1900B8FBF3F903FB1988B1FB61
:1086B000F3F903FB1911B4FBF3F903FB194402EBC3
:1086C0008429B5FBF3F403FB1455BEFBF3F403FB61
:1086D00014EEBCFBF3F403FB14CC02EB8C24002E51
:1086E000B7FBF3FC03FB1C7702EB852A02EB80202F
:1086F00002EB882802EB812102EB8E25184B02EB5E
:1087000087220CDBC3E90008C3E90219C3E904A509
:10871000C3E90642BDE8F047EDF784B87047C3E906
:1087200000A5C3E90242C3E90408C3E90619BDE88C
:10873000F047EDF777B800BF40AD0020A8AF0120AB
:10874000ACD5012060760220E4AF012038B50120CD
:10875000208C0020DCAF012088AF0120582F0120A1
:10876000642D012038B52D4A2D4C2E482E492F4D11
:10877000116025602E492F4C04602F4D2F4C0D6049
:108780002F4A3048304D25603049314C314D116011
:1087900004603149314A324B324800242C60324D5A
:1087A0000D60324911603249324A1C605C60324DC2
:1087B0000560012313600C60FFF7F4FE2F4B5B791B
:1087C000C3B92F492F4A0B6013602F4C2F483049F3
:1087D000304A236003600B6013602F482F4C304AEF
:1087E00000230370012123701370BDE83840084650
:1087F00007F0C8BE22492348264B254A04600225BB
:108800000D6004211960052420491F4B14600620C7
:10881000072208601A60FFF719FFDEE754AD002059
:1088200034AC0020288C002065870108A588010849
:10883000248C00204179010845790108308C002002
:1088400060AD0020948B00209D5B0008995B0008C0
:1088500039510108A8AF01206C2A0020A88B002004
:10886000582F0120F48B0020A15B0008A55B0008B5
:10887000CCAF0120102E01208C2B002040AD002019
:10888000E4AF01206076022088AF0120DCAF012038
:10889000ACD5012038B501205DB00120672F012043
:1088A000FDAF012008B5594B1840B0F5404F40D0FE
:1088B00014D8B0F5204F41D026D94AF2010398428E
:1088C00018D101F00701524B072908BF0621196092
:1088D000FFF768FEBDE80840FFF7B8BEB0F5604F8F
:1088E00039D04EF20103984205D14A484A4BC17132
:1088F00001221A7008BD4CF201039842FAD1454A90
:10890000464B5171197008BDB0F5004F29D048F29F
:1089100001039842EED13F4A1378517003F00703E8
:10892000013B062B65D8DFE803F0584E443A302A65
:108930002400384A3A4B1171197008BD394A354B39
:10894000107899700028D5D1CB0758BF0120BDE819
:108950000840ECF7D3BB2F482F4B817100221A70CF
:1089600008BD2C4B1970FFF771FEBDE80840FFF7FA
:1089700019BE2D4B1960BDE80840FFF713BE2B4B05
:108980001960BDE80840FFF70DBE294B5B79002B4D
:10899000B0D0284B1960BDE80840FFF757BE244B04
:1089A0005B79002BA6D0244B1960BDE80840FFF787
:1089B0004DBE1F4B5B79002B9CD0204B1960BDE84E
:1089C0000840FFF743BE1A4B5B79002B92D01C4B3B
:1089D0001960BDE80840FFF739BE154B5B79002BE5
:1089E00088D0184B01F0FE011960BDE80840FFF780
:1089F0002DBE0F4B5B79002B3FF47CAF124B01F087
:108A0000FE011960BDE80840FFF720BE01E0FFFF4E
:108A1000A8AF0120582F01205DB00120FDAF01203B
:108A2000672F012058AD0020102E0120CCAF01206F
:108A300040AD002088AF0120DCAF0120ACD5012083
:108A400038B50120E4AF0120607602202DE9F04F17
:108A50004748484B8178484A047893F804C0156821
:108A6000C27840785B7985B0890000954FEA4C0C5C
:108A700001EBC4014E1C01F1020ECC1CB1FBFCF554
:108A80000CFB1511009D019405EB41313B4D296014
:108A9000009DB6FBFCF10CFB116605EB4636384D2C
:108AA000BEFBFCF12E60009D019E0CFB11EE05EB60
:108AB0004E31D200334D02EB801233482960009DC5
:108AC0000068B6FBFCF1DB000CFB1161571C941C29
:108AD0000297039402F1030B2C4C2D4E02F1040A71
:108AE00002F1050902F10608D71D05EB4135B2FB7D
:108AF000F3F103FB112200EB822235602260029920
:108B0000B1FBF3F203FB121200EB822262600399C5
:108B1000B1FBF3F203FB121200EB8222A260BBFB5B
:108B2000F3F203FB12B200EB8222E260BAFBF3F233
:108B300003FB12A200EB82222261B9FBF3F203FBDA
:108B4000129200EB82226261B8FBF3F203FB128205
:108B500000EB8222A261B7FBF3F203FB127700EB7A
:108B60008720E06105B0BDE8F04FECF75BBE00BFC9
:108B70005C2E012040AD00205CAD0020F88B002071
:108B80000C8C0020842B0020208C0020642D0120E0
:108B9000A08B002038B5164C164B1748174D256092
:108BA000174A1849184C194D1C600560184C194893
:108BB000194D10600D60194B19481A4D25601A4A5D
:108BC0001A491B4C196004601A491B4B1B4C1C486A
:108BD0001460002208601A60FFF738FF0120ECF7EC
:108BE0008DFA0121BDE83840084607F0CBBC00BF34
:108BF00054AD002034AC0020288C0020958B010857
:108C0000248C002060AD0020598C0108458C01089F
:108C1000948B002045790108995B0008308C002076
:108C20006C2A002049790108A88B00209D5B000870
:108C3000A15B0008F48B00205C2E0120A55B0008DE
:108C40008C2B0020034B01F00F0209091A70597098
:108C5000FFF7FCBE5C2E0120044B01F00102C1F3C2
:108C600002119A70D970FFF7F1BE00BF5C2E01208F
:108C700030B51F4A1F4811681F4A90F804C0106899
:108C80001E4A1F4B12681B681E4D02EB011E1E4A36
:108C900012784FEA4C0C03EB011302F04002090179
:108CA000002AB3FBFCF401F10E020CFB143300EBC1
:108CB0004333B2FBFCF40CFB142200EB42321C46A3
:108CC00004BF13462246114C2260114A114C136016
:108CD0000F31BEFBFCF30CFB13E2B1FBFCF30CFB0E
:108CE000131100EB423200EB41312A60216030BDAC
:108CF000282F012040AD00205CAD0020A4D501202C
:108D00003CB001200C8C0020D42E0120F88B0020D8
:108D1000842B0020A08B00203A4B5B79002B63D082
:108D20002DE9F0473849394E0C683668384A3949D8
:108D3000394D106809682D68384A06EBC41E384E54
:108D40001268366806EBC41C364E376800EBC41058
:108D500001EBC41105EBC41507EBC417324CDB0063
:108D600000F1010894F90060B0FBF3F94C1C03FB1F
:108D70001900B8FBF3F903FB1988B1FBF3F903FB06
:108D80001911B4FBF3F903FB194402EB8429B5FB79
:108D9000F3F403FB1455BEFBF3F403FB14EEBCFB2E
:108DA000F3F403FB14CC02EB8C24002EB7FBF3FC92
:108DB00003FB1C7702EB852A02EB802002EB88285C
:108DC00002EB812102EB8E25184B02EB87220CDB94
:108DD000C3E90008C3E90219C3E904A5C3E90642CF
:108DE000BDE8F047ECF71EBD7047C3E900A5C3E935
:108DF0000242C3E90408C3E90619BDE8F047ECF7ED
:108E000011BD00BF40AD0020282F012004D6012055
:108E1000C0AF0120FC2E012080B00120208C00205A
:108E2000E82D012028B50120D42E0120642D012039
:108E300038B52D4A2D4C2E482E492F4D11602560F6
:108E40002E492F4C04602F4D2F4C0D602F4A304877
:108E5000304D25603049314C314D1160046031494D
:108E6000314A324B324800242C60324D0D60324979
:108E700011603249324A1C605C60324D056001234A
:108E800013600C60FFF7F4FE2F4B5B79C3B92F49D9
:108E90002F4A0B6013602F4C2F483049304A236013
:108EA00003600B6013602F482F4C304A002303707F
:108EB000012123701370BDE83840084607F062BBFB
:108EC00022492348264B254A046002250D600421CF
:108ED0001960052420491F4B1460062007220860F2
:108EE0001A60FFF719FFDEE754AD002034AC002014
:108EF000288C0020318E0108958F0108248C0020D9
:108F0000718F010845790108308C002060AD002088
:108F1000948B00209D5B0008995B0008815101083B
:108F2000282F01206C2A0020A88B0020D42E01209D
:108F3000F48B0020A15B0008A55B00083CB0012079
:108F4000A4D501208C2B002040AD0020FC2E012058
:108F5000C0AF012028B50120E82D012004D6012052
:108F600080B001200C2E012007B00120F0AF0120BD
:108F7000B0F5C04F00D0704708B5054B01F00101B6
:108F80001960FFF775FEBDE80840FFF7C5BE00BFDA
:108F9000282F012008B54B4B1840B0F5404F2BD07F
:108FA00014D848F2010398422BD0B0F5204F02D1DB
:108FB000454BD97008BDB0F5004FFBD1424B19703D
:108FC000FFF7AAFEBDE80840FFF752BEB0F5604FBC
:108FD00025D04EF20103984205D13B483B4BC1716D
:108FE00001221A7008BD4CF201039842E2D1364AC0
:108FF000374B5171197008BD334A364B11711970D6
:1090000008BD314A1378517003F00703013B062B6A
:109010004BD8DFE803F03E342A2016100A002A4815
:109020002A4B817100221A7008BD2B4B1960BDE8D4
:109030000840FFF71DBE294B1960BDE80840FFF747
:1090400017BE274B5B79002BB4D0264B1960BDE8C7
:109050000840FFF761BE224B5B79002BAAD0224B60
:109060001960BDE80840FFF757BE1D4B5B79002B28
:10907000A0D01E4B1960BDE80840FFF74DBE184B4D
:109080005B79002B96D01A4B1960BDE80840FFF7BA
:1090900043BE134B5B79002B8CD0164B01F0FE01C5
:1090A0001960BDE80840FFF737BE0D4B5B79002B18
:1090B00080D0114B01F0FE011960BDE80840FFF7B8
:1090C0002BBE00BF01E0FFFFD42E01200C2E01209B
:1090D000F0AF012007B00120A4D501203CB0012051
:1090E00040AD002028B50120E82D012004D6012044
:1090F00080B00120FC2E0120C0AF01202DE9F041FD
:109100002C482D4B42781B794FEAA20ED20747D547
:109110002A4A2B4C1168027820685B0003F1FF3C5F
:1091200002F040020EF0300E002A0CF00E0242EA6D
:109130000E0201F00F0141EA0E01144600F00F008B
:109140000CF00F0C08BF0A4640EA0E004CEA0E0C69
:1091500008BF21461B4CDFF87CE02568B2FBF3F822
:1091600003FB182205EB4232174F184E184CCEF86D
:109170000020B0FBF3F203FB1200B1FBF3F203FBA0
:109180001211BCFBF3F203FB12CC05EB403005EBF4
:10919000413105EB4C35386031602560BDE8F08128
:1091A0000EF01C0242F0010042F0020142F0030CFA
:1091B0005B00CFE7FCD5012040AD00208CB0012042
:1091C0001C2F01205CAD00200C8C0020842B002083
:1091D000A08B0020F88B00202DE9F0474249434D39
:1091E00048782E68424A434C91F900C01168424BBE
:1091F000DFF818E1414F400000F4C07006F07F0630
:1092000006432E60256801F07F0105F07F050143CC
:109210000543116025601A68DEF8004002F07F0205
:1092200004F07F04024344EA000A3C681A60344BAD
:10923000CEF800A004F07F0E4EEA000E5B793148B4
:10924000C7F800E0DB000768B1FBF3F901F10108A2
:10925000501C03FB1911B8FBF3F903FB1988B2FB8F
:10926000F3F903FB1922B0FBF3F903FB190007EB39
:109270008029BEFBF3F4B6FBF3F003FB14EE03FB13
:109280001066BCF1000FB5FBF3F003FB1055BAFB01
:10929000F3F003FB10A007EB812107EB882807EB15
:1092A000822207EB862607EB852507EB8020164CEC
:1092B00007EB8E270BDBC4E90018C4E90229C4E9D7
:1092C0000465C4E90607BDE8F047ECF7ABBAC4E9AA
:1092D0000065C4E90207C4E90418C4E90629BDE829
:1092E000F047ECF79FBA00BFFCD501207CD50120E8
:1092F00078B0012068D5012060B00120242E012023
:1093000040AD0020208C0020642D012090AF012072
:1093100008B5064B93F90220002A00DB08BD5970FE
:10932000FFF7ECFEBDE80840FFF756BFFCD5012073
:10933000434B1840B0F5404F32D00AD8B0F5204F1B
:1093400031D011D94AF20103984228D13D4B99708E
:109350007047B0F5604F2FD04EF20103984217D1FD
:10936000394B01221A707047B0F5004F28D048F2EF
:10937000010398425CD1334B1B7803F00703013B98
:10938000062B56D8DFE803F0403C3834302C280058
:109390004CF2010398424AD12C4B19707047704728
:1093A0002B4B197070472B4B187820B9CB0758BF3F
:1093B0000120EBF7A3BE7047234B00221A707047C1
:1093C00010B5204C23784B40580682B022D41A06A0
:1093D00027D4217002B010BD1F4B1960FFF78EBE5D
:1093E0001E4B1960FFF78ABE1D4B1960FFF7F4BED4
:1093F0001C4B1960FFF7F0BE1B4B1960FFF7ECBE6A
:109400001A4B1960FFF7E8BE194B01F0FE01196015
:10941000FFF7E2BE0191FFF771FE237801994B40FF
:10942000D5E721700191FFF7D7FE0199D1E7704789
:109430007047104B01F0FE011960FFF7CDBE00BF71
:1094400001E0FFFFFCD50120A9B00120A1D501203A
:109450006476022058AD00201C2F01208CB0012022
:10946000242E012090AF012068D501207CD5012059
:1094700060B0012078B001202DE9F047714B1B68E6
:10948000032B43D8DFE803F0C80284440120EBF744
:1094900035FE6D4A6D4B6E4912681B790968DFF81D
:1094A000C0915B0042F0230C42F0010442F0020044
:1094B00042F003059CFBF3FA03FB1ACC01EB4C3C96
:1094C000DFF8A081C9F800C092FBF3FC03FB1C226B
:1094D00001EB4232DFF884E15E4F5F4EC8F80020B6
:1094E00094FBF3F203FB124490FBF3F203FB120034
:1094F00095FBF3F203FB125501EB443401EB4030D2
:1095000001EB4531CEF8004038603160BDE8F087AE
:109510000020EBF7F3FD4C4A4C4B12684C491B7989
:109520000968DFF83C91DFF83C814C4F494D4A4CCB
:109530005B0042F0230696FBF3FA03FB1A6601EB8D
:10954000463642F0010C42F0020042F0030EC9F828
:10955000006092FBF3F603FB162201EB4232C8F8DF
:1095600000209CFBF3F203FB12CC01EB4C323A607F
:1095700090FBF3F203FB12009EFBF3F203FB12EEEF
:1095800001EB403001EB4E3128602160BDE8F087EF
:109590000120EBF7B3FD2C4A2C4B12682C491B79A8
:1095A0000968DFF8BC90DFF8BC80DFF8B0E0294F35
:1095B000294E5B0042F02F0C9CFBF3FA03FB1ACC04
:1095C00042F0020501EB4C3CC9F800C095FBF3FCEE
:1095D00003FB1C5542F0030401EB4535C8F800506D
:1095E00094FBF3F503FB154442F00E0001EB443409
:1095F000CEF8004090FBF3F403FB140001EB403085
:1096000042F00F02386092FBF3F003FB102201EBF3
:1096100042313160BDE8F0870120EBF76FFD0A4A67
:109620000A4B12680A491B790968DFF834905B001D
:1096300042F02F0C42F0010442F00E0042F00F0500
:1096400038E700BFD8AF012070AF012040AD002047
:109650005CAD0020842B0020A08B00200C8C00200F
:10966000F48B0020F88B002038B5234C234A244883
:10967000244D2560244B2549254C264D146005605A
:10968000254A264C2648274D18600D60264B274852
:109690002749284D116025602749284C284D1C601A
:1096A000284A294B056029480860012400211160DF
:1096B0001C60FFF7E1FE264B264A03F5806003F5A8
:1096C0000061C2E90030916003F5406003F580510C
:1096D000C2E9030103F5A05003F5C05103F5E053BF
:1096E000C2E90501D361ECF79DF821462046BDE8AB
:1096F000384006F047BF00BF54AD002034AC002016
:10970000288C002069960108248C002060AD002080
:10971000599701088D970108308C0020948B002008
:1097200045790108995B00086C2A0020A88B00206D
:109730009D5B000849790108F48B0020A15B0008BB
:10974000A55B000870AF0120D8AF01208C2B002052
:10975000904B0020642D012000F58040094A8B00C9
:1097600080B203F03C03B0F5005F136008D2064AF4
:109770001368C91001F0020103F001030B431360E9
:10978000FFF77ABE70AF0120D8AF0120B0F5C04F0F
:1097900000D27047CB10044A03F00203C1F340012A
:1097A0000B431360FFF768BED8AF0120214B1A7836
:1097B000587892B103280ED8DFE800F0112539025D
:1097C0001D4AD97813681D4A803103EB8123136247
:1097D00053629362D362ECF725B8EBF78FBC16495E
:1097E0009A7893F803C00968144802F180030CF1D9
:1097F000800201EB832301EB8222036242628362D7
:10980000C262ECF70FB80C499A7893F803C0096864
:109810000A4802F180030CF1800201EB832301EB83
:109820008222036243628262C262EBF7FBBF024A9A
:109830009978C7E7AC2D0120208C0020642D0120F1
:10984000B0F5404F00F08D801BD8B0F5204F55D0BB
:1098500031D9B0F5304F50D1454A464B50791A684E
:109860008000B1FBF0F300FB1313DB0203F47E3343
:1098700003F58060404913440244C1E90632EBF726
:10988000D1BFB0F5604F4ED0B0F5704F2ED1384BF0
:109890003A4A1B79B1FBF3F003FB101189031368FB
:1098A0003748384A01F4FE1101F5005C194463445D
:1098B000016013607047B0F5004F3DD0B0F5104F18
:1098C00053D12B4A2B4B50791A688000B1FBF0F32F
:1098D00000FB1313DB0203F47E3303F5806026499B
:1098E00013440244C1E90232EBF79CBFB0F5504F7C
:1098F0003CD1254BD970FFF759BF70471C4A1D4B0F
:1099000050791A688000B1FBF0F300FB1313DB02FF
:1099100003F47E3303F58060174913440244C1E920
:109920000432EBF77FBF184BC1F3001201F00301C3
:109930001A705970FFF73ABF0D4A0E4B50791A68EA
:109940008000B1FBF0F300FB1313DB0203F47E3362
:1099500003F58060084913440244C1E90032EBF783
:1099600061BF094B9970FFF721BF7047704700BF77
:1099700040AD0020208C0020642D01205CAD002033
:10998000F88B00200C8C0020AC2D012030B4184B3B
:10999000184A1B79126818494FEA430C0868B2FB51
:1099A000FCF10CFB112215490C68154909789B0341
:1099B00001F0400100EB42320029A3F5804101444F
:1099C000154604BF0A4629460E4D29600E4D0F4923
:1099D0002A60A3F500530E4A03441360B4FBFCF362
:1099E0000CFB134200EB42320A6030BC704700BFF0
:1099F00040AD0020F4B401205CAD0020042E012015
:109A000060D50120F88B0020842B00200C8C0020D6
:109A1000A08B00202DE9F043404B5B79002B54D004
:109A20003F4C40482668404C90F900E03F49404890
:109A30002568404F404C09680068404AD7F80080CC
:109A400024681268DB00471CB1FBF3FC03FB1C1C01
:109A50000131BEF1000FB1FBF3F903FB1911B0FBAB
:109A6000F3F903FB1900B7FBF3F903FB1977B6FB16
:109A7000F3F903FB1966B5FBF3F903FB1955B4FBC6
:109A8000F3F903FB1944B8FBF3F903FB198302EB69
:109A90008C2C02EB812102EB802002EB872702EB6A
:109AA000862602EB852502EB842402EB8322244BDD
:109AB00027DBC3E900C1C3E90207C3E90465C3E9C1
:109AC0000642BDE8F043EBF7ADBE1E4B1C4A03F562
:109AD000006103F5806003F54064916003F58051F7
:109AE000C2E90030C2E9034103F5A05003F5C051BB
:109AF000C2E9050103F5E053D361BDE8F043EBF79C
:109B000091BEC3E90065C3E90242C3E904C1C3E9E8
:109B10000607BDE8F043EBF785BE00BF40AD00206F
:109B2000C0B4012060D5012090D5012098D5012036
:109B3000E0B40120E02E0120F4AF0120208C0020B1
:109B4000642D0120904B002038B5304A304C31490B
:109B50003148324D106025603148324C0C60324D36
:109B6000324C0560324A3349334D25603348344C1A
:109B7000344D10600C603448344A3549354B00246C
:109B80002C60354D056035481060354A3548086011
:109B900001211C605C601160FFF7F8FE324B5B79BD
:109BA00003BB3249324A0B601360324C32483349AE
:109BB000334A236003600B601360324C3248334AEF
:109BC000334D0023237003701370324C3248334AF4
:109BD000037001212B7023701170BDE838400846D6
:109BE00006F0D0BC21492248254B244A04600225B6
:109BF0000D600421196005241F491E4B14600620C6
:109C0000072208601A60FFF705FFD6E754AD002071
:109C100034AC0020288C0020499B0108A19C01083D
:109C2000248C00204179010845790108308C0020FE
:109C300060AD0020948B00209D5B0008995B0008BC
:109C4000E55D0008F4B401206C2A0020A88B0020F8
:109C5000F48B002060D50120A15B0008A55B000803
:109C6000042E01208C2B002040AD0020E0B4012008
:109C700098D50120E02E0120F4AF012090D50120DD
:109C8000C0B40120202F0120382F01206E2E01208A
:109C900036B5012089B0012074B001209C8B0020D2
:109CA000624B1840B0F5404F4DD010B520D8B0F5FC
:109CB000204F4DD006D94AF20103984201D15C4BA6
:109CC000D97010BDB0F5004F4FD048F20103984253
:109CD000F7D1574A1378517003F00703013B062B65
:109CE00000F29680DFE803F0766B615789835100BC
:109CF000B0F5604F41D04EF20103984208D14D4A71
:109D00004B4C4D4BE1710120107000221A7010BDB8
:109D10004CF201039842D4D14848494A0088444C47
:109D200013786171EF2843F0800304D8454913701C
:109D3000FF20087010BD444842491370FF240023DF
:109D400004700B7010BD3A4A404B11711970704786
:109D50003F4A374B107899700028B2D1CB07BDE845
:109D6000104058BF0120EBF7C9B9314B1970FFF70C
:109D700051FEBDE81040FFF709BE2D4C2D482E4A7C
:109D8000A17100230370137010BD324B1960BDE840
:109D90001040FFF7FBBD304B5B79002B91D02F4B70
:109DA0001960BDE81040FFF735BE2B4B5B79002BE7
:109DB00087D02B4B1960BDE81040FFF72BBE264B18
:109DC0005B79002B3FF47DAF264B1960BDE8104056
:109DD000FFF720BE204B5B79002B3FF472AF224B84
:109DE00001F0FE011960BDE81040FFF713BE1F4BE4
:109DF0001960BDE81040FFF7C9BD174B5B79002B18
:109E00003FF45FAF1A4B1960BDE81040FFF702BE88
:109E1000114B5B79002B3FF454AF164B01F0FE0160
:109E20001960BDE81040FFF7F5BD00BF01E0FFFF7E
:109E300060D5012036B501206E2E01203CAC0020FB
:109E4000202F012089B0012074B00120382F01207B
:109E500058AD0020042E012040AD0020F4AF0120B9
:109E600090D50120C0B40120E0B40120F4B4012059
:109E7000E02E012098D5012070B52E4C2E4D84B0D7
:109E80006846294604F1040E224612F801CB11F867
:109E9000013B724543EA0C2340F8043BF5D1274EC1
:109EA0003078002835D0002314F8012BD9B21AB924
:109EB000E85C884208BF32700133042BF4D1337858
:109EC0002BB31F4B1F4A5B7912681F4DDDE9004021
:109ED000DB00B4FBF3FC03FB1C44DDE9021602EBE0
:109EE00084242C62B0FBF3F403FB140002EB80200B
:109EF0006862B1FBF3F003FB101102EB8121A96250
:109F0000B6FBF3F103FB116602EB8622EA6204B0B2
:109F100070BD0E4B1B783BB1012B00D0032004B069
:109F2000BDE87040EBF7EAB8012004B0BDE870402E
:109F3000EBF7E4B8682E01208C2E0120F9AF012048
:109F400040AD0020208C0020642D0120B82D012080
:109F50002DE9F041A34AA44888B0ADF1040102F113
:109F6000080E12F801CF10F8013F964543EA0C2382
:109F700041F8043FF5D19D499D4B08789D4A5B7996
:109F80001168009A01284FEAC3034CD0022800F060
:109F9000DE80002800F09180B2FBF3F49648DDF8F3
:109FA00004C0BCFBF3F803FB142201EB8222026025
:109FB000DDE9026E03FB18CC01EB8C2CDDE90454C7
:109FC000DDE90627C0F804C0B6FBF3FC03FB1C6602
:109FD00001EB86268660BEFBF3F603FB16E601EB7B
:109FE0008626C660B5FBF3F603FB165501EB852507
:109FF0000561B4FBF3F503FB154401EB84244461D4
:10A00000B2FBF3F403FB142201EB82228261B7FB63
:10A01000F3F203FB127701EB8721C16108B0BDE8C1
:10A02000F041EBF7FFBB9200734DB2FBF3F003FB83
:10A03000102001EB802002F1010E2860BEFBF3F836
:10A0400003FB18EE049E941C01EB8E2EC5F804E071
:10A05000B4FBF3FE03FB1E44B600033201EB842481
:10A06000AC60B2FBF3F403FB1424B6FBF3F203FB86
:10A070001262701C06F1020C01EB82222A61B0FB15
:10A08000F3F203FB1200BCFBF3F203FB12C2F71C5A
:10A0900001EB8222AA61B7FBF3F203FB127301EB1F
:10A0A000842401EB802001EB8323EC606861EB6189
:10A0B00008B0BDE8F041EBF7B5BBD20002F1010EEC
:10A0C0004D48BEFBF3F803FB18EE02F1020C01EB66
:10A0D0008E2EC0F804E0BCFBF3FE03FB1ECCD71CA5
:10A0E00001EB8C2CC0F808C0B7FBF3FC03FB1C771A
:10A0F000161D01EB8727C760B6FBF3F703FB176656
:10A10000551D01EB8626B2FBF3F403FB142401EB8F
:10A1100084240661B5FBF3F603FB165501EB852598
:10A120000460941D4561B4FBF3F503FB154401EB9A
:10A13000842407328461B2FBF3F403FB142201EBA5
:10A140008222C26108B0BDE8F041EBF76BBB520060
:10A15000294CB2FBF3F003FB102001EB802001320D
:10A160002060B2FBF3F003FB102201EB8222029885
:10A170006260049A4000461CB0FBF3FE03FB1E0025
:10A180004FEA420C01EB8020069AA060B6FBF3F088
:10A1900003FB1066BCFBF3F003FB10C00CF10107DE
:10A1A00001EB80202061B7FBF3F003FB107052003D
:10A1B00001EB8020551C6061B2FBF3F003FB102221
:10A1C00001EB8222A261B5FBF3F203FB125501EB16
:10A1D000862601EB8525E660E56108B0BDE8F04123
:10A1E000EBF720BB6FD50120B7B40120E5B4012007
:10A1F00040AD0020208C0020642D0120F0B5594B8B
:10A20000594A1B78594912680C79012B2CD0022B22
:10A2100063D0002B4BD0564B564F93F803C0987821
:10A22000597893F800E0544E544D6400BCFBF4F3AD
:10A2300004FB13CC02EB4C333B60B0FBF4F304FBA8
:10A240001300B1FBF4F304FB1311BEFBF4F304FBA6
:10A2500013E302EB403002EB413102EB4333484A57
:10A26000306029601360F0BD414BDFF810C15978B0
:10A27000404F414EA3036500A3F5804449001444B8
:10A28000481CCCF80040B1FBF5F405FB141102EBBF
:10A290004131A3F500533960B0FBF5F105FB110125
:10A2A000134402EB41323260354A1360F0BDA30320
:10A2B000A3F500412F4D304C304811442960A3F5DF
:10A2C000C04111442160A3F58041A3F5005311441E
:10A2D00013442B4A01601360F0BD254E294B3078A2
:10A2E0001F787378B1784FEA440CB0FBFCF50CFB97
:10A2F000150002EB4035B3FBFCF00CFB103302EB16
:10A300004330B1FBFCF30CFB131102EB4131C7B935
:10A310001D4B1B7843B1F3781C4EB3FBFCF70CFBD1
:10A32000173302EB4333336002EB8433114A124C90
:10A330001560124A20601160114AA3F500531360A2
:10A34000F0BD0C4CF37825600B4C20600B4801608D
:10A35000B3FBFCF10CFB113302EB4333084A1360EF
:10A36000F0BD00BF75AF01205CAD002040AD002006
:10A3700064B00120F88B00200C8C0020842B00207E
:10A38000A08B00204E2E0120EC2D0120F48B00200C
:10A390004CF2020398425CD031D84AF2070398424B
:10A3A00011D8B0F5204F58D248F2030398421AD979
:10A3B00000F5E0439BB2072B48D83D4B00F0070067
:10A3C0001954FFF7C5BD4BF2030398420ED900F5AF
:10A3D0009F437C339BB2032B39D8364B00F00300EC
:10A3E0001954FFF749BD03043DD47047B0F5304F11
:10A3F000FBD3314B00F003001954FFF73DBDB0F51E
:10A40000504F36D00AD94DF20103984205D12B4B5B
:10A4100001F003011970FFF72FBD70474CF20403E0
:10A4200098420AD8264B1A78002ADED12549264AB6
:10A43000097811700120187070474CF2050398429A
:10A4400006D1214A1F4B1170197070477047704731
:10A4500070471B4B00221A7070471C4B00F007001E
:10A460001954FFF775BD1A4B00F003001954FFF79C
:10A47000C5BE10B5174B184C184821F07F0201F0EB
:10A48000040C1A7084F800C0154A164B01F0030C36
:10A4900080F800C0C1F3C10001F0200110701970F4
:10A4A000FFF7ACFEFFF754FDBDE81040FFF7E4BC3A
:10A4B000B8B40120682E01208C2E0120B82D012077
:10A4C000F82E0120ABB001208CAF012070D5012007
:10A4D00064B00120EC2D01204E2E012075AF01202B
:10A4E000E5B40120F9AF012030B4184B184A1B79AC
:10A4F000126818494FEA430C0868B2FBFCF10CFBE8
:10A50000112215490C68154909789B0301F0400197
:10A5100000EB42320029A3F580410144154604BFF7
:10A520000A4629460E4D29600E4D0F492A60A3F5B3
:10A5300000530E4A03441360B4FBFCF30CFB1342BC
:10A5400000EB42320A6030BC704700BF40AD0020D3
:10A55000D42D01205CAD002094AF0120F0B4012087
:10A56000F88B0020842B00200C8C0020A08B002076
:10A57000334B5B79002B56D02DE9F0433149324AF9
:10A5800009681268314DDB004F1CB1FBF3F003FB8F
:10A59000101102EB812C2E49B7FBF3F00C682D490A
:10A5A000D5F800802C4D03FB10772C4895F900E07E
:10A5B000066808682A49B6FBF3F90968751CBEF1FC
:10A5C000000F03FB1966B5FBF3F903FB1955B4FB48
:10A5D000F3F903FB1944B0FBF3F903FB1900B1FBDA
:10A5E000F3F903FB1911B8FBF3F903FB198802EB2C
:10A5F000872702EB862602EB852502EB842402EBFB
:10A60000802002EB8121174B02EB88220CDBC3E98F
:10A6100000C7C3E90265C3E90440C3E90612BDE807
:10A62000F043EBF7FFB87047C3E90040C3E90212FB
:10A63000C3E904C7C3E90665BDE8F043EBF7F2B828
:10A6400040AD002018B00120208C0020142E0120E5
:10A65000CC2E012094B00120F0B40120482F01201D
:10A6600014D60120642D01202B492C4A2C4838B5E2
:10A670002C4D0D602C4C2D492D4D116005602D4A3F
:10A680002D4D25602D4B2E492E4C14602E482F4DFC
:10A690002F4C18600C602F4B2F48304A30491960FE
:10A6A00000242C702F4D304B30490560304810602D
:10A6B00001221A600C60FFF717FF2E4B5B798BB9F4
:10A6C0002D492E4A0B6013602D4C2E482E492F4ADF
:10A6D00003600B60236013600121BDE83840084629
:10A6E00005F050BF24492548284B274A046002251D
:10A6F0000D600421196005242249214B14600620B5
:10A70000072208601A60FFF733FF0121BDE83840D7
:10A71000084605F037BF00BF54AD002034AC002020
:10A72000288C002069A6010860AD002091A70108CF
:10A7300041790108308C0020995B0008248C0020AE
:10A74000948B00209D5B000845790108F0B401203E
:10A75000497901086C2A0020A88B0020F48B002086
:10A76000A15B0008A55B000894AF0120D42D012057
:10A770008C2B002040AD0020482F012018B0012074
:10A78000142E012014D6012094B00120CC2E0120DB
:10A7900038B53B4B1840B0F5004F0C4620D048F27E
:10A7A000010398421BD1374D2B78052B08D88B0617
:10A7B0004CBF02200320EAF7A1FC2B7804F01F0411
:10A7C00003F00703013B062B05D8DFE803F017234E
:10A7D0002D37414B11002C4B5B79002B48D138BDF4
:10A7E000284B1970FFF7C4FEBDE83840FFF77CBE68
:10A7F000264B1C60BDE83840FFF776BE224B5B79E4
:10A80000002BECD0224B04F0FE041C60BDE8384065
:10A81000FFF7AEBE1C4B5B79002BE0D01D4B1C60DC
:10A82000BDE83840FFF7A4BE174B5B79002BD6D0AC
:10A83000194B1C60BDE83840FFF79ABE124B5B799C
:10A84000002BCCD0154B1C60BDE83840FFF790BE04
:10A850000D4B5B79002BC2D0114B1C60BDE838401A
:10A86000FFF786BE0F4B1C60BDE83840FFF73CBECB
:10A870000D4B04F0FE041C60BDE83840FFF778BEC5
:10A8800001E0FFFFF0B4012040AD002094AF0120B3
:10A89000482F0120CC2E012094B0012014D6012095
:10A8A000142E0120D42D012018B0012030B41E4BED
:10A8B0001E491A785B781E4803EB82039B0003F065
:10A8C0001F0401EB842404605C1C04F01F0401EBF2
:10A8D000842444609C1C033304F01F0403F01F0312
:10A8E000120101EB842401EB8323C0E9024302F14E
:10A8F0000D0302F10E040C3202F01F05033204F0C6
:10A900001F0402F01F0201EB842401EB8222C0E944
:10A91000064203F01F0301EB852501EB832305614C
:10A92000436130BCEAF77EBFA4AF0120904B00200A
:10A93000642D01201E481F491F4A38B51F4C204D69
:10A9400004600D601F4C2049116020482049214DB2
:10A950002560214A214C224D04600D60214C224982
:10A96000224B116022482349234D1B682560234A4E
:10A97000234C244D04600D60234C244823600021A7
:10A98000118003F500552249224A056003F58040F5
:10A9900003F5C04308601360FFF788FF0320EAF760
:10A9A000ADFB0121BDE83840084605F0EBBD00BF16
:10A9B00054AD002034AC0020288C002035A90108BB
:10A9C00019AA0108248C00204179010860AD0020FB
:10A9D000308C002045790108948B0020995B000899
:10A9E0009D5B00086C2A0020497901085CAD0020BD
:10A9F000A88B0020F48B0020ADAA0108A4AF012091
:10AA0000A55B00088C2B0020F88B00200C8C00200C
:10AA1000842B0020A08B00202DE9F0431C4B1D4807
:10AA20001A79DFF880900068DFF87C801A4F1B4E9F
:10AA30001B4D8B00520003F00C03C1F3800103F1A6
:10AA4000010E03F1020CDC1C89F80010B3FBF2F1DB
:10AA500002FB113300EB4333C8F80030BEFBF2F3C6
:10AA600002FB13EE00EB4E333B60BCFBF2F302FB48
:10AA700013CC00EB4C333360B4FBF2F302FB134412
:10AA800000EB44302860BDE8F043FFF70FBF00BF84
:10AA900040AD00205CAD00200C8C0020842B0020F9
:10AAA000A08B0020A4AF0120F88B002000F470439D
:10AAB000B3F5005F00D07047024BC0F3012058701F
:10AAC000FFF7F4BEA4AF01202DE9F041194B1A4C59
:10AAD0001A4A1B7994F800C019481A4C126894F865
:10AAE00000E000781849DFF870800978174F184E99
:10AAF000184D5B00BCFBF3F403FB14CC02EB4C34AD
:10AB0000C8F80040B0FBF3F403FB140002EB403044
:10AB10003860B1FBF3F003FB101102EB41313160FF
:10AB2000BEFBF3F103FB11EE02EB4E322A60BDE8EF
:10AB3000F08100BF40AD0020E0AF01205CAD0020FF
:10AB4000F3D501206F2E012074AF01200C8C002062
:10AB5000842B0020A08B0020F88B00202C4B5B79ED
:10AB600003B970472DE9F0432A492B4C0E782B4945
:10AB700094F8008091F800E029492A480C782A4985
:10AB80002A4A91F800C02A490778087829491268AA
:10AB90000D782949DB00B8FBF3F903FB198802EBB8
:10ABA0008828C1F80080B7FBF3F803FB187702EBA5
:10ABB00087274F60B6FBF3F703FB176602EB862689
:10ABC0008E60BEFBF3F603FB16EE02EB8E26CE6024
:10ABD000B4FBF3F603FB164402EB84240C61BCFBCC
:10ABE000F3F403FB14CC02EB8C244C61B0FBF3F4C4
:10ABF00003FB140002EB80208861B5FBF3F003FB3C
:10AC0000105502EB8522CA61BDE8F043EAF70ABE9F
:10AC100040AD0020FA2D0120F62E01205CB001206D
:10AC2000612F0120392F012084D50120208C0020A4
:10AC3000BA2D0120792E0120642D01203848394990
:10AC4000394A70B5394C046039483A4C04603A4886
:10AC50003A4C04603A483B4C04603B483B4C04602F
:10AC60003B483C4C04603C483C4C04603C483D4CF8
:10AC700004603D483D4C04603D480B793D4C046008
:10AC80003D48126802609B03A3F580403B4D3C4E5B
:10AC90003C4C4979A3F500531044134402F500528B
:10ACA00030602A60236001BB374A384C1170384845
:10ACB000384A394B217001701170384C3848394A84
:10ACC00019700123217003701370374A374D3848CB
:10ACD000384C0023037001212B70237013605360E4
:10ACE000BDE87040084605F04DBC2A492B4C2D4A62
:10ACF0002B4B294800250D700225012125700324C6
:10AD000011701C70224A2049204B04240470052431
:10AD100006201470072208701A70FFF71FFFD4E78F
:10AD200054AD002040AD00205CAD00203DAC0108DA
:10AD300034AC0020B9AD0108288C0020417901080D
:10AD4000248C00204579010860AD0020995B000843
:10AD5000308C00209D5B0008948B0020FD5401087E
:10AD60006C2A0020A15B0008A88B0020A55B0008CE
:10AD7000F48B00208C2B0020F88B00200C8C002002
:10AD8000842B0020A08B0020BA2D0120792E0120D9
:10AD900084D50120F62E0120612F0120FA2D0120FB
:10ADA0005CB00120392F01207C2E012094D5012098
:10ADB000D82D01203DD60120BF4B1840B0F5404FA3
:10ADC00000F0CD800CD8B0F5204F00F0D0801FD916
:10ADD0004AF20103984240F0B780B84BD9707047EF
:10ADE000B0F5604F00F0CF804EF20103984205D1DC
:10ADF000B248B34BC171FF221A7070474CF2010385
:10AE0000984240F04A81AD4AAE4B5171197070477B
:10AE1000B0F5004F00F0A88048F20103984240F0DE
:10AE20003B81A64A1378517003F0C703072B40F209
:10AE30008C80463BDAB23F2A00F22D813F2BDCD8D2
:10AE400001A252F823F000BF8FB0010887B00108BB
:10AE5000FBAD0108FBAD0108FBAD0108FBAD01082E
:10AE6000FBAD0108FBAD0108FBAD0108FBAD01081E
:10AE7000FBAD0108FBAD0108FBAD0108FBAD01080E
:10AE8000FBAD0108FBAD0108FBAD0108FBAD0108FE
:10AE9000FBAD0108FBAD0108FBAD0108FBAD0108EE
:10AEA000FBAD0108FBAD0108FBAD0108FBAD0108DE
:10AEB000FBAD0108FBAD0108FBAD0108FBAD0108CE
:10AEC000FBAD0108FBAD0108FBAD0108FBAD0108BE
:10AED000FBAD0108FBAD0108FBAD0108FBAD0108AE
:10AEE000FBAD0108FBAD0108FBAD0108FBAD01089E
:10AEF000FBAD0108FBAD0108FBAD0108FBAD01088E
:10AF0000FBAD0108FBAD0108FBAD0108FBAD01087D
:10AF1000FBAD0108FBAD0108FBAD0108FBAD01086D
:10AF2000FBAD0108FBAD0108FBAD0108FBAD01085D
:10AF30006BB001084FB001083DB001082BB001080B
:10AF400019B0010807B001087047013B062B00F259
:10AF5000A580DFE803F0463D342B221E5400574AFB
:10AF6000594B117119707047544B19707047574AFB
:10AF7000524B1078997000287FF43FAFCB0758BF31
:10AF80000120EAF7BBB84D484D4B817100221A7081
:10AF900070474F4B1970FFF797BD4E4B5B79002BF5
:10AFA0003FF42BAF4C4B1970FFF7D8BD494B5B7981
:10AFB000002B3FF422AF494B1970FFF7CFBD454B33
:10AFC0005B79002B3FF419AF454B1970FFF7C6BDF5
:10AFD000404B5B79002B3FF410AF424B1970FFF7E9
:10AFE000BDBD3C4B5B79002B3FF407AF01F0FE0188
:10AFF0003D483E4B01704A1C1A70FFF7AFBD3C4BF9
:10B000001970FFF761BD334B5B79002B3FF4F5AE50
:10B01000364B1970FFF7A2BD2E4B5B79002B3FF426
:10B02000ECAE314B1970FFF799BD2A4B5B79002BC1
:10B030003FF4E3AE2F4B1970FFF790BD254B5B79C2
:10B04000002B3FF4DAAE2C4B1970FFF787BD214B74
:10B050005B79002B3FF4D1AE01F0FE011F481E4B7F
:10B0600001704A1C1A70FFF779BD1A4B5B79002BEF
:10B070003FF4C3AE01F0FE011A48194B01704A1C9F
:10B080001A70FFF76BBD1D4B1970FFF71DBD1C4BF0
:10B090001970FFF719BD7047704770470D4B5B790A
:10B0A000002B3FF4AAAE01F0FE011348114B0170D2
:10B0B0004A1C1A70FFF752BD01E0FFFF7C2E0120F1
:10B0C00094D501203DD60120D82D012058AD002077
:10B0D000E0AF012040AD0020792E0120BA2D0120E3
:10B0E00084D50120612F0120FA2D01205CB00120C0
:10B0F000F3D50120392F0120F62E01206F2E0120DB
:10B1000074AF01202B4B5B7903B9704770B52A48A7
:10B110002A4D06782A4895F800E00078294A2A49FD
:10B1200014780978294A4EEA001E294812680578E1
:10B13000E00000F008000843A1006400DB0004F018
:10B14000080401F0080129434EEA040E214D1C1F9A
:10B150004FEA842C02EB84242C610CF580641444A7
:10B160006C610CF5006414440CF5406CAC6102EBAE
:10B170000C04EC61B6FBF3F403FB1466B0FBF3F4D0
:10B1800003FB140002EB80206860B1FBF3F003FBCB
:10B19000101102EB8121A960BEFBF3F103FB11EE5C
:10B1A00002EB862602EB8E222E60EA60BDE870403C
:10B1B000EAF738BB40AD002082D5012004B0012061
:10B1C0006C2E0120BCD501204D2E0120208C0020AA
:10B1D000082E0120642D012022492348234A38B536
:10B1E000234C0860234D244825602449244C254DD8
:10B1F000056014602448254C0860254D2548264BE1
:10B2000025602649264D1B680560264A26480860A9
:10B21000264C2748146003F50055264C2649056046
:10B22000264A274D256003F580400860254C2648B6
:10B230002649136003F5C0420023237002600B709F
:10B2400023482449244D254C254A03700B702B704C
:10B2500023701370FFF756FF0121BDE83840084600
:10B2600005F090B954AD0020D9B10108288C002018
:10B2700034AC0020955B0008248C002060AD0020D9
:10B2800041790108E5B20108995B0008308C002083
:10B290009D5B00086C2A00205CAD0020A88B00207C
:10B2A000A15B0008948B0020A55B00084979010888
:10B2B0000C8C0020F48B0020842B0020F88B0020C5
:10B2C0008C2B0020DE2E0120A08B00204D2E012093
:10B2D00004B001206C2E012082D50120082E01200F
:10B2E000BCD50120B0F5824F0FD044F20113984233
:10B2F0000AD1304B1B78072B05D8DFE803F05450F8
:10B300004C4842140E09704770472A4B1970704719
:10B31000CB074CD50020E9F7F1BE274B01F0070120
:10B320001970FFF7EFBE70B5244A254B92F804C0A0
:10B330001B682448244E254D254C4FEA4C0C01F047
:10B340000701B1FBFCF20CFB121203EB423202606C
:10B35000481CB0FBFCFE0CFB1E008A1C03EB4030BB
:10B360003060B2FBFCF00CFB102203EB42320331E5
:10B370002A60B1FBFCF20CFB121103EB413323609A
:10B3800070BD144B01F001011970FFF7BBBE124BE9
:10B390001970FFF7B7BE114B1970FFF7B3BE104B12
:10B3A0001970FFF7AFBE0F4B1970FFF7ABBE01204E
:10B3B000E9F7A4BEDE2E0120BCD5012040AD00205F
:10B3C0005CAD0020F88B00200C8C0020842B00202A
:10B3D000A08B00206C2E012004B00120082E01203B
:10B3E0004D2E012082D5012030B4184B184A1B790C
:10B3F000126818494FEA430C0868B2FBFCF10CFBD9
:10B40000112215490C68154909789B0301F0400188
:10B4100000EB42320029A3F580410144154604BFE8
:10B420000A4629460E4D29600E4D0F492A60A3F5A4
:10B4300000530E4A03441360B4FBFCF30CFB1342AD
:10B4400000EB42320A6030BC704700BF40AD0020C4
:10B45000D0D501205CAD0020D4B4012054D501200A
:10B46000F88B0020842B00200C8C0020A08B002067
:10B47000334B5B79002B56D02DE9F0433149324AEA
:10B4800009681268314DDB004F1CB1FBF3F003FB80
:10B49000101102EB812C2E49B7FBF3F00C682D49FB
:10B4A000D5F800802C4D03FB10772C4895F900E06F
:10B4B000066808682A49B6FBF3F90968751CBEF1ED
:10B4C000000F03FB1966B5FBF3F903FB1955B4FB39
:10B4D000F3F903FB1944B0FBF3F903FB1900B1FBCB
:10B4E000F3F903FB1911B8FBF3F903FB198802EB1D
:10B4F000872702EB862602EB852502EB842402EBEC
:10B50000802002EB8121174B02EB88220CDBC3E980
:10B5100000C7C3E90265C3E90440C3E90612BDE8F8
:10B52000F043EAF77FB97047C3E90040C3E902126C
:10B53000C3E904C7C3E90665BDE8F043EAF772B999
:10B5400040AD0020142F0120208C002008B00120E5
:10B55000F02E01206CD5012054D50120A42E01200D
:10B560004CD50120642D012038B52C4A2C4C2D4996
:10B570002D482E4D106025602D482E4C0C602E4D10
:10B580002E4C05602E4A2F492F4D25602F48304CF8
:10B59000304D10600C603048304A3149314B002446
:10B5A0002C60314D056031481060314A31480860E7
:10B5B00001211C605C601160FFF716FF2E4B5B7968
:10B5C000C3B92E492E4A0B6013602E4C2E482F49CA
:10B5D0002F4A236003600B6013602E482E4C2F4AC5
:10B5E00000230370012123701370BDE83840084622
:10B5F00004F0C8BF25492648234B224A046002258F
:10B600000D600421196005241D491C4B146006209F
:10B61000072208601A60FFF72BFFDEE754AD002019
:10B6200034AC0020288C002069B50108A1B60108BF
:10B63000248C00204179010845790108308C0020D4
:10B6400060AD0020948B00209D5B0008995B000892
:10B6500085550108D0D501206C2A0020A88B002038
:10B66000F48B002054D50120A15B0008A55B0008E5
:10B67000D4B401208C2B002040AD002008B0012064
:10B680004CD501206CD50120F02E0120A42E0120E4
:10B69000142F0120C9B4012008D60120A0B0012038
:10B6A00008B5574B1840B0F5404F41D01ED8B0F503
:10B6B000204F42D006D94AF20103984201D1514BA2
:10B6C000D97008BDB0F5004F45D048F2010398424B
:10B6D000F7D14D4B4B4A1B789170002BF1D1CB0722
:10B6E00021D5BDE808400120E9F708BDB0F5604F5D
:10B6F00012D04EF20103984205D14248434BC1712A
:10B7000001221A7008BD4CF201039842D9D13D4A7A
:10B710003F4B5171197008BD3A483C4B8171002272
:10B720001A700029DDD0BDE808400020E9F7E6BC2A
:10B73000344A384B1171197008BD324A1378517070
:10B7400003F00703013B062B54D8DFE803F04D401C
:10B75000342A20160C002B4B1970FFF789FEBDE828
:10B760000840FFF741BE2C4B5B79002BA9D02B4B37
:10B770001960BDE80840FFF77BBE274B5B79002BC3
:10B780009FD0274B1960BDE80840FFF771BE224BE0
:10B790005B79002B95D0234B1960BDE80840FFF77B
:10B7A00067BE1D4B5B79002B8BD01F4B1960BDE82A
:10B7B0000840FFF75DBE184B5B79002B81D01B4B17
:10B7C00001F0FE011960BDE80840FFF751BE124BC1
:10B7D0005B79002B3FF475AF154B01F0FE0119604A
:10B7E000BDE80840FFF744BE124B1960BDE80840B1
:10B7F000FFF7FABD104B1960BDE80840FFF7F4BD34
:10B8000001E0FFFF54D5012058AD0020C9B401204C
:10B81000A0B0012008D6012040AD002008B00120D2
:10B820004CD501206CD50120F02E0120A42E012042
:10B83000142F0120D4B40120D0D5012030B4184BEE
:10B84000184A1B79126818494FEA430C0868B2FB82
:10B85000FCF10CFB112215490C68154909789B0372
:10B8600001F0400100EB42320029A3F58041014480
:10B87000154604BF0A4629460E4D29600E4D0F4954
:10B880002A60A3F500530E4A03441360B4FBFCF393
:10B890000CFB134200EB42320A6030BC704700BF21
:10B8A00040AD0020A02E01205CAD0020E42D012041
:10B8B00034D60120F88B0020842B00200C8C002033
:10B8C000A08B0020334B5B79002B56D02DE9F04341
:10B8D0003149324A09681268314DDB004F1CB1FB17
:10B8E000F3F003FB101102EB812C2E49B7FBF3F0B0
:10B8F0000C682D49D5F800802C4D03FB10772C489F
:10B9000095F900E0066808682A49B6FBF3F909686A
:10B91000751CBEF1000F03FB1966B5FBF3F903FBC1
:10B920001955B4FBF3F903FB1944B0FBF3F903FB1E
:10B930001900B1FBF3F903FB1911B8FBF3F903FB91
:10B94000198802EB872702EB862602EB852502EB9E
:10B95000842402EB802002EB8121174B02EB88222A
:10B960000CDBC3E900C7C3E90265C3E90440C3E9CE
:10B970000612BDE8F043E9F755BF7047C3E9004040
:10B98000C3E90212C3E904C7C3E90665BDE8F04391
:10B99000E9F748BF40AD002000D60120208C0020F0
:10B9A00058B00120102F01202CB0012034D60120E6
:10B9B00090B001201CB50120642D012038B52C4A1F
:10B9C0002C4C2D492D482E4D106025602D482E4CB5
:10B9D0000C602E4D2E4C05602E4A2F492F4D2560B0
:10B9E0002F48304C304D10600C603048304A31499F
:10B9F000314B00242C60314D056031481060314AD4
:10BA00003148086001211C605C601160FFF716FF7F
:10BA10002E4B5B79C3B92E492E4A0B6013602E4C16
:10BA20002E482F492F4A236003600B6013602E4875
:10BA30002E4C2F4A00230370012123701370BDE8A0
:10BA40003840084604F09EBD21492248254B244A2F
:10BA5000046002250D600421196005241F491E4B56
:10BA600014600620072208601A60FFF72BFFDEE74C
:10BA700054AD002034AC0020288C0020BDB9010852
:10BA8000A1BB0108248C0020F5BA01084579010802
:10BA9000308C002060AD0020948B00209D5B00085E
:10BAA000995B0008CD550108A02E01206C2A0020CA
:10BAB000A88B0020F48B002034D60120A15B000865
:10BAC000A55B0008E42D01208C2B002040AD002058
:10BAD00090B0012000D6012058B001201CB50120F3
:10BAE0002CB00120102F0120ED2D01206D2E012002
:10BAF000B22D0120B0F5C04F00D0704738B50C46CC
:10BB0000F9B91A4B1A481B4A1C6001215C60046099
:10BB10001160FFF793FE184B5B799BB91749184AE0
:10BB20000B601360174C18481849194A23600360CA
:10BB30000B60136017481849184A002303700B70F4
:10BB4000137038BD0D490E48114B104A0460022590
:10BB50000D600421196005240B490A4B146006206E
:10BB6000072208601A60FFF7ADFEE3E734D6012034
:10BB7000A02E0120E42D012040AD002090B0012036
:10BB800000D6012058B001201CB501202CB00120A6
:10BB9000102F0120ED2D01206D2E0120B22D01204E
:10BBA00008B5554B1840B0F5404F3CD01FD8B0F504
:10BBB000204F3DD006D94AF20103984201D14F4BA4
:10BBC000D97008BDB0F5004F3FD048F2010398424C
:10BBD000F7D14A4A1378517003F00703013B062B53
:10BBE0007CD8DFE803F06E645A5046403A00B0F566
:10BBF000604F12D04EF20103984205D13F48404BAE
:10BC0000C17101221A7008BD4CF201039842D8D1CB
:10BC10003A4A3C4B5171197008BD3848384B817114
:10BC200000221A7008BD354A374B1171197008BDD2
:10BC3000364A324B107899700028C2D1CB0758BFD2
:10BC40000120BDE80840E9F759BA2C4B1970FFF7FD
:10BC500039FEBDE80840FFF7F1BD2D4B1960BDE886
:10BC60000840FFF7EBBD2B4B1960BDE80840FFF71C
:10BC7000E5BD294B5B79002BA3D0284B1960BDE8AB
:10BC80000840FFF71FBE244B5B79002B99D0244B53
:10BC90001960BDE80840FFF715BE1F4B5B79002B0C
:10BCA0008FD0204B1960BDE80840FFF70BBE1A4B40
:10BCB0005B79002B85D01C4B1960BDE80840FFF76D
:10BCC00001BE154B5B79002B3FF47BAF174B01F0A6
:10BCD000FE011960BDE80840FFF7F4BD0E4B5B792B
:10BCE000002B3FF46EAF124B01F0FE011960BDE86E
:10BCF0000840FFF7E7BD00BF01E0FFFF34D6012099
:10BD0000ED2D0120B22D01206D2E012058AD002017
:10BD1000E42D0120A02E012040AD002058B00120CC
:10BD20001CB501202CB00120102F012090B0012063
:10BD300000D6012030B42F4B2F4A93F900102F4822
:10BD4000127904681B7800294FEA42002DDB2C4A47
:10BD50002C4B11782C4A1B7813702C4AB1FBF0F550
:10BD6000127802F04002002A00FB1515B3FBF0F236
:10BD700000FB1233A0F10202254804EB43330170AB
:10BD800004EB4231184601F5005208BF0B4604EBA4
:10BD9000453508BF01461F4801601F491F480D6017
:10BDA0001F4903600A6030BC704717495B0003F00D
:10BDB0001E030B7016495A1C02F1020C0A70B2FBEA
:10BDC000F0F5B3FBF0F100FB152200FB113102335B
:10BDD00004EB4235B3FBF0F200FB1233BCFBF0F294
:10BDE00000FB12CC04EB413104EB433304EB4C3247
:10BDF000D1E700BFB02E012040AD00205CAD002097
:10BE0000B4AF01204CB0012079D50120ACAF0120A6
:10BE10000BB50120F88B00200C8C0020842B002017
:10BE2000A08B00203F4B5B79002B6DD02DE9F047B4
:10BE30003D493E4C91F800E03D4927780E783D4958
:10BE40003D4A0D783D49DFF80CC10C783C4910782B
:10BE500091F800A03B499CF800C009783A4A07EBEA
:10BE600000270EEB002E06EB002605EB002504EB69
:10BE700000240AEB002A01EB00210CEB002C3348D4
:10BE8000126890F90080DB00B7FBF3F003FB10773A
:10BE9000BEFBF3F003FB10EE02EB8729B6FBF3F0D9
:10BEA00002EB8E2703FB1066B1FBF3FEB5FBF3F04C
:10BEB00003FB1E1103FB1055BCFBF3FEB4FBF3F0B8
:10BEC00003FB1ECC03FB1044B8F1000FBAFBF3F0E8
:10BED00003FB10A002EB862602EB852502EB8424EF
:10BEE00002EB802002EB8121194B02EB8C220CDB50
:10BEF000C3E90097C3E90265C3E90440C3E9061238
:10BF0000BDE8F047E9F78EBC7047C3E90040C3E9DC
:10BF10000212C3E90497C3E90665BDE8F047E9F7F3
:10BF200081BC00BF40AD0020D02E012077AF0120A2
:10BF300076AF012047D50120A8B0012014B501201B
:10BF400050760220F1AF0120208C0020ACAF012000
:10BF5000642D012034B5012039493A483A4A70B578
:10BF600008603A493A4808603A493B4808603B490A
:10BF70003B4808603B493C4808603C493C480860F5
:10BF80003C493D4808603D493D4808603D493E48C0
:10BF900008603E493E48086000243E4E3E4814601A
:10BFA00054603E4A047033793D483E49047001258F
:10BFB00015703D4A3D480C705B0015703C493D4A88
:10BFC0000470DBB2981E013B13700870FFF7B2FEDD
:10BFD0007379E3B93848394A3949137003700B70E3
:10BFE000384A3948394913700370394A0B70394B54
:10BFF00015701D703848394C394A002303700121EF
:10C0000023701370BDE87040084604F0BBBA2F4A95
:10C01000304B2D4E1D7014702D4B2A48284A27494D
:10C020000224347003241C700424234B0470052460
:10C0300006201470072208701A70FFF7F3FED9E784
:10C0400054AD002059BF0108ACAF012034AC002032
:10C05000E5C00108288C00205DC20108248C002066
:10C060004579010860AD0020995B0008308C002004
:10C070009D5B0008948B0020155601086C2A002057
:10C08000A15B0008A88B0020A55B0008F48B0020B2
:10C090008C2B002040AD00204CB00120B4AF01201B
:10C0A000B02E012079D501200BB50120A8B00120C8
:10C0B0003ED6012081AF012034B50120F1AF01202F
:10C0C0005076022014B5012076AF012077AF012011
:10C0D00047D50120D02E0120862E0120BCAF0120A3
:10C0E000F82D01204B4B1840B0F5404F10B53CD017
:10C0F0001FD8B0F5204F40D006D94AF2010398422C
:10C1000001D1454BD97010BDB0F5004F42D048F277
:10C1100001039842F7D1404A1378517003F00703A6
:10C12000013B062B71D8DFE803F0655F59534D459D
:10C130003D00B0F5604F12D04EF20103984205D198
:10C140003548364BC171FF221A7010BD4CF2010305
:10C150009842D8D1304A324B5171197010BD2E48D7
:10C160002E4B817100221A7010BD2B4C2D482B4B89
:10C170002171FF2201701A7010BD2B4A264B1078D6
:10C1800099700028BFD1CB07BDE8104058BF0120EF
:10C19000E8F7B4BF204B1970FFF7CCFDBDE81040A5
:10C1A000FFF740BE214A224B11701970BDE81040C4
:10C1B000FFF7C0BD1F4A204B11701970BDE8104039
:10C1C000FFF7B8BD1D4B1970BDE81040FFF72ABE40
:10C1D0001B4B1970BDE81040FFF724BE194B1970B6
:10C1E000BDE81040FFF71EBE174B1970BDE81040A8
:10C1F000FFF718BE1548164B01F0FE014A1C0170EE
:10C200001A70BDE81040FFF70DBE1248124B01F046
:10C21000FE01F3E701E0FFFFACAF0120862E012015
:10C22000F82D0120BCAF012058AD0020B4AF012093
:10C230000BB501204CB0012079D5012034B5012087
:10C24000F1AF01205076022014B5012076AF012015
:10C2500047D5012077AF0120D02E0120B0F5C04F87
:10C260000AD046F20103984205D1054B01F00101C5
:10C270001970FFF7D7BD7047024B1970FFF75ABD11
:10C28000A8B00120B02E012030B4174A1749146815
:10C29000174B184A087912781978174B400093F811
:10C2A00000C0B1FBF0F302F0400200FB131104EBFD
:10C2B0004133002AA0F1020204EB42311D4601F590
:10C2C000005204BF0B4629460C4D29600C4D0D4908
:10C2D0002B600D4B1A60BCFBF0F300FB13C204EBA8
:10C2E00042320A6030BC70475CAD002040AD002097
:10C2F0004C2E0120FC2D0120F92E0120F88B00206E
:10C30000842B00200C8C0020A08B00203F4B5B79FD
:10C31000002B6DD02DE9F0473D493E4C91F800E0EF
:10C320003D4927780E783D493D4A0D783D49DFF873
:10C330000CC10C783C49107891F800A03B499CF85E
:10C3400000C009783A4A07EB00270EEB002E06EBF7
:10C35000002605EB002504EB00240AEB002A01EB84
:10C3600000210CEB002C3348126890F90080DB00B0
:10C37000B7FBF3F003FB1077BEFBF3F003FB10EE0B
:10C3800002EB8729B6FBF3F002EB8E2703FB106666
:10C39000B1FBF3FEB5FBF3F003FB1E1103FB1055DD
:10C3A000BCFBF3FEB4FBF3F003FB1ECC03FB104419
:10C3B000B8F1000FBAFBF3F003FB10A002EB8626E6
:10C3C00002EB852502EB842402EB802002EB812125
:10C3D000194B02EB8C220CDBC3E90097C3E9026521
:10C3E000C3E90440C3E90612BDE8F047E9F71ABA09
:10C3F0007047C3E90040C3E90212C3E90497C3E9E7
:10C400000665BDE8F047E9F70DBA00BF40AD002072
:10C4100085AF01205CD50120852E0120242F01202D
:10C4200028B0012006B001202C2F0120A2D5012028
:10C43000208C0020FC2D0120642D0120622F012082
:10C4400039493A483A4A70B508603A493A4808606A
:10C450003A493B4808603B493B4808603B493C48F7
:10C4600008603C493C4808603C493D4808603D49FB
:10C470003D4808603D493E4808603E493E480860E6
:10C4800000243E4E3E48146054603E4A04703379A6
:10C490003D483E490470012515703D4A3D480C70E9
:10C4A0005B0015703C493D4A0470DBB2981E013BAD
:10C4B00013700870FFF7E8FE7379E3B93848394A1A
:10C4C0003949137003700B70384A39483949137071
:10C4D0000370394A0B70394B15701D703848394C50
:10C4E000394A00230370012123701370BDE87040A6
:10C4F000084604F047B82F4A304B2D4E1D7014707B
:10C500002D4B2A48284A27490224347003241C70E2
:10C510000424234B0470052406201470072208709D
:10C520001A70FFF7F3FED9E754AD002041C40108AB
:10C53000FC2D012034AC0020CDC50108288C002042
:10C5400041790108248C00204579010860AD002064
:10C55000995B0008308C00209D5B0008948B0020C4
:10C560005D5601086C2A0020A15B0008A88B002002
:10C57000A55B0008F48B00208C2B002040AD002030
:10C58000DCD5012083D50120DCB401204C2E012014
:10C59000F92E012028B00120CAB40120E4B4012002
:10C5A000622F0120A2D501202C2F012006B00120EE
:10C5B000852E01205CD50120242F012085AF01208C
:10C5C0000B2E01200D2F0120782E0120494B184001
:10C5D000B0F5404F10B53CD01FD8B0F5204F40D03B
:10C5E00006D94AF20103984201D1434BD97010BDDC
:10C5F000B0F5004F42D048F201039842F7D13E4ACD
:10C600001378517003F00703013B062B6DD8DFE868
:10C6100003F0615B554F49433D00B0F5604F12D0C8
:10C620004EF20103984205D13348344BC171FF22C9
:10C630001A7010BD4CF201039842D8D12E4A304BEB
:10C640005171197010BD2C482C4B817100221A7049
:10C6500010BD294C2B48294B2171FF2201701A7003
:10C6600010BD294A244B107899700028BFD1CB0700
:10C67000BDE8104058BF0120E8F740BD1E4B1970BF
:10C68000FFF702FEBDE81040FFF740BE1F4B1970D8
:10C69000BDE81040FFF7F8BD1D4B1970BDE8104014
:10C6A000FFF7F2BD1B4B1970BDE81040FFF72EBE1F
:10C6B000194B1970BDE81040FFF728BE174B1970D1
:10C6C000BDE81040FFF722BE154B1970BDE81040C1
:10C6D000FFF71CBE1348144B01F0FE014A1C017009
:10C6E0001A70BDE81040FFF711BE1048104B01F062
:10C6F000FE01F3E701E0FFFFFC2D01200B2E0120DE
:10C70000782E01200D2F012058AD0020F92E012098
:10C710004C2E0120622F0120A2D501202C2F0120B8
:10C7200006B00120852E0120242F01205CD5012098
:10C7300085AF012030B4184B184A1B79126818498C
:10C740004FEA430C0868B2FBFCF10CFB11221549BF
:10C750000C68154909789B0301F0400100EB423257
:10C760000029A3F580410144154604BF0A46294625
:10C770000E4D29600E4D0F492A60A3F500530E4A55
:10C7800003441360B4FBFCF30CFB134200EB423296
:10C790000A6030BC704700BF40AD0020B8D5012012
:10C7A0005CAD00204C760220982E0120F88B0020F2
:10C7B000842B00200C8C0020A08B0020364B5B7952
:10C7C000002B5BD02DE9F0433449354C0E683549D8
:10C7D000D4F800C00D68344934480C68DFF8E0E054
:10C7E00033490768DEF800800868DFF8D8E031498F
:10C7F000314A09689EF900E01268DB00BEF1000FC3
:10C80000BCFBF3F903FB19CCB7FBF3F903FB197776
:10C81000B6FBF3F903FB1966B5FBF3F903FB1955F6
:10C82000B4FBF3F903FB1944B0FBF3F903FB190064
:10C83000B1FBF3F903FB1911B8FBF3F903FB1983FF
:10C8400002EB8C2C02EB872702EB862602EB852578
:10C8500002EB842402EB802002EB812102EB832295
:10C86000164B0CDBC3E900C7C3E90265C3E904400A
:10C87000C3E90612BDE8F043E8F7D4BF7047C3E947
:10C880000040C3E90212C3E904C7C3E90665BDE875
:10C89000F043E8F7C7BF00BF40AD002040B0012023
:10C8A000B42D0120587602202CB50120C4D50120DA
:10C8B000CCB40120B8AF0120208C0020642D0120D1
:10C8C000EC2E0120982E012070B5314A314C3249AE
:10C8D0003248334D106025603248334C0C60334D84
:10C8E000334C0560334A3449344D25603448354C67
:10C8F000354D10600C603548354A364B36490024BA
:10C900002C60364D056036481060364A36481C604B
:10C9100001255C6008601560FFF70CFF334B5B7905
:10C92000E3B9334C33483449344A236003600B6025
:10C930001360334C33483449344A236003600B603E
:10C9400013603348334C344A0023037001212370B1
:10C950001370BDE87040084603F014BE274A264B0A
:10C96000244E1D601460224B2848274A2549022482
:10C97000346003241C600424214B04600524062039
:10C980001460072208601A60FFF718FFD9E700BF9C
:10C9900054AD002034AC0020288C0020C9C8010808
:10C9A0001DCA0108248C002041790108457901083D
:10C9B000308C002060AD0020948B00209D5B00082F
:10C9C000995B0008DD560108B8D501206C2A0020CB
:10C9D000A88B0020982E0120F48B0020A15B00087A
:10C9E000A55B00084C7602208C2B002040AD002077
:10C9F0005876022040B00120C4D50120B42D01207A
:10CA0000EC2E0120B8AF0120CCB401202CB50120C0
:10CA1000AAB0012068B00120DDD5012038B54E4B09
:10CA200018404CF2010398420C4624D016D848F224
:10CA30000103984224D0B0F5404F04D1474A484BF7
:10CA40001171197038BDB0F5004FFBD1434B19700F
:10CA5000FFF7B4FEBDE83840FFF76CBEB0F5604F9D
:10CA600027D04EF201039842ECD13C493D4BCC71AA
:10CA700001221A7038BD394A3B4B5171197038BDCB
:10CA8000364D2B78697003F00703052B08D80B0689
:10CA90004CBF03200220E8F731FB2B7803F007039B
:10CAA000013B062B4ED8DFE803F03E342A20161057
:10CAB0000A002A492B4B8C7100221A7038BD2B4B6F
:10CAC0001C60BDE83840FFF735BE294B1C60BDE84F
:10CAD0003840FFF72FBE274B5B79002BB2D0264B97
:10CAE0001C60BDE83840FFF769BE224B5B79002B24
:10CAF000A8D0224B1C60BDE83840FFF75FBE1D4B3D
:10CB00005B79002B9ED01E4B1C60BDE83840FFF7C0
:10CB100055BE184B5B79002B94D01A4B1C60BDE8B6
:10CB20003840FFF74BBE134B5B79002B8AD0164978
:10CB3000164B04F0FE04621C0C601A60BDE838401D
:10CB4000FFF73CBE0B4B5B79002B3FF47BAF1049EA
:10CB5000104B04F0FE04EEE701E0FFFF982E0120E9
:10CB600068B00120AAB00120DDD501204C7602205A
:10CB7000B8D5012040AD0020EC2E0120B8AF012037
:10CB8000CCB401202CB5012040B001205876022001
:10CB9000B42D0120C4D5012010B5184B184A1B79BB
:10CBA000127818494FEA430E0868B2FBFEF10EFBFB
:10CBB0001122154991F800C0144909789B0301F02E
:10CBC000400100EB42320029A3F5804101441446A4
:10CBD00004BF0A4621460E4C21600E4C0E492260CD
:10CBE000A3F500530D4A03441360BCFBFEF30EFB98
:10CBF00013C200EB42320A6010BD00BF40AD0020FE
:10CC00003CD601205CAD0020EE2D0120C8D50120CE
:10CC1000F88B0020842B00200C8C0020A08B00209F
:10CC200030B5B24AB24BB34992F900201B7809786B
:10CC3000002A03F0400001F040045FDB002857D1D8
:10CC4000AD4AAE4852790068D200B3FBF2FC02FB59
:10CC50001C3200EB8220AA4A01335D06106040F1CD
:10CC6000F380A84803F0070300EB8323A648536032
:10CC70000378580640F1DA80A24803F0070C00EB75
:10CC80008C2001335D06906040F1C2809D4803F026
:10CC9000070300EB8323D360002C00F0AD80994B99
:10CCA00001F0070103EB8121984B11611B785806B5
:10CCB00040F19680934903F0070301EB83239449E5
:10CCC00053610B7859067FD58E4903F0070301EBBA
:10CCD00083239049936109784B0665D5894B01F010
:10CCE000070103EB8123D361BDE83040E8F79ABD2B
:10CCF000844803F0070200EB8220ACE7002C00F030
:10CD00002581804C01F0070104EB81247F497C4A96
:10CD1000097814604D0640F10B817A4C01F007014F
:10CD200004EB81217A4C516021784C0640F1C0809F
:10CD3000744C01F0070104EB8121764C916021785D
:10CD40004D0640F1A7806F4C01F0070104EB8121F3
:10CD5000D160002800F092806A4903F0070001EBDF
:10CD6000802101335C0611617CD5664903F007031D
:10CD700001EB8323644953610B78580640F1CC8062
:10CD8000604903F0070001EB8021013391615906EE
:10CD900040F19C805B4903F0070301EB8323D361DF
:10CDA000BDE83040E8F73EBD5348544B40791B681E
:10CDB000C000B1FBF0F400FB141103EB8123D3613D
:10CDC000BDE83040E8F72EBD4B484C494079096832
:10CDD000C000B3FBF0F400FB143301EB832378E7CE
:10CDE0004548464940790968C000B3FBF0F400FBB0
:10CDF000143301EB832362E73F48404B40791B68C3
:10CE0000C000B1FBF0F400FB141103EB81214BE7F0
:10CE1000394D3A4895F805C000684FEACC0CB3FB91
:10CE2000FCFE0CFB1E3300EB832334E7324D33480A
:10CE300095F805C000684FEACC0CB3FBFCFE0CFB78
:10CE40001E3C00EB8C201CE72B4D2C4895F805C0B0
:10CE500000684FEACC0CB3FBFCF50CFB153300EB80
:10CE6000832303E72448254940790968C000B3FBC0
:10CE7000F0F400FB143301EB83237BE71E481F49CA
:10CE800040790968C000B3FBF0F400FB143001EBFB
:10CE9000802166E7184D194C95F804C024684FEAC4
:10CEA0004C0CB1FBFCF50CFB151104EB81214FE799
:10CEB000114D124C95F804C024684FEA4C0CB1FB9C
:10CEC000FCF50CFB151104EB812136E70A480B49F0
:10CED00040790968C000B3FBF0F400FB143301EBA8
:10CEE0008323D361BDE83040E8F79CBCC8D501205E
:10CEF000742E0120DD2E012040AD0020208C00206A
:10CF0000642D0120904B00205C7602206BAF012045
:10CF10009FB00120202E0120124813494079096852
:10CF2000C000B3FBF0F400FB143001EB80212CE7D0
:10CF30000C4D0D4C95F804C024684FEA4C0CB1FB25
:10CF4000FCF50CFB151104EB8121EBE6054A064CC0
:10CF5000127924685200B1FBF2FC02FB1C1204EBB4
:10CF60008224D3E640AD0020208C002038B5254A2D
:10CF7000254C26492648274D106025602648274C19
:10CF80000C60274D274C0560274A2849284D25600D
:10CF90002848294C294D10600C602948294A2A4B01
:10CFA0002A4900242C702A4D05602A4810602A4A1C
:10CFB0002A48086001251C605C601570FFF7ECFDD5
:10CFC0002749284B0C70022227491A700420274B4E
:10CFD0000870274A05211970264B06211170072277
:10CFE0001A70FFF71DFE244B24491C70244A254B60
:10CFF0000C7014701C7029462846BDE8384003F0B8
:10D00000C1BA00BF54AD002034AC0020288C0020F1
:10D010006DCF010889D00108248C002041790108D6
:10D0200045790108308C002060AD0020948B0020F1
:10D030009D5B0008995B0008255701083CD601203C
:10D040006C2A0020A88B0020C8D50120F48B00207A
:10D05000A15B0008A55B0008EE2D01208C2B0020B1
:10D06000742E01205C760220DD2E01206BAF0120A2
:10D070009FB00120202E01207AD501200A2E012008
:10D08000502E0120FFD50120574B1840B0F5404FDE
:10D0900042D010B520D8B0F5204F42D006D94AF280
:10D0A0000103984201D1514BD97010BDB0F5004F2A
:10D0B00044D048F201039842F7D14C4A137851709A
:10D0C00003F00703013B062B00F28180DFE803F049
:10D0D00072685E544A443E00B0F5604F12D04EF282
:10D0E0000103984205D14148414BC17101221A7098
:10D0F00010BD4CF201039842D7D13C4A3D4B5171CF
:10D10000197010BD3A4B3B4A384C1278A17100207F
:10D110001870394B1A7010BD344A374B11711970A1
:10D120007047364A314B107899700028BDD1CB0733
:10D13000BDE8104058BF0120E7F7E0BF2B4B197046
:10D14000FFF72AFDBDE81040FFF76ABD2C4B1970B0
:10D15000BDE81040FFF720BD2A4B1970BDE8104014
:10D16000FFF71ABD284B5B79002B9ED0274B197017
:10D17000BDE81040FFF754BD234B5B79002B94D0E2
:10D18000234B1970BDE81040FFF74ABD1E4B5B7979
:10D19000002B8AD01F4B1970BDE81040FFF740BD2F
:10D1A000194B5B79002B80D01B4B1970BDE81040E8
:10D1B000FFF736BD144B5B79002B3FF476AF174B6E
:10D1C00021F001011970BDE81040FFF729BD0E4B99
:10D1D0005B79002B3FF469AF114B21F0010119700D
:10D1E000BDE81040FFF71CBD01E0FFFFC8D50120DE
:10D1F0007AD50120FFD50120502E012058AD002006
:10D20000EE2D01203CD6012040AD0020202E012033
:10D210009FB001206BAF0120DD2E01205C76022043
:10D22000742E01202DE9F043344A354B1578354AE8
:10D2300093F800C01468344A344B11783448354AA6
:10D240005B79127800784FEA4C0C4CEA051CDB0045
:10D250004FEA4C0C4900520040000CF1010941EA30
:10D26000051142EA051240EA0510BCFBF3F62A4D0F
:10D2700003FB16CC04EB8C262E604900B9FBF3F6B9
:10D2800003FB169904EB892641F0020101F1010824
:10D290006E60B1FBF3F603FB161104EB8121400035
:10D2A000A9605200B8FBF3F103FB118804EB88215D
:10D2B00042F00202471C02F1010EE960B0FBF3F1FB
:10D2C00003FB1100B7FBF3F103FB1177B2FBF3F1A2
:10D2D00003FB112204EB8222AA61BEFBF3F203FBE3
:10D2E00012EE04EB872704EB802004EB8E242861E8
:10D2F0006F61EC61BDE8F043E8F794BA182E0120A5
:10D30000B5B40120208C0020042F012040AD002066
:10D31000D6D50120512F0120642D012038B5214A96
:10D32000214C22482249234D116025602249234C7B
:10D330000460234A234C244D0D6024482449254D84
:10D34000116025602449254C0460254A254C0C6059
:10D35000254911602549264D2648274B274C1B6837
:10D3600000220A7026492A70264D0A700560264957
:10D370002648274D22700A7002702649264C274AFB
:10D380002B6003F5005003F5804503F5C0430860AA
:10D3900025601360FFF746FF0121BDE838400846CD
:10D3A00003F0F0B854AD002034AC0020288C0020ED
:10D3B0001DD30108955B0008248C002041790108E9
:10D3C00060AD0020308C002021D40108948B002017
:10D3D000995B00089D5B00086C2A002049790108D0
:10D3E000A88B0020A15B0008A55B0008182E012077
:10D3F000A3D50120F48B00205CAD0020512F01202B
:10D40000042F01208C2B0020B5B40120D6D501209B
:10D41000F88B00200C8C0020842B0020A08B002097
:10D4200044F201131840B0F5824F0DD098420AD152
:10D430003B4B1B78072B05D8DFE803F066605A5496
:10D440004E14040B70477047354B01F007011970FB
:10D450007047C1F3410101295FD002295AD002204F
:10D46000E7F74CBE2F4B304A2DE9F041A3FB0103F7
:10D47000C81A03EB50039B08C3EBC303CB1A127902
:10D480002A492B4F09682B4E2B4D2C4CDBB25200F6
:10D490009B0003F1010C981C03F1030EB3FBF2F89F
:10D4A00002FB183301EB43333B60BCFBF2F302FB9E
:10D4B00013CC01EB4C333360B0FBF2F302FB1300EF
:10D4C000BEFBF2F302FB13EE01EB403001EB4E31F9
:10D4D00028602160BDE8F081194B01F00701197047
:10D4E000FFF7A0BE174B01F007011970FFF79ABEB6
:10D4F000154B01F007011970FFF794BE134B01F0B3
:10D5000007011970FFF78EBE114B01F0070119706A
:10D51000FFF788BE0120E7F7F1BD0020E7F7EEBD79
:10D52000A3D501202549922440AD00205CAD002008
:10D53000F88B00200C8C0020842B0020A08B002076
:10D54000182E0120512F0120D6D50120042F0120B3
:10D55000B5B401202DE9F0411C4B1D4C1D4894F839
:10D5600000C01B7961780568A278E078DFF87080E8
:10D57000DFF870E0184F194E5B004FEA8C0C890001
:10D58000BCFBF3F403FB14CC013105EB4C349200EB
:10D59000C8F80040B1FBF3F403FB1411023205EBB1
:10D5A00041318000CEF80010B2FBF3F103FB1122F1
:10D5B000033005EB42323A60B0FBF3F203FB12009A
:10D5C00005EB40303060BDE8F08100BF40AD002089
:10D5D000A82D01205CAD0020842B0020A08B002012
:10D5E000F88B00200C8C002070B5254C254B264D67
:10D5F00025602648264C1C602649274C0460274A93
:10D60000274D28480860284B284C2949294E11608D
:10D610002E602948294A2A4D1A602560294B2A4C38
:10D6200004600021294C2A481C60202207F03CFE9F
:10D63000284B29491B79294A5B000024DBB20C6086
:10D640004C60D91E181F5170991E013B10709170CB
:10D65000D370FFF77FFF2248224A234B04701470D7
:10D660001C7022492248234A234B0C70047001216C
:10D6700014701C70BDE87040084602F083BF00BF04
:10D6800054AD002034AC0020E9D50108288C0020DE
:10D6900039D80108248C00204179010860AD0020B0
:10D6A000948B0020FDD60108308C00206C2A0020CD
:10D6B000555F0008755F0008A88B00209D5B00087F
:10D6C000A15B0008F48B0020A55B00088C2B0020D8
:10D6D000282E012040AD0020FCB40120A82D0120FF
:10D6E00099AF0120372F0120602E012014B00120B6
:10D6F000A82E012050D50120182F0120154BB0F580
:10D70000A04F197000D07047134B0A0619700FD440
:10D71000124B134A1B791349D08808805B00DBB297
:10D720009A1E013BD2B2DBB28A70CB70FFF712BFF8
:10D730004A008B06D2B208D502F03C0309495A1CB4
:10D740000B704A709A1C0333EEE702F03E02054963
:10D75000531CE9E7182F012099AF012040AD0020AC
:10D76000FCB40120A82D01202DE9F0432E4E2F4BB3
:10D77000F1685B797069F7692D4AC90001F1030E00
:10D7800031691268C900D6E9015401F1040CB1698C
:10D790003668DB004FEAC608ED00264E98FBF3F929
:10D7A00003FB198802EB88280135C6F80080E400E5
:10D7B00095FBF3F803FB185502EB852502347560E1
:10D7C00094FBF3F503FB154402EB8424B4609EFB49
:10D7D000F3F403FB14EE02EB8E24F460C0009CFB18
:10D7E000F3F403FB14CC02EB8C2405303461C90044
:10D7F00090FBF3F403FB140002EB80200631706110
:10D80000FF0091FBF3F003FB101102EB81210737BE
:10D81000B16197FBF3F103FB117702EB8722F26111
:10D82000BDE8F043E7F7FEBF282E012040AD002001
:10D83000208C0020642D012038B5714BB0F5404F8D
:10D840000C4619705CD00ED848F2030398425DD0A4
:10D850001CD9B0F5204F3CD1CB0746D5BDE83840A8
:10D860000020E7F74BBC4CF20103984242D000F590
:10D8700000539BB2032B2CD8A0F5604001386149BE
:10D8800002282DD8DFE800F0262C2600B0F5004F46
:10D890004DD048F2010398421BD15B4B5B4D1A7887
:10D8A0002B785AB903F007035A1E062A00F2988013
:10D8B000DFE802F061598E867E704B00282B40D045
:10D8C0002A2B3AD0FFF746FE2B7803F00703504A85
:10D8D000D45438BD4F4B0120002208701A7038BD57
:10D8E0004C4A00230B70137038BDBDE8384001204E
:10D8F000E7F704BC4849474B0C7000221A7038BD4A
:10D900004649444B0C7000221A7038BD3E4A3F4BCA
:10D91000FF210F2C11701C70DBD8414B414A1B7941
:10D920005B00023B9370BDE83840FFF713BE364AF8
:10D93000364B002111701C7038BD3A4B0F225A70C3
:10D94000C0E7384B17229A70BCE7374A127802F0CA
:10D95000A002A02ABBD0334B5C70FFF7FBFD2B78F5
:10D9600003F00703B3E7314B1C60FFF7FDFE2B7894
:10D9700003F00703ABE72D4B04F0FE0404F58071C0
:10D9800004F20112C3E90612FFF7EEFE2B7803F052
:10D9900007039CE7244A127802F0A002A02A96D03E
:10D9A000204B1C70FFF7D6FD2B7803F007038EE7A2
:10D9B0001E4BDC60FFF7D8FE2B7803F0070386E7E9
:10D9C0001A4B9C60FFF7D0FE2B7803F007037EE72D
:10D9D000164B5C60FFF7C8FE2B7803F0070376E771
:10D9E000124B04F0FE0404F5807104F20112C3E945
:10D9F0000412FFF7B9FE2B7803F0070367E700BFB7
:10DA0000182F0120602E012014B00120372F012093
:10DA1000FCB4012044B0012050D50120A82E0120E3
:10DA200040AD0020A82D012099AF0120282E012013
:10DA3000F0B41649164B174A08791B781468164932
:10DA4000164F174E174D40009B00B3FBF0F200FB42
:10DA5000123204EB42320A60591CB1FBF0FC00FBAD
:10DA60001C119A1C04EB41313960B2FBF0F100FB50
:10DA7000112204EB423203333260B3FBF0F200FBBD
:10DA8000123304EB43332B60F0BC704740AD0020F1
:10DA9000592E01205CAD0020F88B00200C8C00205A
:10DAA000842B0020A08B0020324B5B7903B9704798
:10DAB0002DE9F043304A31491078314A0E78146824
:10DAC000304A127802EBC60295002F4A127802EB18
:10DAD000C60297002D4A00EBC6001178DB008000DB
:10DAE000EA1C00F1010801EBC601B0FBF3F9AE1C22
:10DAF00003FB1900264D04EB80202860B8FBF3F0EF
:10DB000003FB108804EB88206860B6FBF3F003FB8E
:10DB1000106604EB8626B2FBF3F08900AE6003FBCF
:10DB20001026B7FBF3F203FB127207F1010E01F1AD
:10DB3000020C04EB82222A61BEFBF3F203FB12E02B
:10DB4000BCFBF3F203FB12C204EB82220331AA6195
:10DB5000B1FBF3F203FB121104EB862604EB8020E9
:10DB600004EB8121EE606861E961BDE8F043E7F70D
:10DB700059BE00BF40AD0020FB2D0120CC2D01205F
:10DB8000208C0020FAAF012021B5012010D6012001
:10DB9000642D012038B51C491C4C1D4A1D481E4DE2
:10DBA000086025601D481E4C14601E4D1E4C05600B
:10DBB0001E491F4A1F4D25601F48204C204D0860FC
:10DBC000146020482049214B214A00242C70214D0B
:10DBD000056021480860214911601C605C60FFF706
:10DBE00027FF1F4B1F481C701F49204B204A047001
:10DBF0000C7014701C70FFF757FF0121BDE838400E
:10DC0000084602F0BFBC00BF54AD002034AC002079
:10DC1000288C002095DB0108955B0008248C0020EF
:10DC20004179010875DC0108308C002060AD0020CE
:10DC3000948B00209D5B0008995B000849790108DE
:10DC4000592E01206C2A0020A88B002050B0012002
:10DC5000F48B0020A15B0008A55B00088C2B002042
:10DC6000FAAF0120FB2D012021B50120CC2D012090
:10DC700010D60120B0F5824F10D044F20113984223
:10DC80000BD11E4A13785170072B05D8DFE803F03B
:10DC90002C26201A140E040970477047174B197070
:10DCA00070478B0726D50020E7F728BA144B01F000
:10DCB00007011970FFF7BCBE124B01F00701197084
:10DCC000FFF7F2BE104B01F007011970FFF7ECBE31
:10DCD0000E4B01F007011970FFF7E6BE0C4B01F087
:10DCE00007011970FFF7E0BE0A4B01F00701197038
:10DCF000FFF7DABE0120E7F701BA00BF50B00120FC
:10DD0000592E0120CC2D012010D6012021B5012053
:10DD1000FAAF0120FB2D01202DE9F04F464C474A78
:10DD20002379DFF830C1464E00F00E015B00074654
:10DD30001068B1FBF3FE4D1C03FB1E1100EB4131DB
:10DD4000CCF80010B5FBF3FC03FB1C5500EB45358C
:10DD5000356007F00C060C2E83B0C7F342020ED1DB
:10DD6000511C49004D1CB1FBF3F603FB1611B5FB2A
:10DD7000F3F603FB165500EB413100EB4535314816
:10DD800063790468304ED200901D01902F480560E1
:10DD90002F4DDB00296002F1070B02F1010A02F1AD
:10DDA000020902F1030802F1040E02F1050CB2FBB4
:10DDB000F3F103FB112204EB82223260BAFBF3F28F
:10DDC00003FB12AA04EB8A227260B9FBF3F203FB95
:10DDD000129904EB8922B260B8FBF3F203FB1288BC
:10DDE00004EB8822F260BEFBF3F203FB12EE04EBBD
:10DDF0008E223261BCFBF3F203FB12CC04EB8C22CB
:10DE000072610199B1FBF3F203FB1210BBFBF3F259
:10DE100003FB12B304EB802004EB8324B061F461B4
:10DE2000E7F700FDFB074CBF0020012003B0BDE871
:10DE3000F04FE7F763B900BF40AD00205CAD0020B4
:10DE40000C8C0020208C0020642D0120A08B002051
:10DE5000842B0020F88B0020FFF75EBFFFF75CBF2C
:10DE60002DE9F04F544C94F90030002BB4BF002042
:10DE7000012085B0E7F742F9217860788A004C06E6
:10DE800052B24FEA101340F18F8001F00E0100F002
:10DE9000010003F0070302F0380201431343474A2D
:10DEA000474892F804C0056800954FEA4C0C890079
:10DEB0004E1C01F1020ECC1CB1FBFCF50CFB151144
:10DEC000009D019405EB41313E4D52792960009D42
:10DED000B6FBFCF10CFB116605EB46363A4DBEFB7A
:10DEE000FCF12E60009D019E38480CFB11EE05EB05
:10DEF0004E31374D00682960DB00009DB6FBFCF118
:10DF0000D2000CFB11615F1C9C1C0297039403F16F
:10DF1000030B304C304E03F1040A03F1050903F101
:10DF20000608DF1D05EB4135B3FBF2F102FB1133AF
:10DF300000EB8323356023600299B1FBF2F302FB0F
:10DF4000131300EB832363600399B1FBF2F302FB2D
:10DF5000131300EB8323A360BBFBF2F302FB13B3A9
:10DF600000EB8323E360BAFBF2F302FB13A300EBA5
:10DF700083232361B9FBF2F302FB139300EB8323AA
:10DF80006361B8FBF2F302FB138300EB8323A3610D
:10DF9000B7FBF2F302FB137700EB8720E06105B0DB
:10DFA000BDE8F04FE7F73EBC03F0030302F03C028C
:10DFB00001F00F01134372E7D0AF012040AD002004
:10DFC0005CAD0020F88B00200C8C0020208C002001
:10DFD000842B0020642D0120A08B002000F1800301
:10DFE0009BB21F2B03D8074B1A7842B170471830E9
:10DFF00080B20F28FAD8034B5970FFF731BF197060
:10E00000FFF72EBFD0AF012010B5184B184A1B796F
:10E01000127818494FEA430E0868B2FBFEF10EFB76
:10E020001122154991F800C0144909789B0301F0A9
:10E03000400100EB42320029A3F58041014414461F
:10E0400004BF0A4621460E4C21600E4C0E49226048
:10E05000A3F500530D4A03441360BCFBFEF30EFB13
:10E0600013C200EB42320A6010BD00BF40AD002079
:10E070009EB001205CAD0020652F01203CD5012021
:10E08000F88B0020842B00200C8C0020A08B00201B
:10E0900038B5284A284C294929482A4D106025605E
:10E0A00029482A4C0C602A4D2A4C05602A4A2B49E3
:10E0B0002B4D25602B482C4C2C4D10600C602C48AF
:10E0C0002C4A2D492D4B00242C702D4D05602D48D8
:10E0D00010602D4A2D48086001211C605C601170A1
:10E0E000FFF792FF2A4A2B482B4B04700221117034
:10E0F0002A4A2B492B481B790424147005242A4AE8
:10E100000C7006240721047011700BB1F9F79CFB09
:10E11000264D2749274C2848284A00230B700370B6
:10E120002B70012123701370BDE83840084602F0BF
:10E1300029BA00BF54AD002034AC0020288C002048
:10E1400091E00108C1E10108248C00200D62000863
:10E1500075620008308C002060AD0020948B002098
:10E160009D5B0008995B0008A15901089EB0012041
:10E170006C2A0020A88B0020F48B00203CD50120C5
:10E18000A15B0008A55B0008652F01208C2B0020F7
:10E1900016B001203A2F012040AD00205EB00120D2
:10E1A00035B5012048D50120532E0120D7D50120B7
:10E1B0000C2F0120252F01204076022005B00120E0
:10E1C00008B5454B1840B0F5204F27D011D9B0F510
:10E1D000404F30D04CF20103984209D13F484049AA
:10E1E000404ABE234FF0010C80F800C00B70137042
:10E1F00008BDB0F5004F29D048F201039842F7D18D
:10E20000394A1378517003F00703013B062B5AD8A3
:10E21000DFE803F05049423B342E2800334A324BAA
:10E22000107899700028E3D1CB0758BF0120BDE8D2
:10E230000840E6F763BF294829492A4ABE234FF020
:10E24000000C80F800C00B70137008BD264B1970CD
:10E25000FFF7DAFE264B1B79002BC9D0BDE808403A
:10E26000F9F7F2BA234B1970BDE80840FFF7CCBEAE
:10E27000214B1970BDE80840FFF7C6BE1C4B1F4A72
:10E280001B791170002BE9D1B2E7194B1C4A1B799D
:10E290001170002BE2D1ABE7154B1A4A1B791170B4
:10E2A000002BDBD1A4E7124B174A1B791170002B0E
:10E2B000D4D19DE70E4B154A1B7921F00101117055
:10E2C000002BCBD194E70A4B114A1B7921F00101B5
:10E2D0001170002BC2D18BE701E0FFFF0C2F012052
:10E2E00040760220252F01203CD5012058AD00208A
:10E2F00040AD0020652F01209EB00120532E01204B
:10E3000048D5012035B501205EB0012016B00120AE
:10E310003A2F01202DE9F04FDFF88C815A4C98F804
:10E32000020098F8015089B000012D0140F00F0063
:10E33000224602A9A61D12F8013B2B430340B2421C
:10E3400041F8043BF7D1514BDFF860911A6802980D
:10E3500099F805300399069D94F908A0DB0000F1B7
:10E36000010E01F1010C90FBF3FB03FB1B009EFB74
:10E37000F3FB03FB1BEE91FBF3FB03FB1B11DDE93E
:10E3800004769CFBF3FB02EB81210191079903FBCF
:10E390001BCCBAF1000F97FBF3FB03FB1B7796FB3B
:10E3A000F3FB03FB1B6695FBF3FB03FB1B5591FB88
:10E3B000F3FB03FB1B1302EB802002EB8E2E02EB20
:10E3C0008C2C02EB872702EB862602EB852502EBDD
:10E3D00083222F4B4BDBC3E9000E0199C3E904767E
:10E3E000C3E9021CC3E90652E7F71CFA98F80330A8
:10E3F000284AA179106899F80450E27998F80160E8
:10E40000247ADB4303F03F036D001A401940314387
:10E41000334304F0400416436A1E002C02EA030250
:10E42000B1FBF5F405FB141100EB4131B2FBF5F43F
:10E4300005FB142200EB42320C4604BF1146224673
:10E44000154C2260154A164C1160B6FBF5F205FB1F
:10E45000126200EB423213492260B3FBF5F205FB76
:10E46000123300EB43330B6009B0BDE8F08FC3E912
:10E470000076C3E90252C3E9040E019AC3E9062CEF
:10E48000E7F7D0F9B2E700BFE8D50120208C0020E3
:10E49000642D01205CAD0020F88B0020842B00202F
:10E4A0000C8C0020A08B0020D8D5012040AD00208E
:10E4B000114B184048F20103984207D04AF2010379
:10E4C00098420ED0B0F5004F07D070470B4A137A30
:10E4D00003F00703D154FFF71DBF084B1972FFF774
:10E4E00019BF0A06054B02D400225A727047012256
:10E4F000A3F80920704700BF01E0FFFFE8D5012025
:10E500000D4B1840B0F5C04F00D070470B4B5A7AF6
:10E51000002AFAD010B4987A094C421CD2B2042ACC
:10E5200021549A7202D05DF8044B704700229A720F
:10E530005DF8044BFFF7EEBE01E0FFFFE8D50120D8
:10E54000D8D5012010B50A4A0A4C0B4824881288F5
:10E550000368121B094C04EBC30C4FF0000E8CF83F
:10E56000051044F83320591C8CF804E0016010BDFC
:10E570008C760220F0AD0220B0A40220907602201A
:10E5800010B50B4A0B4C0C48248812880368121BE8
:10E590000A4C04EBC30C4FF0010E8CF8051044F844
:10E5A000332003EB0E018CF804E0016010BD00BFC6
:10E5B0008C760220F0AD0220B0A4022090760220DA
:10E5C00010B50A4A0A4C0B48248812880368121BAB
:10E5D000094C04EBC30C4FF0020E8CF8051044F804
:10E5E0003320591C8CF804E0016010BD8C760220A9
:10E5F000F0AD0220B0A402209076022010B50A4AA5
:10E600000A4C0B48248812880368121B094C04EB3F
:10E61000C30C4FF0030E8CF8051044F83320591C3E
:10E620008CF804E0016010BD8C760220F0AD022071
:10E63000B0A402209076022010B50A4A0A4C0B487A
:10E64000248812880368121B094C04EBC30C4FF09A
:10E65000040E8CF8051044F83320591C8CF804E0A3
:10E66000016010BD8C760220F0AD0220B0A4022023
:10E670009076022010B50A4A0A4C0B48248812886A
:10E680000368121B094C04EBC30C4FF0050E8CF809
:10E69000051044F83320591C8CF804E0016010BDCB
:10E6A0008C760220F0AD0220B0A4022090760220E9
:10E6B00010B50A4A0A4C0B48248812880368121BBA
:10E6C000094C04EBC30C4FF0060E8CF8051044F80F
:10E6D0003320591C8CF804E0016010BD8C760220B8
:10E6E000F0AD0220B0A402209076022010B50A4AB4
:10E6F0000A4C0B48248812880368121B094C04EB4F
:10E70000C30C4FF0070E8CF8051044F83320591C49
:10E710008CF804E0016010BD8C760220F0AD022080
:10E72000B0A402209076022010B50A4A0A4C0B4889
:10E73000248812880368121B094C04EBC30C4FF0A9
:10E74000080E8CF8051044F83320591C8CF804E0AE
:10E75000016010BD8C760220F0AD0220B0A4022032
:10E760009076022010B50A4A0A4C0B482488128879
:10E770000368121B094C04EBC30C4FF0090E8CF814
:10E78000051044F83320591C8CF804E0016010BDDA
:10E790008C760220F0AD0220B0A4022090760220F8
:10E7A00010B50A4A0A4C0B48248812880368121BC9
:10E7B000094C04EBC30C4FF00A0E8CF8051044F81A
:10E7C0003320591C8CF804E0016010BD8C760220C7
:10E7D000F0AD0220B0A402209076022010B50A4AC3
:10E7E0000A4C0B48248812880368121B094C04EB5E
:10E7F000C30C4FF00B0E8CF8051044F83320591C55
:10E800008CF804E0016010BD8C760220F0AD02208F
:10E81000B0A402209076022010B50A4A0A4C0B4898
:10E82000248812880368121B094C04EBC30C4FF0B8
:10E830000C0E8CF8051044F83320591C8CF804E0B9
:10E84000016010BD8C760220F0AD0220B0A4022041
:10E850009076022010B50A4A0A4C0B482488128888
:10E860000368121B094C04EBC30C4FF00D0E8CF81F
:10E87000051044F83320591C8CF804E0016010BDE9
:10E880008C760220F0AD0220B0A402209076022007
:10E8900010B50A4A0A4C0B48248812880368121BD8
:10E8A000094C04EBC30C4FF00E0E8CF8051044F825
:10E8B0003320591C8CF804E0016010BD8C760220D6
:10E8C000F0AD0220B0A402209076022010B50A4AD2
:10E8D0000A4C0B48248812880368121B094C04EB6D
:10E8E000C30C4FF00F0E8CF8051044F83320591C60
:10E8F0008CF804E0016010BD8C760220F0AD02209F
:10E90000B0A402209076022010B50A4A0A4C0B48A7
:10E91000248812880368121B094C04EBC30C4FF0C7
:10E92000100E8CF8051044F83320591C8CF804E0C4
:10E93000016010BD8C760220F0AD0220B0A4022050
:10E940009076022010B50A4A0A4C0B482488128897
:10E950000368121B094C04EBC30C4FF0110E8CF82A
:10E96000051044F83320591C8CF804E0016010BDF8
:10E970008C760220F0AD0220B0A402209076022016
:10E9800010B50A4A0A4C0B48248812880368121BE7
:10E99000094C04EBC30C4FF0120E8CF8051044F830
:10E9A0003320591C8CF804E0016010BD8C760220E5
:10E9B000F0AD0220B0A402209076022010B50A4AE1
:10E9C0000A4C0B48248812880368121B094C04EB7C
:10E9D000C30C4FF0130E8CF8051044F83320591C6B
:10E9E0008CF804E0016010BD8C760220F0AD0220AE
:10E9F000B0A402209076022010B50A4A0A4C0B48B7
:10EA0000248812880368121B094C04EBC30C4FF0D6
:10EA1000200E8CF8051044F83320591C8CF804E0C3
:10EA2000016010BD8C760220F0AD0220B0A402205F
:10EA3000907602202DE9F04F5B4B1D6889B04FF0B6
:10EA4000000CA942CDF808C064DA584A584B92F835
:10EA500000A0584ACDF804C01778CDF80CC0CDE915
:10EA600004CCE046E64603EBC103E1466646CDF83A
:10EA700018C0009715E0022A93F805B06AD0032A5F
:10EA80004FD0012A4AD04C4F4FEA9B12DC4657F830
:10EA900022200792012206920131A94203F10803C4
:10EAA00013D01A68824210DA1A79032AE3D9202A8D
:10EAB000F2D193F805E01EF0010262D00131A942C3
:10EAC0004FF0010903F10803EBD1009FB9F1000FEA
:10EAD00002D03A4B83F800E016B1394B83F800803E
:10EAE000019B0BB1374B1C60049B0BB1314B1F706A
:10EAF000059B13B12D4B83F800A0039B13B1324B40
:10EB0000029A1A70069B2BB1304A314B079810605D
:10EB100083F800C0084609B0BDE8F08FCDE902B225
:10EB2000BAE74FEA0B242B4ECDF800B004F4E064B2
:10EB30004FEADB0214EB0A0416F8028026D0264ABC
:10EB4000264E12685200B2FBF4F2326001260196A2
:10EB50000496A1E7009A1F4E140204F4E064D20860
:10EB600014EB0B0416F8028017D01B4A1B4E1268D8
:10EB70005200B2FBF4F232600126DA4601960596A5
:10EB80008AE74FF0010990464E4685E7134A012671
:10EB9000146001960496A2467EE7104A012614608E
:10EBA00001960596A24677E7B0A40220D9950220E7
:10EBB0009076022085A402203C010020A2A402201D
:10EBC0006DA40220CCA402205CA4022060A4022038
:10EBD000ACA402201C01002094A40220C4A40220A2
:10EBE0002DE9F04FDFF838B1404ADFF83881DBF823
:10EBF0000030127888F8002083B0002B73D00024F6
:10EC00003B4F3C4BDFF820A13B4EDFF820910193B6
:10EC10002146254600972DE098F8003013F00103B7
:10EC20001FD0364B1878019B1B7800F0200C53EA5C
:10EC30000C0316D0324A334B17681B683B4423F051
:10EC400060431360304A00F00F0CC00612684FEAB0
:10EC5000136338D5D05C2D4B1B78634413FB00F352
:10EC6000DBB2009A02F8013BDBF80030009201357C
:10EC7000AB4230D9DAF800301C442046FFF7DAFE08
:10EC800033680146D9F80000043B072833601FD9D8
:10EC90001F4B1B781F0706D41E4A03F0070C32F8DF
:10ECA0001CC0604514D81A06B6D55F07B4D01A4BFD
:10ECB0001A4A1B685B00B3FBF0F31068023810605F
:10ECC00010480360A8E7D35C13FB0CF3DBB2C8E782
:10ECD000074A00235355019A13780BB1013B137077
:10ECE00003B0BDE8F08F034B0193F4E7EC950220ED
:10ECF000FC9502206DA4022088A40220ACA402206E
:10ED0000D0A40220C4A4022060A4022092A4022065
:10ED10005CA402200C01002094A40220E0A40220A4
:10ED20007C760220A2A40220A8A40220CCA4022067
:10ED3000F0B5384B1C68A14233DA374B4FF0000E68
:10ED400003EBC103754606E0202A2CD00131A14215
:10ED500003F1080321D01A6882421EDA1A7902F000
:10ED6000FC0CBCF1040FEFD102F00302022A93F86D
:10ED700005C040D0032A23D0012A1DD0274A4FEADC
:10ED80009C16013152F82660254A82F800C0254AB7
:10ED9000A142166003F10803DDD115B1224B83F8BF
:10EDA00000E00846F0BD93F805E01EF0020201D134
:10EDB0001E4D2A700125C9E71D4A82F800C0C5E72B
:10EDC0001C4A1D4F16784FEA0C2202F4E0623244CE
:10EDD0004FEADC06BF5D194E86F800C0184E32605F
:10EDE000124E377092B1174E36687600B6FBF2F2CB
:10EDF000154E3260AAE7114A0F4F12781602D20858
:10EE0000BF5C06F4E06262440A4EE5E70E4E3260F3
:10EE10009CE700BFB0A40220907602203C010020B5
:10EE200074A4022078A40220A2A40220F495022057
:10EE300084760220D09502201C0100207CA40220B0
:10EE4000E095022094A40220DCA402202DE9F04FDA
:10EE5000DFF840B1414ADFF84081DBF8003012783A
:10EE600088F8002083B0002B75D000243C4F3D4B28
:10EE7000DFF828A13C4EDFF8289101932146254672
:10EE800000972DE098F8003013F002031FD0374BA5
:10EE90001878019B1B7800F0200C53EA0C0316D065
:10EEA000334A344B17681B683B4423F060431360BC
:10EEB000314A00F00F0CC00612684FEA136338D5D0
:10EEC000D05C2E4B1B78634413FB00F3DBB2009A3B
:10EED00002F8013FDBF8003000920135AB4232D935
:10EEE000DAF800301C442046FFF722FF3368014661
:10EEF000D9F80000043B072833601FD9204B1B784A
:10EF00001F0706D41F4A03F0070C32F81CC06045E7
:10EF100014D81A06B6D55F07B4D01B4B1B4A1B6822
:10EF20005B00B3FBF0F31068023810601148036017
:10EF3000A8E7D35C13FB0CF3DBB2C8E7144B2B44FC
:10EF4000002283F8DF22019A13780BB1013B137082
:10EF500003B0BDE8F08F034B0193F4E7EC9502207A
:10EF6000DA980220F49502207476022074A402201C
:10EF700088760220DCA4022078A402208E7602206B
:10EF8000847602200C01002094A402208CA402208C
:10EF9000FC9502207C760220A2A40220A8A40220D4
:10EFA000E0950220F0B5374B1C68A14232DA364BAF
:10EFB0004FF0000E03EBC103754606E0202A2BD06C
:10EFC0000131A14203F1080320D01A6882421DDA00
:10EFD0001A7902F0FC0CBCF1080FEFD102F0030229
:10EFE000022A93F805C03FD0032A24D0012A1ED05C
:10EFF000264A274E82F800C001314FEA8C1C0CF4DF
:10F00000FE52A142326003F10803DED115B1214B5B
:10F0100083F800E00846F0BD93F805E01EF0040216
:10F0200003D11D4D2A701A4D2A600125C8E71B4ADD
:10F0300082F800C0C4E74FEADC06194F194ABF5DE9
:10F04000194E127886F800C04FEA0C2C124E0CF4C0
:10F05000E06C1CEB0202377011D0144F144E36686E
:10F06000B6FBF2F23A60ABE70F4A0E4E127886F822
:10F0700000C0120202F4E06212EB0C02EDD10B4E62
:10F0800032609DE7B0A4022090760220D89502203D
:10F09000E8950220A2A4022098A4022078760220FB
:10F0A0001C010020A0A4022091A40220807602204E
:10F0B00058A402202DE9F84FDFF828913D493E4F32
:10F0C000D9F8002009783970002A6AD000243B4E14
:10F0D000DFF814B1DFF814A1DFF8148121462546CA
:10F0E00022E0374A13783BB1364890F900000028F7
:10F0F000A4BF03F1FF331370334A13680BB1013B14
:10F1000013603B7813F0040307D02D4B1B7893BB9F
:10F110002C4A92F90020002A2DDB06F8013FD9F88D
:10F1200000300134A3423CD9DBF800301D442846AE
:10F13000FFF738FF9AF80030244A1B02127803F4D4
:10F14000E0631344072B01462DDD98F80030002BB7
:10F15000C7D11C4B93F90030002BD2DB1C4A13782B
:10F16000002BCED0013BDBB21370002BC9D10123A1
:10F1700088F80030C5E7144B1B68002BCDD0154A2A
:10F18000154B18681368034423F060431360134A57
:10F190001B0E0134D35C06F8013FD9F80030A342BE
:10F1A000C2D8BDE8F88F0E4B2344002283F8BE2559
:10F1B000BDE8F88FEC950220A2A40220B99B0220A2
:10F1C00098A40220D8950220E8950220A0A402204D
:10F1D000ED9502209CA40220807602204C010020A4
:10F1E000FC9502207C760220A8A4022091A4022093
:10F1F0006EA40220F0B5394B1C68A1422DDA384BC1
:10F200004FF0000E03EBC103754606E0202A26D01E
:10F2100001318C4203F108031BD01A68824218DACC
:10F220001A7902F0FC0CBCF10C0FEFD102F00302D2
:10F23000022A93F805C037D0032A19D0012A14BF37
:10F24000284A294A01318C4282F800C003F10803A0
:10F25000E3D115B1254B83F800E00846F0BD93F8E3
:10F2600005E01EF0080201D1214D2A700125CFE7EB
:10F27000204A214E127802F00F0256F822201F4E2B
:10F2800086F800C01AB11E4E3668B6FBF2F21D4E6B
:10F290004FEADC0C16F80CC01B4E3260144A4FEAE1
:10F2A0004C0C82F800C0B3E70CF00F06124A174F5F
:10F2B00052F826200F4E1CF0800F86F800C040F256
:10F2C000FF1618BF1F263E601AB10D4E3668B6FBFA
:10F2D000F2F20A4E96F800C0D9E700BFB0A40220AF
:10F2E000907602207276022057A40220A2A4022067
:10F2F000D8A40220BCA40220CC0000206CA40220D0
:10F30000A4A402201C010020F8950220D4A402200D
:10F310002DE9F04FDFF824B13E4A3F4FDBF80030D3
:10F3200012783A7083B0002B5BD03C4C3C4BDFF83A
:10F3300010A13C4EDFF80C91019300210D46A4F67C
:10F340009C080BE000226270DBF80000A4F69B0230
:10F35000A2EB0802904204F1010444D9DAF800203B
:10F3600015442846FFF746FF3268043A32603A787F
:10F3700012070146E6D52C4BD9F800201868024444
:10F38000B2F1005F16D32948294B90F900E01868C4
:10F39000BEF1000F6FEA000C0CF0010C30DB80F0C6
:10F3A000100ECEF3001E8CEA0E0C40EA4C20204BCF
:10F3B00040081860019B22F06042C9F800201A78CA
:10F3C000002ABFD01A4B1A68D307BBD5194A127846
:10F3D000D00645BF184A127802F00F0282F00F02E1
:10F3E000B1E70F4B0193019B1B7833B1114A12789F
:10F3F000920602D4019A013B137003B0BDE8F08F6E
:10F4000080F0040ECEF3800E8CEA0E0C40EA4C1015
:10F41000CDE700BFEC950220A2A40220989E022016
:10F42000D8A4022064A40220F8950220BCA40220E3
:10F43000D4A40220727602208F7602207C760220ED
:10F44000A8A40220DC950220F0B5384B1C68A1422C
:10F4500039DA374B374D4FF0000E03EBC1037646D8
:10F4600006E0202A31D00131A14203F1080326D061
:10F470001A68824223DA1A7902F0FC0CBCF1100FF0
:10F48000EFD102F0030293F805C005F802C0022A8A
:10F4900044D0032A3BD0012A33D00CF00F07264A70
:10F4A00052F82720254F12043A600131244A0CF00B
:10F4B000400CA14282F800C003F10803D8D116B174
:10F4C000204B83F800E00846F0BD93F805E01EF0FD
:10F4D000100205D11C4E32701C4E32600126C2E76C
:10F4E0001A4A194F16684FF0FF0C87F800C0002E1B
:10F4F000F4D1174E3788174E36681660164A1780B3
:10F50000ECE7164ACCF3450C82F800C0ABE7114F8C
:10F510004FEACC1C0CF108023A60A4E70C4A4FEA0F
:10F520008C1CACF5804CA2F800C09CE7B0A4022073
:10F5300090760220E49502208C000020D4950220D1
:10F5400084A40220A2A4022090A4022068A4022085
:10F5500070760220F0950220DA950220B4A40220F1
:10F560002DE9F04FDFF8F8A29B4A9C49DAF8003009
:10F5700012780A7083B0002B00F0AA800026984D04
:10F58000984C994FDFF89882B146314613E0934B7F
:10F590001B78DB0609D5954B95485B780078954A32
:10F5A00003F0010303EB40039355DAF80030013612
:10F5B000B34240F28D80904B1B6899444846FFF758
:10F5C00043FF2B680146002BE1D08C48226800687D
:10F5D000121A002A2260DADADFF888B2019106E016
:10F5E0003E2801D8013008702268002A26DADBF8AC
:10F5F0000000104413F00702206021D0013B2B6073
:10F6000053B97F4A1278002A00F09B807D4B1B88FB
:10F610003B807D4B1B682B6098F800207449D843D1
:10F6200000F007000241D2070878D9D401282268E7
:10F6300084BF00F1FF300870002AD8DB0199A6E7EB
:10F64000388820F4FF5323F01F03B3F5004F59D03F
:10F650001BD8B3F5804F5BD02ED8002B4DD0B3F51F
:10F66000005F40F0628100F00703072B00F0A080EC
:10F67000042B00F02781022B6BD0644B1B7888F899
:10F68000003001302B683880B8E7B3F5404F22D006
:10F69000B3F5604F40F040815D4B1A68C0F30C0336
:10F6A000D35C88F800304FF6FF739842E9D14FF4ED
:10F6B00000433B802B68A1E7B3F5C04F16D1554BF3
:10F6C0001A78C0F30C03002A3FD0534AD35C07E0FA
:10F6D00003B0BDE8F08F514B1A68C0F30C03D35C44
:10F6E00088F8003001302B68388087E7030A4C4ADD
:10F6F0000130137038802B6880E74A4AC0F30A0350
:10F70000D35CEDE7484B1A68C0F30C03D35CE7E722
:10F7100044F21403984200F0EE8044F2150398423C
:10F7200000F0A28044F21603984200F0D28044F226
:10F73000170398422AD03D4B1B68984703463888E8
:10F74000AFE73B4A0199137021E73A4A1268D35C4C
:10F75000CDE7394B39491A88394B4FF0000EF22A60
:10F760001B7881F800E0C2D9364A92F900E092F89D
:10F7700000C0BEF1000FBADB2CF0030C82F800C011
:10F78000314A4FF0080C82F800C0B0E72F49304BE7
:10F79000D1F800E01B6823FA0EF303F00103BEF179
:10F7A000170F43F0400318BF0EF101020A609EE7F5
:10F7B0002849294B1A880B881A440A80C3F3832CE2
:10F7C000264AC3F3090352F82C2012F803C00F4A4B
:10F7D000137882F800C08AE7EC950220A2A40220E8
:10F7E00068A40220C8A40220DA950220E495022031
:10F7F000B4A4022078A10220A8A40220B8A4022068
:10F8000084A4022070760220F095022059AD0020D9
:10F81000A08B0020008C00208C2B0020842B00204B
:10F82000A1A40220348C0020F88B002060AD0020C1
:10F8300090A40220F48B00203CAC0020108C00200F
:10F84000712A002038AC0020EF8B00202C8C002087
:10F85000188C0020A62D0120028C0020642D012090
:10F860007C760220D4950220314B32491B784A7DA8
:10F87000002B47D042F00103DFF8D4E09EF800E00F
:10F88000BEF1000F01D043F00203DFF8C8E09EF99B
:10F8900000E0BEF1000F37DBDFF8BCE09EF800E0CF
:10F8A000BEF1000F01D043F00403DFF8B0E09EF892
:10F8B00000E0BEF1000F01D043F0080322F0400247
:10F8C0004A7514E71C491D4B0A789B5C01320A708B
:10F8D0000DE71B491B4BD1F800C01B6823FA0CF342
:10F8E00003F00103BCF1170F43F040033FF45EAF98
:10F8F0000CF101025AE7144B142201301A703880BF
:10F900002B687BE61346B7E7DFF854E0DEF800E04B
:10F91000BEF1000FC9D0C6E7B3F5204F05D10B4BA0
:10F920001A68C0F30C03D35CE1E6030AD8E600BF13
:10F930006DA402204C6A0020EC8B002040AC00201B
:10F94000782A0020FC8B0020A1A402200C8C00202F
:10F95000F4950220D895022098A40220D8A4022071
:10F96000E895022030B583B0FFF73AF9FFF76EFA59
:10F97000FFF7A0FBFFF7CCFCFFF7F2FD0E4B0F4C9F
:10F980000F49104803F2BE55019594F800C080F865
:10F9900000C003F2DF2208680092A3F2BE51A3F276
:10F9A000DF2203F031FE084A08491088084B08801E
:10F9B00000221A6003B030BDBA9B0220A2A402202C
:10F9C0007C760220EC950220F0AD02208C7602209D
:10F9D000B0A4022038B503F011FE5C4C5C4B5D4ACC
:10F9E000586CD96C022525609C6B14605A4ADC6BFC
:10F9F00014605A4A1C6C1460594A5A4C10605A4A96
:10FA00009D6C1160594A1B6D2560136003F0F8FD71
:10FA1000574B5848584A5949594D00241C70594B66
:10FA200013600360584B594A1C70594B14701C707A
:10FA3000584B594A1C70594B0C701C70584B147021
:10FA40001C70584B58491C70584B594A1C60594BF4
:10FA50000C7014701C605849584A594B0C70146053
:10FA60001C605849584A594B0C7014601C60584926
:10FA7000584A594B0C6014601C705849584B594AED
:10FA80000C601C7014705849584B594A0C701C700B
:10FA90005849594B1460594A0C701C601460584AFC
:10FAA000584B1460584A1C601460584A584B1470E4
:10FAB000584A1C601470584A584B1470584A594997
:10FAC0001470594A1C701460584A594B1470594AA2
:10FAD00009681470584A1C701470584A584B1470B6
:10FAE000584A1C6011605849584A594B0C80148080
:10FAF0005849594A0C60032018701460214640F29E
:10FB0000DF22284603F074FD40F2DF222146A818C8
:10FB100003F06EFD40F2DF22214605F2BE5003F0F5
:10FB200067FD40F2DF22214605F69D0003F060FDEF
:10FB300040F2DF22214605F67C3003F059FD4749AB
:10FB4000474A484B098811801C6038BDC0A4022078
:10FB5000EC01002094A4022058A40220A4A40220B6
:10FB60007C760220A8A4022070A40220B8A402205F
:10FB7000A2A4022060A4022078A40220EC95022016
:10FB8000FC950220AC010020D995022085A402201A
:10FB9000ACA40220D09502207CA4022074A40220F0
:10FBA000BCA40220727602205CA40220DCA4022005
:10FBB0006CA40220DC95022084760220F8950220B5
:10FBC000D0A4022057A40220887602207476022056
:10FBD000C4A4022088A402208F76022064A40220FC
:10FBE00092A40220D8A402208E760220F49502204E
:10FBF0008CA402206DA40220E0A40220CC000020EE
:10FC0000CCA40220E0950220D4A40220A0A40220CB
:10FC100080A40220D895022098A4022091A402205A
:10FC20006EA40220C8A40220E4950220B4A40220FD
:10FC300078760220A1A4022084A4022090A40220AD
:10FC4000E8950220D495022070760220DA950220F1
:10FC5000ED950220F095022068A40220F0AD02206C
:10FC60008C760220B0A4022003F0CCBC00F46043E8
:10FC7000B3F5004F02463DD00ED8B3F5804F3FD0CC
:10FC800016D9B3F5C04F4ED1614B1B78C0F30C02AF
:10FC90003BB3604B985C7047B3F5404F45D0B3F52C
:10FCA000604F15D15C4BC0F30C021B68985C704729
:10FCB000DBB1B3F5005F36D100F00702072A52D05E
:10FCC000042A00F09380022A35D0544B18787047EC
:10FCD000B3F5204F27D1524BC0F30C021B68985C40
:10FCE0007047504B1B68985C70474F4BC0F30A023B
:10FCF000985C70474D4BC0F30C021B68985C7047D2
:10FD000044F21403984250D044F2150398424ED066
:10FD100044F21603984270D044F21703984234D04C
:10FD2000434B1B681847100A7047424BC0F30C0244
:10FD30001B68985C7047404B404A1B884049002034
:10FD4000F22B0870107831D93E4B93F900101A78D5
:10FD500000292BDB3C4922F003024FF0080C1A70FB
:10FD600081F800C070473948394A038812882B4906
:10FD70001A440280C3F38320364AC3F3090352F8BE
:10FD800020200878D35C0B7070473349334A0B68E6
:10FD90001268172B22FA03F202F0010214BF01339A
:10FDA000002342F040000B607047142070472C4B3A
:10FDB0002C4A1978537D19B343F001002A49097878
:10FDC00009B140F00200294991F90010002919DB1E
:10FDD0002749097809B140F004002649097809B19A
:10FDE00040F0080023F0400353757047224B23482E
:10FDF0001A78511C805C197070472149214AC6E766
:10FE00001846DBE7204909680029E6D0E3E700BF90
:10FE1000008C00208C2B0020A08B002059AD0020EE
:10FE20000C8C0020F48B0020348C0020F88B0020F8
:10FE300060AD0020842B00203CAC0020712A002003
:10FE4000108C002038AC0020EF8B0020A62D012064
:10FE5000028C0020642D01202C8C0020188C0020A6
:10FE60006DA402204C6A0020F4950220D89502204F
:10FE700098A40220D8A40220EC8B002040AC0020E3
:10FE8000782A0020FC8B0020E895022000F46043D3
:10FE9000B3F5804F2DE9F04104460E4637D005D921
:10FEA000B3F5C04F51D01DD2BDE8F081002B59D021
:10FEB000B3F5005FF8D100F00704072CF4D801A3D4
:10FEC00053F824F0450002083F000208A9FE01088B
:10FED000390002082B000208CFFF010899FF010832
:10FEE000A3000208B3F5404F03D009D9B3F5604F22
:10FEF000DAD1A44B1B6831462046BDE8F0411847D3
:10FF000000F44043B3F5004FF3D0BDE8F08100F0BA
:10FF10001F05172D2ED8DFE815F036003600360005
:10FF20003600360036003600360036003600360021
:10FF30003600360036003600360036003600360011
:10FF40003600FD002B00EC00E2008F4BC0F30C04E8
:10FF500019558E4B1B78002BA6D18D4BBDE8F04177
:10FF60001B6818478B4BC0F30A041955BDE8F08194
:10FF7000FEF742FD44F217039C4202D8864B5E55C1
:10FF800092E7864BB6E7864B1B68002BF2D1854B78
:10FF900053F825309847EDE7834A8448147803885E
:10FFA000002C00F0598123F0FF030B438049814D61
:10FFB00091F900102B800029038004DB7E49C3F3F4
:10FFC000812308330B7084F0010313706CE7764AC9
:10FFD000764C10782388002800F03181EF2940F218
:10FFE0006481754D10315FFA81FC297881F002013E
:10FFF000297023F47871B30003F478730B436F49CD
:020000040802F0
:10000000350381F800C005F4E0456D4923F4E04371
:100010002B434FEADC066B4D0E700CF00701297084
:1000200080F00100238010703EE7674B67481A7824
:10003000511C8654197037E7634B197034E7644BD1
:10004000197031E7634B644811F0040FA3F5804247
:1000500014BF2021012116F0100F14BF1C461446B6
:1000600016F0080F08BF134603605C4A5C4B16701D
:100070001980514A06F0030308331370594B4B4A59
:100080001C601388B10201F4406123F440630B4308
:1000900016F0200F1380544B0CBF0820102018803E
:1000A00002E744484E4A038811889C041944C3F36C
:1000B0000D02018000F1B0804C490978002900F060
:1000C000AB80920A4A484B4C012154F8224091409F
:1000D0000278C3F309030A430270E654E4E6464A91
:1000E00000233F29138000F2A780444B01221A709D
:1000F00040E72A4B1B689847274B9B7D13F0010371
:100100007FF438AFF2077FF535AF3D4A13603D4AC3
:1001100013602FE74B09072B3FF62CAF01A252F8D3
:1001200023F000BF6F01020875FF010875FF010889
:100130006901020865010208610102085D01020807
:1001400045010208304A11683302C3F30C03194415
:100150004FF480721D4803F045FA0BE72B4AF2E793
:100160002B4AF0E72B4AEEE707493302EDE733026B
:1001700008491648C3F30A0319444FF4807203F088
:1001800031FAF7E634AC00208C2B0020008C0020E4
:10019000288C0020348C00204C2A0020248C002045
:1001A0002006002040020020108C0020F28B00204E
:1001B000712A0020A62D0120EF8B0020908B0020BB
:1001C00039AC0020882B0020EC8B002040AC0020B4
:1001D0003EAC002064ED0020148C002038AC0020E0
:1001E000028C0020742A0020F08B00209C8B0020C1
:1001F0005AAD0020642D01209A8B0020A52D0120EE
:10020000782A00202C8C0020A08B0020842B00203A
:100210000C8C0020F88B0020B2F57C5F23D22B4998
:10022000920AC3F3090351F8220082F00402C65473
:1002300051F82220D65437E6254A13709AE623F067
:100240001F01244B244F1E70244DF3083B700B43B9
:1002500006F007012970E3E6090201F47C51DBB2E4
:1002600019430180AFE6180721D11D4B1D4933F812
:1002700016301D4A81F80C6F43F4004381F8086F73
:1002800081F8046F81F8006F81F81C6F81F8186F96
:1002900081F8146F81F8106F138713861385138408
:1002A0001383138213811380FEE58C46A1E6990720
:1002B0003FF4FAAD0A490D4831F81610865403F0A0
:1002C0001F03094A22F81310EEE500BF642D012038
:1002D000A52D0120702A0020892B0020682A0020EB
:1002E00090020020907B0020AC8B0020904B0020DF
:1002F0007C4B7D4A7D482DE9F04301217C4C1970EF
:10030000117000237B4A217001701C461846802121
:100310000BB901231C461D0602D4D0540133F7E764
:10032000D1540133B3F5807FF2D10CB102231370A5
:100330000023714819461E460225CAB20C0600F871
:10034000123067D4002B5AD1013100EB4203CAB2FC
:100350005D7000F81250D409022300EB42021F0620
:1003600048BF64F07F04547001310233B1F5807FDF
:10037000DBB2E2D1614A00230127C3F3460113F047
:10038000010002F8131002EB430440F0020503D110
:1003900091B360700133F0E702EB430061B30133C6
:1003A000B3F5807F4770E8D10020554C05464FF0EB
:1003B000800C4FF0010EC7B200220602B11847EAC6
:1003C0004203DBB212F0800F04F811304FEA42080A
:1003D00004EB410127D14D7043B9A044012298F8A4
:1003E000013043F0020388F80130E7E71B0648BFFD
:1003F00081F801C00132E1E765700133BDE713F018
:10040000800F00EB420203F1020307D15670013165
:10041000DBB292E7002B5FD001249EE780240131FC
:10042000DBB2547089E781F801E0002B4FD1A04482
:1004300098F8013043F0020388F801300132B2F538
:10044000807FBBD108B90120B5E7DFF8B8C04FF015
:1004500000080125812780264FEAC81E5FFA8EFE1C
:1004600000224FEA0824A118C2F346034EEA030310
:1004700012F001090CF811300CEB410107D181F8A1
:1004800001906BB11B0648BF4E700132EBE74D7017
:1004900073B90CEB420102224B7813434B70E2E735
:1004A0000CEB42030132597841F002015970DAE74E
:1004B0001B0602F1010248BF4F70B2F5807FD2D116
:1004C000B8F1000F01D18046C6E7BDE8F0831B06F6
:1004D00044BF81234B70B1E700EB42020324547008
:1004E00042E700BFE5A40220ECA50220F3AD022004
:1004F000E9A50220E8A40220F0A50220F0AB02202A
:10050000F4AD0220F0A7022010B5124B1248134997
:100510001B6890F800C008781149124A124C03F584
:1005200080534FF0FF0E81F800E0B3F8FC3F0F4915
:10053000138000230B700E490E4A81F800C00E494B
:10054000137008700D490E4A23700B802623137018
:1005500010BD00BFA08B0020E9A50220F3AD022052
:10056000E4A40220EAA50220E8A50220E6A40220D5
:10057000E5A40220F4B10220ECA50220F0AD022097
:10058000F2AD0220024A034B10701970704700BF91
:10059000E9A50220F3AD02202DE9F0470E4B0F4AEA
:1005A00019780F4D064610782B88884240F02B8131
:1005B0000C490D4A09781078884206D0DFF830C01F
:1005C0009CF80000440740F169812B889E4240F26C
:1005D0005681064C0EE000BFE9A50220E5A40220EA
:1005E000F0AD0220F3AD0220ECA50220EAA5022026
:1005F000F2AD02202088431C2380FFF737FBFE2842
:1006000000F24181DFE810F0B612FB0B3F013F0121
:100610009701650C33133F011E130613F1123F01BE
:100620007F0164131E0E3F010F0E89133F013F012E
:100630008701D613B4133F01FE08CF083F013F01E5
:100640007F012D16F9153F01D215AE153F013F016F
:100650008E15751550153F013D1526150C153F01DA
:10066000E214AD1479143F016A14E50D3F013F0116
:100670008701C80D66043F015C042F043F013F0160
:100680007F010204CC033F019E037A033F013F0137
:100690009701620345033F0134031D0309033F0132
:1006A000F702D302A3023F019602CF053F013F01AB
:1006B0008701B20590053F01440503053F013F0155
:1006C0007F01D504A2043F018B049F013F013F013C
:1006D0009701A2097D093F016409230909093F0126
:1006E00065102710F30F3F01E50F9F0F3F013F01FA
:1006F0008701690F430F3F01380F990E3F013F01FA
:100700007F014F0EC40B3F018F011E0F8F013F0170
:10071000010FF20EE30E3F01F8118F01D8113F01D6
:10072000531139111F113F011111F7103F013F0102
:10073000E410D110BE103F01B11194118A113F0194
:100740003F016D113F013F01C3119C1059023F0150
:10075000DE0180027C073F016A07550743073F011E
:100760002107FF06DD063F016F0DAA063F013F018D
:1007700079065E0643063F0138060C06FA053F017E
:10078000A30877084B083F012F0806088F013F0197
:10079000DC07BE07A6073F0193079A1287123F01A5
:1007A0005E1235120B123F01B60B870B3F013F0162
:1007B0008701650B490B3F013E0B090B3F013F01D0
:1007C0007F01D40A9A0A3F017E0A3D0A8F013F0148
:1007D0001F0AEC09D4093F015C0D280D3F013F01C0
:1007E000FD0C8A0DD30C3F01C50C7E0C3F013F016F
:1007F00087012E0CF4013F01D2060F023F013F0199
:100800007F011F14F313DFF8FC92B64C117007330D
:1008100099F800202B80DFF8DCE2B34BB4F80080BD
:10082000DFF8CCC219689EF8003002F5807A571EB6
:10083000901E033A89F800205CFA87F75CFA80F092
:100840004FEA18220CF80A2001F5805123F010021B
:1008500023F0080387F8008143F0040380F80021A7
:100860004FF6FB7091F8FA7F8EF80030FFF7FEF933
:100870002B8847EA00279E4227803FF6AAAE981BA6
:100880002880BDE8F0872B8802339BB22B80B342CF
:10089000FFF4B0AE981B2880BDE8F087DFF86492C3
:1008A000904C1170073399F800202B808E4BB4F8D0
:1008B0000080DFF83CE2196802F5807A571E931E2B
:1008C000033A89F800205EFA87F75EFA83F34FEA6D
:1008D00018220EF80A2020F0100287F8008101F596
:1008E000805183F8002120F0080343F004034FF601
:1008F000FF7091F8FE7F8CF80030FFF7B7F947EAF8
:100900000027278061E62B882288043302329BB2BD
:1009100022802B80BBE72B882288043301329BB2D4
:1009200022802B80B3E72B882288023301329BB2CE
:1009300022802B80ABE72B882288033301329BB2C5
:1009400022802B80A3E72088DFF8B081431C23801E
:10095000FFF78CF9654B66491B780344DBB25A1CE0
:10096000D2B2CB5C885C43EA0020FFF77FF9614993
:10097000DFF88CE191F800C09EF800300CF0010225
:100980001A44871883EA00020CF03C005FFA87FCE7
:10099000D2B283EA0C0323EA02038EF800C018F8EF
:1009A0000CC0BAB25B10FF2A94BF67464CF0010737
:1009B00003F040033B4303430B702B8806339BB289
:1009C0002B8064E72088431C2380FFF74FF9484BB6
:1009D000494A1B5C13704949464AC95C137803F0C5
:1009E0007D030B4313702B8803339BB22B804EE7A0
:1009F0002088431C2380FFF739F93C4B3D491B7885
:100A0000C218D2B23A48835C0133DBB283543B4A0A
:100A1000D25C0B7803F07D0313430B702B880633F5
:100A20009BB22B8033E72088FFF720F9238801331E
:100A3000074698B22080FFF719F92F4A47EA0023AA
:100A4000107822882B4F9BB2184480B20132434069
:100A500022802A88C3F3002313442B80FFF706F972
:100A600097F800802649DFF894C091F800E06FEA1B
:100A7000080202F00102AEEB0202121A8EEA000333
:100A800008F03C005FFA82F881F800808EEA0801E5
:100A90000B401CF808C092B243F34603FF2A8CBFF8
:100AA00061464CF0010103F040030B4303433B70EC
:100AB0002B8804339BB22B80E9E62088431C2380DB
:100AC000FFF7D4F8094B0B4A18700C4B195C1378DC
:100AD00003F07D030B4313702B8802339BB22B80F2
:100AE000D5E600BFEAA50220A08B0020F4B10220C9
:100AF000348C0020F2AD0220E8A50220E8A40220F8
:100B0000E6A40220E4A402202088431C2380FFF7EF
:100B1000ADF89C4B9C4A1B5C13709C499C4AC95C79
:100B2000137803F07D030B4313702B8803339BB2C0
:100B30002B80ACE6964B27881B78590642F12B8414
:100B40002B88023301379BB227802B809FE6DFF88A
:100B50004082208898F8003003F07C0388F8003049
:100B6000FFF784F807462088013080B22080FFF725
:100B70007DF8238847EA0027BFB201333846238037
:100B8000FFF774F8834A034602EB430C12F8131084
:100B90009CF80130384698F800703B4388F80030E4
:100BA000FFF774F92B8806339BB22B806FE6208801
:100BB000FFF75CF823880133074698B22080FFF7DF
:100BC00055F8238847EA0020013380B22380FFF7DD
:100BD0004DF86D496E4A0B784340DBB20B706B49A0
:100BE000C95C137803F07D030B4313702B88043327
:100BF0009BB22B804BE62088FFF738F8238801331F
:100C0000074698B22080FFF731F82B88033347EA74
:100C100000279BB227802B8039E65B4B5D49187813
:100C20005B4A01EB400711F81010197013787978BE
:100C300003F07C030B4313702B8802339BB22B8091
:100C400025E62088431C2380FFF710F84E49504AC0
:100C50000B784340DBB20B704C49C95C137803F04E
:100C60007D030B4313702B8802339BB22B800EE65F
:100C700049492B880A784448424F90F800C0033312
:100C800002F580709BB2013A2B8007F800C00A7011
:100C9000FDE53F4F20883B7803F07C033B70431C0D
:100CA0002380FEF7E3FF374A2B8812F800C039494A
:100CB000053301EB4C0E9BB211F81C102B80115424
:100CC00039789EF801200A433A70E0E52088431CF9
:100CD0002380FEF7CBFF2C4A2A4B195C13784B403C
:100CE00013702A492A4AC95C137803F07D030B4329
:100CF00013702B8803339BB22B80C8E52088431CDC
:100D00002380FEF7B3FF254B1E491B780344DBB25B
:100D10005A1CD2B2CB5C885C43EA0020FEF7A6FFE7
:100D200019491B4A0B784340DBB20B701749C95C69
:100D3000137803F07D030B4313702B8806339BB2AB
:100D40002B80A4E514480F490378DA1CD2B2027054
:100D500002F58072885C5A1C023351FA83F351FA0F
:100D600082F293F8003192F80021094943EA002306
:100D700023802B88063342F020029BB22B800A701E
:100D800085E500BF348C0020E6A40220E8A4022000
:100D9000F2AD0220F0AB0220E4A40220F4B1022064
:100DA000DFF8D482208898F8009009F07C0388F856
:100DB0000030FEF75BFF23880133074698B220809E
:100DC000FEF754FFA94A47EA002317781F442388F7
:100DD000BFB2013338462380FEF748FF09F001090E
:100DE000A34A00EB092302EB430C12F813109CF802
:100DF0000130384698F800703B4388F80030FFF720
:100E000045F82B8807339BB22B8040E52088FEF7FE
:100E10002DFF23880133074698B22080FEF726FF76
:100E2000924A47EA0023107822889BB2184480B285
:100E30000132434022802A88C3F3002313442B80CD
:100E4000FEF714FF8B498C4A0B7803400B708B49DB
:100E5000C95C137803F07D030B4313702B880433B4
:100E60009BB22B8013E52088FEF700FF2388013317
:100E7000074698B22080FEF7F9FE814A47EA002330
:100E8000107822889BB2184480B2013243402280FD
:100E90002A88C3F3002313442B80FEF7E7FE75492D
:100EA000754A0B7803400B707449C95C137803F0E2
:100EB0007D030B4313702B8804339BB22B80E6E435
:100EC0006D4A137843F0010313702B8802339BB2F1
:100ED0002B80DCE4684F208897F8008008F07C03C2
:100EE0003B70431C2380FEF7C1FE604B65491B78B5
:100EF0000344DBB208F00108CA5C5D4802EB08223B
:100F000000EB420C10F81220CA542B8839789CF858
:100F1000012006339BB20A432B803A70B7E45A484B
:100F2000584903789A1CD2B20133027051FA83F304
:100F300002F58072895C93F800212B8842EA012235
:100F4000063301329BB222802B80A0E4DFF8288197
:100F5000208898F8003003F07C0388F80030FEF712
:100F600085FE23880133074698B22080FEF77EFE77
:100F70003E4A47EA002317781F442388BFB2013353
:100F800038462380FEF772FE404A034602EB430CCC
:100F900012F813109CF80130384698F800703B4363
:100FA00088F80030FEF772FF2B8807339BB22B8046
:100FB0006DE42088FEF75AFE23880133074698B275
:100FC0002080FEF753FE294A47EA00231078228842
:100FD0009BB2184480B20132434022802A88C3F376
:100FE000002313442B80FEF741FE2249224A0B784E
:100FF0004340DBB20B702149C95C137803F07D03D9
:101000000B4313702B8804339BB22B803FE4208862
:10101000FEF72CFE23880133074698B22080FEF7A6
:1010200025FE174A47EA0023107822889BB218440D
:1010300080B20132434022802A88C3F30023134444
:101040002B80FEF713FE0B490B4A0B784340DBB2B3
:101050000B700A49C95C137803F07D030B431370CE
:101060002B8804339BB22B8011E400BFF4B1022023
:10107000F4AD0220E6A40220F2AD0220E8A4022092
:10108000E8A50220348C0020E4A40220F0AB02206A
:10109000A74928880A7822F004030B70831C9BB2AE
:1010A00057072B807FF5F3ABA24F97F800C0A24FF4
:1010B00097F800E0E6453FF4EAABDFF89C929F4BDF
:1010C000B4F80080DFF87CE287F800C0093028809F
:1010D000186899F8003003F5807A03F1FF3C9F1EF1
:1010E000033B89F800305EFA87F75EFA8CFC4FEA22
:1010F00018230EF80A3000F5805022F014038CF803
:10110000008187F8003122F00C0390F8FE7F43F055
:1011100004034FF6FF700B70FEF7A8FD47EA0027A7
:101120002B882780FFF7B3BB814F20883B7803F0E3
:101130007C033B70431C2380FEF798FD804B814964
:101140001B78C218D2B22B8811F802C07E48063331
:1011500000EB4C0E9BB210F81C002B8088543978A1
:101160009EF801200A433A70FFF791BB2088431C88
:101170002380FEF77BFD724B74491B78714A034450
:10118000DBB20878D35C6A4A43400B707049C95C93
:10119000137803F07D030B4313702B8804339BB249
:1011A0002B80FFF774BB2088431C2380FEF75EFD75
:1011B000421C6449D2B20B5C8A5C43EA0223654A52
:1011C00010782A88184480B24340C3F300231344A4
:1011D0002B80FEF74BFD5D49554A0B784340DBB24F
:1011E0000B705B49C95C137803F07D030B431370EC
:1011F0002B8805339BB22B80FFF749BB564B504AD7
:101200001B78137052494A4AC95C137803F07D0376
:101210000B4313702B8802339BB22B80FFF737BB35
:101220002088FEF723FD23880133074698B22080EB
:10123000FEF71CFD474A47EA0023107822889BB23C
:10124000184480B20132434022802A88C3F300232D
:1012500013442B80FEF70AFD3C4B354A18703C4B7B
:10126000195C137803F07D030B4313702B88043350
:101270009BB22B80FFF70BBB2D4A137823F0400362
:1012800013702B8802339BB22B80FFF700BB2088A2
:10129000431C2380FEF7EAFC2E4B2A4A1B782C497C
:1012A0000344DBB2D35C264AC95C1370204A13782E
:1012B00003F07D030B4313702B8804339BB22B8008
:1012C000FFF7E5BA2088431C2380FEF7CFFC1C4BB8
:1012D0001C4A1B781E490344DBB2D35C1B4AC95C21
:1012E0001370134A137803F07D030B4313702B889C
:1012F00004339BB22B80FFF7CABA2088431C23809B
:10130000FEF7B4FC0E4B0F4A1B7811490344DBB2C5
:10131000D35C104AC95C1370054A137803F07D034F
:101320000B4313702B8804339BB22B80FFF7AFBAAB
:10133000F2AD0220F3AD0220ECA50220A08B00202C
:10134000F4B10220348C0020F0AB0220E6A402208D
:10135000E8A40220E8A50220E4A402202088431C7F
:101360002380FEF783FC421CA449D2B20B5C8A5C4A
:1013700043EA0223A24A10782A88184480B24340E4
:10138000C3F3002313442B80FEF770FC9D4B9E4A51
:1013900018709E4B195C137803F07D030B43137098
:1013A0002B8805339BB22B80FFF771BA964A1378CE
:1013B00043F0080313702B8802339BB22B80FFF796
:1013C00066BA2088FEF752FC23880133074698B29C
:1013D0002080FEF74BFC238847EA0020013380B2CF
:1013E0002380FEF743FC884A884B195C137803F08E
:1013F0007D030B4313702B88854A04339BB22B80EB
:101400001070FFF744BA2088FEF730FC23880133C0
:10141000074698B22080FEF729FC238847EA00207F
:10142000013380B22380FEF721FC774A774B195CA9
:10143000137803F07D030B4313702B88714A043338
:101440009BB22B801070FFF722BA2088FEF70EFCAB
:1014500023880133074698B22080FEF707FC2388D3
:1014600047EA0020013380B22380FEF7FFFB664A83
:10147000664B195C137803F07D030B4313702B88C4
:101480005F4A04339BB22B801070FFF700BA5D4BAC
:101490005F4A1B7813705D495B4AC95C137803F09F
:1014A0007D030B4313702B8802339BB22B80FFF715
:1014B000EEB92088431C2380FEF7D8FB514B524ADB
:1014C0001870524B195C137803F07D030B431370B3
:1014D0002B8802339BB22B80FFF7D9B9494B484A7E
:1014E0001B7813704949484AC95C137803F07D039F
:1014F0000B4313702B8802339BB22B80FFF7C7B9C5
:101500002088431C2380FEF7B1FB3C4B404A1B5C08
:1015100013703E493C4AC95C137803F07D030B43CA
:1015200013702B8803339BB22B80FFF7B0B9344A7A
:10153000364913780133DBB21370334AC95C137830
:1015400003F07D030B4313702B8802339BB22B8077
:10155000FFF79DB92088431C2380FEF787FB2749AE
:10156000294A0B5C013BDBB20B542849C95C137858
:1015700003F07D030B4313702B8805339BB22B8044
:10158000FFF785B920881F4B1F78431C2380FEF787
:101590006DFB1A4B1C491B5C0A781C48FB1A9BB25A
:1015A00002F07C02FF2B98BF42F00102DBB2C35C69
:1015B00013430B702B8803339BB22B80FFF767B963
:1015C00020880F4B1F78431C2380FEF74FFB0B4BEB
:1015D0000D491B5C0A780D48FB1A9BB202F07C0295
:1015E000FF2B98BF42F00102DBB2C35C13430B70C8
:1015F0002B8803339BB22B80FFF749B9348C002032
:10160000E8A50220E6A40220F2AD0220E8A4022010
:10161000F4B102202088A74B1F78431C2380FEF7DB
:1016200025FBA54BA5491B780344DBB25A1CD2B25B
:10163000CB5C885C43EA0020FEF718FBA0490A78DF
:101640003B1A9BB202F07C02FF2B98BF42F00102D2
:101650009C48DBB2C35C13430B702B8806339BB2F0
:101660002B80FFF714B92088974B1F78431C2380E9
:10167000FEF7FCFA92490A783B1A9BB202F07C0210
:10168000FF2B98BF42F001028E48DBB2C35C1343CC
:101690000B702B8802339BB22B80FFF7F8B82088A1
:1016A000FEF7E4FA23880133074698B22080FEF75C
:1016B000DDFA854A47EA0023107822889BB2184455
:1016C00080B20132434022802A88C3F300231344AE
:1016D0002B80FEF7CBFA784B794A1870794B195C5E
:1016E000137803F07D030B4313702B8804339BB2F4
:1016F0002B80FFF7CCB82088FEF7B8FA2388013397
:10170000074698B22080FEF7B1FA6B4A47EA0023F9
:10171000107822889BB2184480B201324340228064
:101720002A88C3F3002313442B80FEF79FFA614BF2
:10173000634A1870634B195C137803F07D030B4305
:1017400013702B8804339BB22B80FFF7A0B820883E
:10175000FEF78CFA23880133074698B22080FEF703
:1017600085FA554A47EA0023107822889BB218442C
:1017700080B20132434022802A88C3F300231344FD
:101780002B80FEF773FA504B4D4A18704D4B195C85
:10179000137803F07D030B4313702B8804339BB243
:1017A0002B80FFF774B82088FEF760FA2388013396
:1017B000074698B22080FEF759FA434A47EA0023C9
:1017C000107822889BB2184480B2013243402280B4
:1017D0002A88C3F3002313442B80FEF747FA3549C8
:1017E000374A0B780343DBB20B703649C95C137878
:1017F00003F07D030B4313702B8804339BB22B80C3
:10180000FFF745B82E4A137823F0010313702B8895
:1018100002339BB22B80FFF73AB8294925480B7851
:1018200002782A4F03F0010C02EB0C2207EB420C6A
:1018300017F8122002709CF8012003F07C03134378
:101840000B702B8802339BB22B80FFF720B82088C7
:10185000DFF87080431C2380FEF708FA1849DFF890
:1018600054E091F800C09EF800300CF001021A44D8
:10187000871883EA00020CF03C005FFA87FCD2B2C2
:1018800083EA0C0323EA02038EF800C018F80CC0A8
:10189000BAB25B10FF2A94BF67464CF0010703F011
:1018A00040033B4303430B702B8802339BB22B80D6
:1018B000FEF7EDBFE6A40220F4B10220348C002034
:1018C000F2AD0220E8A40220E8A50220F0A7022041
:1018D000B04AB14913780133DBB21370AF4A03F554
:1018E0008073D35CAE4AC95C1370AE4A137803F0C0
:1018F0007D030B4313702B8804339BB22B80FEF7C0
:10190000C6BFDFF8A082208898F8007007F07C033B
:1019100088F80030431C2380FEF7A8F99F4AA249AB
:10192000135C07F0010703EB072301EB430711F8F2
:10193000133013542B8898F800107A7805339BB233
:101940000A432B8088F80020FEF7A1BF2088DFF82B
:101950005082431C2380FEF789F9904BDFF838E270
:101960001A5C904898F80030017801F001071F4494
:1019700002EB070C5FFA8CF75A407B4023EA020324
:1019800088F800701EF807705B10BCF1FF0F94BF61
:101990003A4647F0010203F0400301F03C011343D3
:1019A0000B4303702B8803339BB22B80FEF76FBF72
:1019B0002088431C2380FEF759F97849794A0B5C4B
:1019C0000133DBB20B547449C95C137803F07D0317
:1019D0000B4313702B8805339BB22B80FEF757BF48
:1019E0002088431C2380FEF741F96C4BDFF8B0E1FF
:1019F0001B5C6C489EF800100778DFF89CC1FA4326
:101A000002F001028A1AD21A5FFA82F84B4081EA88
:101A100008010B401CF808C08EF8008092B243F316
:101A20004603FF2A8CBF61464CF0010103F04003DE
:101A300007F03C070B433B4303702B8803339BB2F7
:101A40002B80FEF724BF2088584B1F78431C23802F
:101A5000FEF70CF9514B53491B5C0A784E48FB1AB0
:101A60009BB202F07C02FF2B98BF42F00102DBB276
:101A7000C35C13430B702B8803339BB22B80FEF7A0
:101A800006BF2088474F431C2380FEF7EFF8474BE3
:101A900042491B780344DBB25A1CD2B2CB5C885C4F
:101AA00043EA0020FEF7E2F897F800803C49DFF8AF
:101AB000E8C091F800E06FEA080202F00102AEEB24
:101AC0000202121A8EEA000308F03C005FFA82F864
:101AD00081F800808EEA08010B401CF808C092B221
:101AE00043F34603FF2A8CBF61464CF0010103F02B
:101AF00040030B4303433B702B8806339BB22B8080
:101B0000FEF7C5BE2088294B1F78431C2380FEF7B3
:101B1000ADF824490A783B1A9BB202F07C02FF2BF5
:101B200098BF42F001021C48DBB2C35C13430B7048
:101B30002B8802339BB22B80FEF7A9BE2088FEF7CC
:101B400095F823880133074698B22080FEF78EF877
:101B5000164B93F80080238847EA0027B8441FFA01
:101B600088F8013340462380FEF780F8471EFFB215
:101B700039464046FEF78AF90A4A074BD95D137881
:101B800003F07D030B4313702B8807339BB22B802C
:101B9000FEF77DBEE4A40220E8A40220348C0020DD
:101BA000E6A40220F2AD0220F0A70220F4B1022048
:101BB000A54B208893F80080FEF758F80746208848
:101BC000013080B22080FEF751F8A04A47EA002396
:101BD000107822889BB2184480B2013243402280A0
:101BE0002A88C3F3002313442B80FEF73FF898495B
:101BF0000A78A8EB00039BB202F07C02FF2B98BF8F
:101C000042F001029348DBB2C35C13430B702B8894
:101C100004339BB22B80FEF73ABE8B4B208893F89F
:101C20000080FEF723F807462088013080B220802C
:101C3000FEF71CF8884A47EA0023107822889BB2F6
:101C4000184480B20132434022802A88C3F3002323
:101C500013442B80FEF70AF87D490A78A8EB0003AD
:101C60009BB202F07C02FF2B98BF42F00102794840
:101C7000DBB2C35C13430B702B8804339BB22B8005
:101C8000FEF705BE724A137823F0080313702B8801
:101C900002339BB22B80FEF7FABD2088431C2380C1
:101CA000FDF7E4FF694B6A491B78C218D2B26B4852
:101CB000835C013BDBB28354664AD25C0B7803F051
:101CC0007D0313430B702B8806339BB22B80FEF7EA
:101CD000DEBD20885C4B1F78431C2380FDF7C6FFC8
:101CE0005A4B5E4A1B785A490344DBB25948D35CCD
:101CF0000A78FB1A9BB202F07C02FF2B98BF42F0DD
:101D00000102DBB2C35C13430B702B8804339BB21C
:101D10002B80FEF7BCBD20884B4B1F78431C2380D3
:101D2000FDF7A4FF431C4D4ADBB2D15C135C4A4A69
:101D300010782A8843EA0123184480B24340C3F351
:101D4000002313442B80FDF791FF41490A783B1A89
:101D50009BB202F07C02FF2B98BF42F001023D488B
:101D6000DBB2C35C13430B702B8805339BB22B8013
:101D7000FEF78DBD364B27881B789B0741F12583E5
:101D80002B88023301379BB227802B80FEF77FBD63
:101D9000DFF8BC80208898F8009009F07C0388F870
:101DA0000030FDF763FF23880133074698B2208097
:101DB000FDF75CFF254A47EA002317781F44238874
:101DC000BFB2013338462380FDF750FF09F0010907
:101DD000234A00EB092302EB430C12F813109CF882
:101DE0000130384698F800703B4388F80030FEF721
:101DF0004DF82B8807339BB22B80FEF748BD208817
:101E0000431C2380FDF732FF104B14491B78034419
:101E1000DBB25A1CD2B2CB5C885C43EA0020FDF7EF
:101E200025FF09490A4A0B780343DBB20B700949C5
:101E3000C95C137803F07D030B4313702B880633C2
:101E40009BB22B80FEF723BDE6A40220F4B1022052
:101E5000F2AD0220E8A40220E8A50220348C002084
:101E6000F0A702202088431C2380FDF7FFFEA54B2E
:101E7000A54A1B78DFF898E2DFF898C29EF80010B8
:101E80000344A248DBB20778D35CFA4302F00102B4
:101E90008A1AD21A5FFA82F84B4081EA08010B4095
:101EA0001CF808C08EF8008092B243F34603FF2A64
:101EB0008CBF61464CF0010103F0400307F03C0782
:101EC0000B433B4303702B8804339BB22B80FEF7FC
:101ED000DEBC2088431C2380FDF7C8FE8C4A8A4B59
:101EE000195C13780B4313708A49884AC95C1378CC
:101EF00003F07D030B4313702B8803339BB22B80BD
:101F0000FEF7C5BC2088814F431C2380FDF7AEFE41
:101F1000421C7D49D2B20B5C8A5C43EA02237E4AB2
:101F200010782A88184480B24340C3F30023134436
:101F30002B80FDF79BFE97F800807549DFF8D4C130
:101F400091F800E06FEA080202F00102AEEB020233
:101F5000121A8EEA000308F03C005FFA82F881F85A
:101F600000808EEA08010B401CF808C092B243F3CF
:101F70004603FF2A8CBF61464CF0010103F0400389
:101F80000B4303433B702B8805339BB22B80FEF73A
:101F90007EBC5E4B27881B78990701F130822B8825
:101FA000023301379BB227802B80FEF770BC20885C
:101FB000FDF75CFE23880133074698B22080FDF7C9
:101FC00055FE238847EA0027BFB2013338462380F5
:101FD000FDF74CFE00F101085FFA88F841463846EB
:101FE000FDF754FF494A4B4B13F80810137803F0E0
:101FF0007D030B4313702B8806339BB22B80FEF7B7
:1020000046BC404B208893F80080FDF72FFE2288C5
:102010000132074690B22080FDF728FE238847EA68
:102020000020013380B22380FDF720FE37490A7873
:10203000A8EB00039BB202F07C02FF2B98BF42F09A
:1020400001023448DBB2C35C13430B702B880433AA
:102050009BB22B80FEF71BBC20882C4F431C238097
:10206000FDF704FE97F800802949DFF8A8C091F831
:1020700000E06FEA080202F00102AEEB0202121A5F
:102080008EEA000308F03C005FFA82F881F80080D5
:102090008EEA08010B401CF808C092B243F34603D5
:1020A000FF2A8CBF61464CF0010103F040030B4353
:1020B00003433B702B8802339BB22B80FEF7E7BBB8
:1020C000104A144913780133DBB213700F4AC95C0C
:1020D000137803F07D030B4313702B8802339BB2FC
:1020E0002B80FEF7D4BB094B27881B78D90701F159
:1020F000A0812B88023301379BB227802B80FEF70B
:10210000C6BB00BFF4B10220348C0020F2AD022027
:10211000E6A40220E8A40220E8A502202088DFF837
:102120001483FDF7A3FD23880133074698B220806E
:10213000FDF79CFD238847EA0020013380B223800D
:10214000FDF794FDB84998F800C00F78FA4302F003
:102150000102ACEB0202121A5FFA82FE8CEA000363
:102160008CEA0E000340B14888F800E010F80E0039
:1021700092B243F3460303F04003FF2A98BF40F0B6
:10218000010007F03C0703433B430B702B880433EB
:102190009BB22B80FEF77BBB2088431C2380FDF77E
:1021A00065FDA34BA3491B78A34A0344DBB208781F
:1021B000D35C9D4A03400B709C49C95C137803F0C3
:1021C0007D030B4313702B8804339BB22B80FEF7E7
:1021D0005EBB2088431C2380FDF748FD421C9649C6
:1021E000D2B20B5C8A5C43EA0223944A10782A88B4
:1021F000184480B24340C3F3002313442B80FDF7FF
:1022000035FD8C49884A0B7803400B708749C95CBF
:10221000137803F07D030B4313702B8805339BB2B7
:102220002B80FEF734BB804B278893F90030002BBE
:1022300081F256802B88023301379BB227802B8096
:10224000FEF725BBDFF8E081208898F8003003F026
:102250007C0388F80030FDF709FD0746208801302F
:1022600080B22080FDF702FD238847EA0027BFB235
:10227000013338462380FDF7F9FC714A034602EB2F
:10228000430C12F813109CF80130384698F800708F
:102290003B4388F80030FDF7F9FD2B8806339BB2ED
:1022A0002B80FEF7F4BA2088DFF88081FDF7DEFC92
:1022B00023880133074698B22080FDF7D7FC5C4A9B
:1022C00047EA002310782288574F9BB2184480B207
:1022D0000132434022802A88C3F3002313442B8019
:1022E000FDF7C4FCDFF84CE197F800C09EF8003021
:1022F0000CF001021A44024483EA00010CF03C0095
:102300005FFA82FCC9B283EA0C0323EA01038EF868
:1023100000C018F80CC092B25B10FF2A94BF61464F
:102320004CF0010103F040030B4303433B702B8847
:1023300004339BB22B80FEF7AABA2088DFF8EC802A
:10234000FDF794FC23880133074698B22080FDF7FF
:102350008DFC3A4A47EA002310782288324F9BB21C
:10236000184480B20132434022802A88C3F30023FC
:1023700013442B80FDF77AFCDFF8B8E097F800C033
:102380009EF800300CF001021A44024483EA000176
:102390000CF03C005FFA82FCC9B283EA0C0323EA2A
:1023A00001038EF800C018F80CC092B25B10FF2A2F
:1023B00094BF61464CF0010103F040030B4303431B
:1023C0003B702B8804339BB22B80FEF760BA2088C9
:1023D000431C2380FDF74AFC2B881549164A0978CF
:1023E00003339BB22B801154FEF751BA2088431C53
:1023F0002380FDF73BFC2B880E490F4A09780333F5
:102400009BB22B801154FEF742BA2088431C2380D4
:10241000FDF72CFC2B880949074A097803339BB246
:102420002B801154FEF733BAF2AD0220E8A402204B
:10243000F4B10220E6A40220348C0020E8A502209A
:10244000F0A502202088B74F431C2380FDF70EFC27
:10245000B54BB64A1B7811780344DBB25A1CD2B292
:10246000FB5CB85C43EA0020FDF710FD2B880633C7
:102470009BB22B80FEF70BBAAD4A137843F00403EE
:1024800013702B8802339BB22B80FEF700BAA84F43
:10249000208897F8008008F07C033B70431C238061
:1024A000FDF7E4FBA04B9F491B780344DBB208F027
:1024B0000108CA5C9F4802EB082200EB420C10F8AE
:1024C0001220CA542B8839789CF8012006339BB21D
:1024D0000A432B803A70FEF7DAB92088DFF84C8285
:1024E000431C2380FDF7C2FB8F4B8E4A1B78DFF81D
:1024F0004CE203448E48DBB20178D25C98F800309D
:1025000001F001071F4402EB070C5FFA8CF75A40F9
:102510007B4023EA020388F800701EF807705B1006
:10252000BCF1FF0F94BF3A4647F0010203F04003AD
:1025300001F03C0113430B4303702B8804339BB21F
:102540002B80FEF7A4B92088794FDFF8F081431C77
:102550002380FDF78BFB421C7249D2B20B5C8A5C74
:1025600043EA0223744A10782A88184480B2434010
:10257000C3F3002313442B80FDF778FBDFF8ACE1B5
:1025800097F800C09EF800300CF001021A44024493
:1025900083EA00010CF03C005FFA82FCC9B283EAD6
:1025A0000C0323EA01038EF800C018F80CC092B2A5
:1025B0005B10FF2A94BF61464CF0010103F0400319
:1025C0000B4303433B702B8805339BB22B80FEF7F4
:1025D0005EB9574B27881B78590600F19B862B88DC
:1025E000023301379BB227802B80FEF750B9DFF80A
:1025F0004081208898F8009009F07C0388F800302A
:10260000FDF734FB07462088013080B22080FDF7BB
:102610002DFB238847EA0027BFB2013338462380C9
:10262000FDF724FB09F00109424A00EB092302EB04
:10263000430C12F813109CF80130384698F80070DB
:102640003B4388F80030FDF721FC2B8806339BB212
:102650002B80FEF71CB92088FDF708FB2388013387
:10266000074698B22080FDF701FB238847EA002047
:1026700001332F4F238080B2FDF7F8FADFF8ACE08A
:1026800097F800C09EF800300CF001021A44024492
:1026900083EA00010CF03C005FFA82FCC9B283EAD5
:1026A0000C0323EA010325498EF800C011F80C1031
:1026B00092B25B1003F04003FF2A88BF41F0010192
:1026C0000B4303433B702B8804339BB22B80FEF7F4
:1026D000DEB82088FDF7CAFA23880133074698B28E
:1026E0002080FDF7C3FA228847EA00231FFA83F807
:1026F000DBB20132FF2B2280404600F03F86FDF71F
:10270000B5FA074608F1010080B2FDF7AFFA47EAD3
:1027100000239BB22A882380531D9BB22B80FEF797
:10272000B6B800BF348C0020F4B10220E6A4022029
:10273000F2AD0220F0A70220E8A50220E8A40220C2
:102740002088431C2380FDF791FAA44BA4491B78F1
:102750000344DBB25A1CD2B2CB5C885C43EA002053
:10276000FDF784FA9F4BA04A1870A04B195C1378B0
:1027700003F07D030B4313702B8806339BB22B8031
:10278000FEF785B82088431C2380FDF76FFA984B2D
:1027900093491B78C2182B889048D2B20433007832
:1027A0009BB22B808854FEF772B82088431C23808C
:1027B000FDF75CFA894B8A491B78C2182B88894837
:1027C000D2B2043300789BB22B808854FEF75FB8F6
:1027D0002088431C2380FDF749FA804B80491B78F1
:1027E000C2182B888248D2B2043300789BB22B8067
:1027F0008854FEF74CB82088431C2380FDF736FA36
:10280000784B774A1978431CDBB2D75C135C784A63
:10281000107843EA0723184480B2FDF737FB2B8872
:1028200006339BB22B80FEF732B86F4B27881B789C
:10283000DB0740F189852B88023301379BB2278063
:102840002B80FEF724B82088FDF710FA2388013387
:10285000074698B22080FDF709FA238801332380C8
:102860005E4B47EA0020197880B2FDF70FFB2B88FA
:1028700004339BB22B80FEF70AB82088FDF7F6F9E7
:1028800023880133074698B22080FDF7EFF92388AB
:1028900001332380534B47EA0020197880B2FDF7BB
:1028A000F5FA2B8804339BB22B80FDF7F0BF20880C
:1028B000FDF7DCF923880133074698B22080FDF745
:1028C000D5F9238801332380494B47EA0020197842
:1028D00080B2FDF7DBFA2B8804339BB22B80FDF727
:1028E000D6BF2088FDF7C2F923880133074698B286
:1028F0002080FDF7BBF9394B47EA00271878238879
:1029000001332380374B3844197880B2FDF7BEFA83
:102910002B8805339BB22B80FDF7B9BF2B882F493D
:10292000344A0978117002339BB22B80FDF7AFBF98
:102930002088FDF79BF923880133074698B2208051
:10294000FDF794F92A4B47EA0027187823880133CA
:102950002380244B3844197880B2FDF797FA2B88EE
:1029600005339BB22B80FDF792BF214B1D4A1B788C
:1029700013701E491C4AC95C137803F07D030B4396
:1029800013702B8802339BB22B80FDF780BF208809
:10299000431C2380FDF76AF9154B134A1870134B3B
:1029A000195C137803F07D030B4313702B880233FB
:1029B0009BB22B80FDF76BBF084B0A4A1B78137044
:1029C0000A49094AC95C137803F07D030B4313706D
:1029D0002B8802339BB22B80FDF759BFF4B1022044
:1029E000348C0020E6A40220F2AD0220E8A40220EC
:1029F000E8A50220E4A40220AC4AAD491378013BCB
:102A0000DBB21370AB4AC95C137803F07D030B4350
:102A100013702B8802339BB22B80FDF738BF2088C0
:102A2000FDF724F923880133074698B22080FDF78B
:102A30001DF9238847EA0027BFB2013338462380B7
:102A4000FDF714F900F1FF385FFA88F8414638467F
:102A5000FDF71CFA974A964B13F80810137803F009
:102A60007D030B4313702B8806339BB22B80FDF73D
:102A70000EBF914B20881F78FDF7F8F823880133AB
:102A8000804698B22080FDF7F1F8238848EA0020BC
:102A9000013380B22380FDF7E9F886490A783B1AB2
:102AA0009BB202F07C02FF2B98BF42F001028048EB
:102AB000DBB2C35C13430B702B8804339BB22B80B7
:102AC000FDF7E5BE794B20881F78FDF7CFF8238806
:102AD0000133804698B22080FDF7C8F8238848EA81
:102AE0000020013380B22380FDF7C0F871490A78D5
:102AF0003B1A9BB202F07C02FF2B98BF42F001020E
:102B00006B48DBB2C35C13430B702B8804339BB25E
:102B10002B80FDF7BCBE694A65491378013BDBB2E7
:102B20001370644AC95C137803F07D030B43137080
:102B30002B8802339BB22B80FDF7A9BE20885E4B09
:102B40001F78431C2380FDF791F85A490A783B1AF5
:102B50009BB202F07C02FF2B98BF42F00102544866
:102B6000DBB2C35C13430B702B8802339BB22B8008
:102B7000FDF78DBEDFF85481514998F80020238875
:102B800009685048DFF82CE101F5805C0133511EE3
:102B90009EF800709BB250FA81F102F5807AA2F1A2
:102BA0000209033A88F8002050FA89F91A0A2380AA
:102BB00000F80A2081F8003147F0100389F800314D
:102BC00027F0080343F014034FF6FF709CF8FE7FD4
:102BD0008EF80030FDF74AF82B88073347EA0027C4
:102BE0009BB227802B80FDF752BE334B36491878B5
:102BF000304A01EB400711F81010197013787978FA
:102C000003F07C030B4313702B8802339BB22B80A1
:102C1000FDF73DBE2088431C2380FDF727F8264999
:102C2000244A0B780343DBB20B702149C95C13784B
:102C300003F07D030B4313702B8802339BB22B8070
:102C4000FDF725BE1B4B214819780278DFF874C0C8
:102C500041F0100119702B8802F5807703339BB285
:102C6000013A2B800CF807100270FDF710BE114FCF
:102C700020883B7803F07C033B70431C2380FCF7E7
:102C8000F5FF104A2B8812F800C00F49053301EBFD
:102C90004C0E9BB211F81C102B80115439789EF801
:102CA00001200A433A70FDF7F2BD00BFE8A50220FB
:102CB000E8A40220F2AD0220E6A40220F4B1022032
:102CC000A08B0020348C0020F0A50220E4A4022078
:102CD0002088FCF7CBFF23880133074698B2208079
:102CE000FCF7C4FF238847EA0020013380B2238029
:102CF000FCF7BCFFAD49AE4A0B780343DBB20B7067
:102D0000AC49C95C137803F07D030B4313702B8827
:102D100004339BB22B80FDF7BABD2088431C23806F
:102D2000FCF7A4FF421CA449D2B20B5C8A5C43EAC4
:102D30000223A24A10782A88184480B24340C3F381
:102D4000002313442B80FCF791FF9849984A0B7895
:102D50000343DBB20B709749C95C137803F07D0322
:102D60000B4313702B8805339BB22B80FDF78FBD6F
:102D70008F4F20883B7803F07C033B70431C2380FB
:102D8000FCF774FF8E4B8C491B78C218D2B22B888B
:102D900011F802C08B48063300EB4C0E9BB210F8C2
:102DA0001C002B80885439789EF801200A433A7021
:102DB000FDF76DBD2088431C2380FCF757FF804B37
:102DC0007A491B787C4A0344DBB20878D35C784AA2
:102DD00003430B707749C95C137803F07D030B4301
:102DE00013702B8804339BB22B80FDF750BD2088D5
:102DF000FCF73CFF23880133074698B22080FCF79C
:102E000035FF6F4B93F80080238847EA0027B844CA
:102E10001FFA88F8013340462380FCF727FF471C40
:102E2000FFB239464046FDF731F8614A614BD95D42
:102E3000137803F07D030B4313702B8807339BB289
:102E40002B80FDF724BD2088FCF710FF2388013379
:102E5000074698B22080FCF709FF594A47EA002349
:102E600010782288524F9BB2184480B201324340FE
:102E700022802A88C3F3002313442B80FCF7F6FE3C
:102E800097F800804949DFF82CC191F800E06FEA1B
:102E9000080202F00102AEEB0202121A8EEA0003EF
:102EA00008F03C005FFA82F881F800808EEA0801A1
:102EB0000B401CF808C092B243F34603FF2A8CBFB4
:102EC00061464CF0010103F040030B4303433B70A8
:102ED0002B8804339BB22B80FDF7D9BC344B278859
:102EE00093F90030002BC0F2BE822B8802337A1C8B
:102EF0009BB222802B80FDF7CABCDFF8B48020880B
:102F000098F8009009F07C0388F80030FCF7AEFEDA
:102F100007462088013080B22080FCF7A7FE238876
:102F200047EA0027BFB2013338462380FCF79EFEF4
:102F300009F00109244A00EB092302EB430C12F8C3
:102F400013109CF80130384698F800703B4388F81D
:102F50000030FCF79BFF2B8806339BB22B80FDF7DC
:102F600096BC2088FCF782FE23880133074698B27E
:102F70002080FCF77BFE238847EA0020013380B2E3
:102F80002380FCF773FE0949094A0B7803400B7054
:102F90000849C95C137803F07D030B4313702B8839
:102FA00004339BB22B80FDF772BC00BFE6A4022065
:102FB000F2AD0220E8A40220348C0020E8A5022013
:102FC000F4B10220F0A50220F4AD02202088FCF725
:102FD0004DFE23880133074698B22080FCF746FE59
:102FE000238847EA0020013380B22380FCF73EFEAD
:102FF000B34BB4491B780A7818422B8820F03F0065
:1030000002F03D0242EA000203F104030CBF01207A
:1030100000209BB242EA40022B800A70FDF737BCC9
:10302000A849A7480B780278A74F03F0010C02EBE0
:103030000C2207EB420C17F8122002709CF80120BA
:1030400003F07C0313430B702B8802339BB22B805D
:10305000FDF71DBC2088431C2380FCF707FE984920
:10306000984A0B7803400B709849C95C137803F0B9
:103070007D030B4313702B8802339BB22B80FDF72B
:1030800006BC934A934913780133DBB2137003F5FE
:1030900080738C4ACB5C43F0200313702B8804337D
:1030A0009BB22B80FDF7F3BBDFF81882208898F8DD
:1030B000007007F07C0388F80030431C2380FCF785
:1030C000D5FD844A8049135C07F0010703EB072311
:1030D00001EB430711F8133013542B8898F80010B4
:1030E0007A7805339BB20A432B8088F80020FDF7DD
:1030F000CEBB2088431C2380FCF7B8FD704A754B7B
:10310000195C13780B40137070496E4AC95C1378D0
:1031100003F07D030B4313702B8803339BB22B808A
:10312000FDF7B5BB2088431C2380FCF79FFD694B4E
:10313000634A1B5C6349127813420A7823F03F0309
:1031400002F03D0242EA03022B8808BF012003F18E
:10315000030318BF00209BB242EA40022B800A7092
:10316000FDF795BB2088431C2380FCF77FFD5A4B5D
:1031700058491B780344DBB25A1CD2B2CB5C885C42
:1031800043EA0020FCF772FD4D494E4A0B7803409C
:103190000B704E49C95C137803F07D030B43137029
:1031A0002B8806339BB22B80FDF771BB2088FCF780
:1031B0005DFD23880133074698B22080FCF756FD59
:1031C000DFF80CE12B889EF80020DFF808C147EA01
:1031D0000027511E20882780063302F580775CFA8D
:1031E00081F1023A8EF800209BB2020A2B800CF883
:1031F000072081F80001FDF74ABBDFF8C88020886E
:1032000098F8003003F07C0388F80030FCF72EFDBE
:1032100023880133074698B22080FCF727FD2E4A09
:1032200047EA002317781F442388BFB2013338468A
:103230002380FCF71BFD294A034602EB430C12F8DE
:1032400013109CF80130384698F800703B4388F81A
:103250000030FCF71BFE2B8807339BB22B80FDF759
:1032600016BB2088FCF702FD23880133074698B27D
:103270002080FCF7FBFC184A47EA002310782288DC
:103280009BB2184480B20132434022802A88C3F3A3
:10329000002313442B80FCF7E9FC0949094A0B7809
:1032A0000343DBB20B700949C95C137803F07D035B
:1032B0000B4313702B8804339BB22B80FDF7E7BAC6
:1032C000E6A40220F2AD0220F4AD0220E8A4022020
:1032D000E4A40220348C0020F4B10220F0A50220E6
:1032E0003846FCF7C3FC0306228846BF60F0FF03A4
:1032F0009BB2034613449BB25F40013317F4807FB7
:1033000023802B880CBF0322042213449BB22B8002
:10331000FDF7BDBA3846FCF7A9FC02060346228831
:1033200044BF60F0FF039BB213449BB25F40013384
:1033300017F4807F23802B880CBF032204221344C0
:103340009BB22B80FDF7A3BA3846FCF78FFC0346EF
:103350001806228844BF63F0FF039BB213449BB25C
:103360005F40013317F4807F23802B880CBF03223A
:10337000042213449BB22B80FDF789BAFCF776FC3C
:103380000746A8F1FF0080B2FCF770FC47EA002373
:103390009BB2FFF7BFB93846FCF768FC020603464C
:1033A000228844BF60F0FF039BB213449BB25F408E
:1033B000013317F4807F23802B880CBF0322042263
:1033C00013449BB22B80FDF762BA3846FCF74EFCE3
:1033D00003461806228844BF63F0FF039BB21344E0
:1033E0009BB25F40013317F4807F23802B880CBF92
:1033F0000322042213449BB22B80FDF748BA3846BF
:10340000FCF734FC02060346228844BF60F0FF0349
:103410009BB213449BB25F40013317F4807F23803B
:103420002B880CBF0322042213449BB22B80FDF790
:103430002EBA3846FCF71AFC02060346228844BF1F
:1034400060F0FF039BB213449BB25F40013317F45B
:10345000807F23802B880CBF0322042213449BB25D
:103460002B80FDF714BA3846FCF700FC034618061B
:10347000228844BF63F0FF039BB213449BB283EAEC
:103480000702013312F4807F23802B880CBF0322B4
:10349000042213449BB22B80FDF7F9B908B5094B00
:1034A000094A0A481A60E1F719FE18B9BDE8084050
:1034B000E2F760BB052000F019FABDE80840E2F72A
:1034C00059BB00BF642A0020000020C08C83020882
:1034D000024B186840F30000704700BF8C4B00207F
:1034E000F8B5274D274C00262B4601226E6010218F
:1034F000204600F08FF823784E2B03D04FF0FF3694
:103500003046F8BD6378452BF8D1A378532BF5D11D
:10351000E3781A2BF2D11C484FF40052314601F0E7
:10352000C3FEA3795B0706D518482B4601224FF44A
:10353000007100F06FF82579154FA80301F0E0FD48
:1035400038600028DAD00E4B2A464FF4804100F054
:1035500061F86479002CD3D0600301F0D1FD0D4BEC
:103560000546186038B1064B22464FF4005100F072
:1035700051F83046F8BD386801F0CAFD3D60BDE73E
:103580001003002040AD00208C2B00208C3B00203D
:103590005CAD0020208C002010B5074C206818B1CD
:1035A00001F0B6FD00232360044C206818B101F03F
:1035B000AFFD0023236010BD5CAD0020208C0020F7
:1035C000014B186800F0CCB8642A002070B506469C
:1035D0000D46144600F008F9002330602B6023608C
:1035E00070BD00BF10B5044601F074FD204610BD4B
:1035F00010B5044601F058FE204610BD01F05ABB3C
:1036000001F0D4BB01F038BB01F03EBC0FB404B0F4
:10361000704700BF2DE9F0411D4603462868406908
:10362000B8B1904692B16C680E46002701E02A6856
:10363000506901193246184601F04CFD6C6801379B
:103640000346344447456C603344F0D10020BDE864
:10365000F0814FF0FF30FAE770B596B0DCF7D2FD9D
:103660000020DFF735FF0120DFF732FF0220DFF710
:103670002FFF384C0320DFF72BFF012534220021D8
:1036800008A8256001F010FE0023CDE90333CDE941
:1036900005333149019307930E6C304A46F080564A
:1036A0000E64096C01F08051019101990293136835
:1036B00043F440431360136803F440430293012230
:1036C000029B4FF48033CDE9082302224FF480039C
:1036D000CDE90E2308214FF4B473CDE91013022273
:1036E0000723CDE9122308A806231493DDF73AFA3D
:1036F00018BBDDF727FC40BB0F2200230225CDE9D4
:10370000032505934FF4A0524FF4805303A80521DD
:10371000CDE90623DCF7B8FF98B900F053FA02238D
:10372000236000F005F906232360FFF7B7FE0520AC
:1037300000F0DCF8002016B070BD284600F0D6F886
:10374000D7E7284600F0D2F8E7E7022000F0CEF8ED
:10375000D2E700BFF8B102200038024000700040FC
:1037600070B51D4E86460024A6F50061704630F8FF
:10377000022B92B25302D50003F47803EDB292010A
:103780002B4302F478420831134343F07F438E42C7
:1037900041F8083C41F8043CC1F8783CC1F87C3C55
:1037A000E5D104F58074B4F5704F0EF5007E06F592
:1037B000C856D9D1094B0A481A680A4901321A6019
:1037C0001B6800FB03F3B1EB730F00D270BDBDE8C3
:1037D00070400120DFF7F8BE400A00C000B20220AE
:1037E000EFEEEEEE888888082DE9F04387B0DCF72D
:1037F0002FFD04460020DFF737FF354B00381A78DD
:1038000018BF0120824216D0324A334D187014601E
:10381000324B1B6823B1324A1368E31A042B12D8C7
:10382000304B18782B78003B18BF012340EAC300C7
:1038300007B0BDE8F083274B274D1B68E31A132B15
:1038400088BF2A70E4E7274E1460002301A8CDE961
:103850000133CDE9033305933370E0F77DFD034673
:10386000D0B99DF804803078B8F1000FDAD001AA01
:103870009C4632F8024FB4F5487F04D2B2F8049067
:10388000B9F5F07F0AD30CF101034345CAD2022BEC
:103890004FF0010CEDD1C5E73078C3E7124B03F1CF
:1038A000800719888C420FD3B3F804E07144A14219
:1038B0000AD95988894507D3B3F806E071444945C8
:1038C00002D9197A0843307010339F42E9D1DAE700
:1038D00034060020300600202C060020FCB1022017
:1038E00028060020240600201884020838B50F4B53
:1038F000186020B94FF47A70DCF7B0FCFAE705469F
:1039000000240320DFF740FEB420DCF7A7FC0320EF
:10391000DFF74AFE0134B420DCF7A0FCA542F0D169
:103920004FF47A70DCF79AFCEAE700BF04B2022099
:1039300000212DE9F04708466B4CDFF755FE0325C3
:1039400001202560E0F798FB002840F0CA8004229F
:10395000664B6749226080EA01020130B0F5807F42
:1039600043F8042BF7D1BFF34F8F604A604D00231B
:1039700005E00133B3F5807F02F1040207D010683F
:1039800083EA05018842F4D00420FFF7AFFF574ACD
:103990005848002383EA00010133B3F5807F42F8E1
:1039A000041BF7D1BFF34F8F504A524D002305E05F
:1039B0000133B3F5807F02F1040207D0106883EA77
:1039C00005018842F4D00420FFF790FF4FF04041FA
:1039D0000020E0F7C9F80020E0F702F900210120FB
:1039E000E0F704F901210020E0F700F94FF07F40F3
:1039F000E0F738F9E0F7A4FA4FF4F07105234FF43B
:103A000048702360E0F73AFCDFF80C913A4CDFF89D
:103A1000F080B0FA80F35B093848C9F80030E0F76D
:103A200013F93748E0F702F904F180074046E0F760
:103A3000F1F826886588B4F806A0A288AAF10403E4
:103A4000043AA91CB01C9BB292B289B280B2E0F7D2
:103A500027FA4FF0FF30E0F7DDF8A5F1080101EBA0
:103A60005A0106F10800E268032389B280B21034DB
:103A7000E0F7B4F9BC42D9D14FF07F40E0F7D6F877
:103A80004FF0FF30E0F7C6F81E4A032318210C2040
:103A9000E0F7A4F91C4A032318214FF42770E0F73C
:103AA0009DF90323194A2E214FF42770E0F796F968
:103AB000D9F8003023B1BDE8F0470020DFF764BD3E
:103AC0000220DFF761FD1248E0F7A4F80C20114A4C
:103AD00003234621E0F782F9BDE8F0470020DFF735
:103AE00053BD2846FFF702FFF8B10220000030C0A6
:103AF00000005AA5FFFFA55A1884020838000020CC
:103B0000800000FFC8830208D4830208DC83020817
:103B10000000FFFFE4830208FCB10220704700BFF1
:103B2000014B0A221A60FEE704B20220014B0B226D
:103B30001A60FEE704B20220014B0C221A60FEE775
:103B400004B20220014B0D221A60FEE704B20220EB
:103B5000704700BF704700BF704700BFDCF76CBB09
:103B60000148DDF7FDBF00BF442900200148DDF713
:103B7000F7BF00BF442900200148DEF72BBA00BF81
:103B8000EC2900200148DDF79BBD00BF0C2A002076
:103B9000014B186FDDF790BB08B20220014800F01E
:103BA0008BBE00BF08B20220054BD3F888204FF02F
:103BB000006142F47002C3F888209960704700BF2A
:103BC00000ED00E0164A936803F00C03042B0CD0C0
:103BD000082B0CD0134B124A134892681349C2F3B6
:103BE0000312825CD3400B607047114BF3E75368BC
:103BF000516813F4800F536814BF0D4A094AC3F388
:103C0000881301F03F01B2FBF1F202FB03F3044A17
:103C10005268C2F3014201325200B3FBF2F3DAE719
:103C2000003802400024F400A08402082003002091
:103C300000127A0010B51549154A0C68BCB9154B2D
:103C40001C6B44F480141C6300281B6B0A6007DBA8
:103C5000114B9B1A834203D310440860104610BDD9
:103C600001F01CFB0C2303604FF0FF3010BD002857
:103C700006DAA21A43429A42F2D320442246ECE7E3
:103C8000054B22469B1A8342E6D2E9E7380600201C
:103C9000000000100038024000000110704700BF13
:103CA000704700BF38B50D4B1B6805460C468AB2FD
:103CB000DB6801469420984770B9B4F5003F34BFE3
:103CC000C4F34F024FF6FF722946054800F0FAFC94
:103CD000003818BF012038BD012038BD90B2022045
:103CE00008B2022010B50B4B1B68044601469B69C5
:103CF0009420984740B9012C08D0074800F008FCF0
:103D0000003818BF012010BD012010BD0220DCF7D3
:103D1000A5FAF2E790B2022008B2022010B5084CD2
:103D20002268136823F480331360014620466166DD
:103D300000F0D6FA2268136843F48033136010BD94
:103D400008B2022008B501F07BF808BD08B501F003
:103D500065F808BD08B501F085F808BD2DE9F04308
:103D60008DB0494C00250195236B43F0100323636C
:103D7000236B03F01003019304224FF000084FF06F
:103D8000030906460123414806A9CDE90623CDE9EA
:103D90000889019BDCF7FCFA3C4801220421DCF78E
:103DA00031FC0295636C3A4843F480036364636CAE
:103DB00003F480030293029B0395236B43F04003BB
:103DC0002363236B03F040030393039B0495236B4E
:103DD00043F010032363236B03F01003049380224A
:103DE000049B0627022306A9CDE90623CDE908890D
:103DF0000A97DCF7CDFA7022022306A923480A9716
:103E0000CDE90623CDE90889DCF7C2FA0595236BD5
:103E1000204A43F480032363236B03F48003059358
:103E20003368059993420AD0002205213B20DCF734
:103E300039FA3B20DCF772FA0DB0BDE8F083164C7E
:103E4000164B34674022A2604FF4806222614FF427
:103E5000006262614FF40052A2614FF48072E2612D
:103E60004FF400322262042262622046032265601F
:103E7000E560A262E56225632360A663DDF736F99B
:103E80002046DDF79BF8CFE70038024000100240E3
:103E900000180240045801404006002058640240C7
:103EA0002DE9F041344CDFF8D880C4F80080154685
:103EB000324A536823F480335360064620460F4647
:103EC00000F0EAFA20460022294600F041FF204691
:103ED000C4F8008000F0D2FD002848D0274A284BC3
:103EE000236025625368244823F4803353604FF4E1
:103EF0008013E3610023C4E90F33C4E9163363611F
:103F000063636360A360236504210F23C4E918136E
:103F10008023A3634FF40053236101234022A36154
:103F20002023C4E911234FF48033E3644FF480234A
:103F3000636500F0D5F92268136843F48033136099
:103F400010B10120BDE8F0810E4C9420A368984781
:103F5000E028F6D10C4A2B461460314624683A46D4
:103F60009420A047003818BF0120BDE8F081014629
:103F70002046FFF7F3FEB1E708B2022000580140E7
:103F8000045801402803002090B20220002070470E
:103F900000207047642938B5C5B21BD80E4CC1EB60
:103FA0000121A4FB0134640945F63B2319349942ED
:103FB000E4B20BDD284622462021DFF76DFB2846C0
:103FC00022462121DFF768FB002038BD202128464A
:103FD0002246F2E71824EDE71F85EB51F8B5C4B28D
:103FE0000D4606461746DFF749FB0221012220460F
:103FF000DFF752FB691E032969D8DFE801F0644C42
:104000004802384B05221A701A7804212046DFF73F
:1040100043FB812205212046DFF73EFB04220621D7
:104020002046DFF739FB39463046FFF7B3FF06225B
:104030000F2105462046DFF72FFB002224212046D2
:10404000DFF72AFB002225212046DFF725FB20464B
:1040500000220A21DFF720FB204604220E21DFF791
:104060001BFB204600222721DFF716FB20460F22EC
:104070001F21DFF711FB20460A221A21DFF70CFB74
:1040800020460A221B21DFF707FB2846F8BD154B07
:10409000AA221A70B8E7134BAF221A701A780421BB
:1040A0002046DFF7F9FA812205212046DFF7F4FAEE
:1040B000042206212046DFF7EFFA39463046FFF7A3
:1040C00069FF0546C3E7074BFA221A709CE7054BC8
:1040D00005251D701A7804212046DFF7DDFA8122BC
:1040E000294698E7A0060020013908B5C0B2032987
:1040F0001ED8DFE801F0140B021DAA220421DFF70D
:10410000CBFA104BAA221A70002008BDAF2204215E
:10411000DFF7C2FA0B4BAF221A70002008BDFA225B
:104120000421DFF7B9FA074BFA221A70002008BD04
:1041300005220421DFF7B0FA024B05221A70002095
:1041400008BD00BFA0060020DFF7A4BA10B50446E2
:10415000DFF794FA0121E0B2DFF7C4FA00F0F800CB
:1041600010BD00BF012938B5C4B211D020460022CD
:104170002221DFF791FA204600222321DFF78CFA73
:104180000C4B20461A780421DFF786FA002038BD50
:104190000D4620460421FF22DFF77EFA2A462046FC
:1041A0002221DFF779FA20462A462321DFF774FA25
:1041B000002038BDA006002010B5C4B22046FF2262
:1041C0000421DFF769FA204601222221DFF764FA91
:1041D000204601222321DFF75FFA20460122022137
:1041E000DFF75AFA002010BD10B5C4B22046FF22F6
:1041F0000421DFF751FA204601222221DFF74CFA91
:10420000204601222321DFF747FA204604220E210F
:10421000DFF742FA20469F220221DFF73DFA024BE8
:1042200001221A70002010BD2403002070B5002563
:1042300082B0C4B2222120462A46124E0195DFF7F1
:104240002BFA2A4623212046DFF726FA327804216A
:104250002046DFF721FA0195019BFE2B05D8019B33
:1042600001330193019BFE2BF9D9327820460421BA
:10427000DFF712FA20469E220221DFF70DFA002016
:1042800002B070BDA006002038B5124D2B78012B6E
:1042900001D0002038BDC4B2204606220E21DFF72F
:1042A000FBF9204600222221DFF7F6F92046002202
:1042B0002321DFF7F1F9084B20461A780421DFF7B4
:1042C000EBF920469E220221DFF7E6F900232B704E
:1042D000002038BD24030020A0060020704700BF46
:1042E000002800F0CA8070B590F88130044603F0D1
:1042F000FF02002B00F0A080614B21681B68614821
:10430000022284F881200A68A0FB03031B0B22F41D
:1043100080329B000A6003E022681268D20307D54E
:10432000013BF9D2D4F8843043F04003C4F8843020
:10433000204600F0A7FB236A002B40F082806368D0
:10434000206C33F002036AD1A268013818BF012043
:10435000012A4FEA40206CD0023A012A8CBF002289
:104360000122D2022168484B0D682B400B60666B1E
:10437000636821683343A66B0D683343E66B3343B0
:10438000A66A334326693343666933432B43656A20
:1043900043EA0553034313430B602268536823F435
:1043A000604323F00F0353602268E56AA369206B22
:1043B00051682B4303430B4353602268334B91688E
:1043C0000B409360D4E91423E56C21682B43886883
:1043D0001343626C0343013A1343A26C013A43EA6C
:1043E00002238B602268D3684FF220000340D36021
:1043F000D4E916322168C8681343626E034343EA66
:104400000243226E013A43EA0223CB6000200123DB
:10441000C4F8840084F8800084F8813070BDA268FC
:10442000A0F10100B0FA80F04009012A4FEA4020D3
:1044300092D14FF4806295E780F88020FFF74EFF1D
:104440005AE7204600F032FB216A114A00EB800057
:1044500049024300B3FBF1F3A2FB0312D20802EBC3
:104460008201A3EB4103092B636B08BF0132042BCC
:10447000626204BF5208626261E70120704700BFB8
:10448000200300201BECCB9510C005FF0080F8FF37
:10449000CDCCCCCC704700BF002833D010B503681A
:1044A0000221002280F881101A6103684FF0FF3268
:1044B0009A610168144B0A681B680446134822F489
:1044C0008032A0FB03030A601B0B21689B0002E003
:1044D0000A68D20307D5013BFAD2D4F8843043F0FE
:1044E0004003C4F884304B6843F0080320464B6017
:1044F000FFF7D0FF0020C4F8840084F8800084F81F
:10450000810010BD01207047200300201BECCB95DB
:1045100038B590F88030012B3AD0012380F88030F4
:1045200001682D4B0A681B6804462C4822F480322F
:10453000A0FB03030A601B0B21689B0002E00A68D2
:10454000D20307D5013BFAD2D4F8843043F04003BC
:10455000C4F884300B6823F400330B60206F18B16B
:1045600094F88130122B26D00025606F18B194F892
:104570008130222B0FD02268536843F00803536028
:104580000121002384F8811084F88030284638BD4A
:104590000225284638BDDCF731FE0028EBD0636FDA
:1045A0005B6D802BE7D0D4F8843043F08003012585
:1045B000C4F88430DFE7DCF721FE0028D4D0236F75
:1045C0005B6D802BD0D0D4F8843043F0800301257C
:1045D000C4F88430C9E700BF200300201BECCB9552
:1045E00038B590F88030012B44D0012380F880301A
:1045F0000168324B0A681B680446314822F4803255
:10460000A0FB03030A601B0B21689B0002E00A6801
:10461000D20307D5013BFAD2D4F8843043F04003EB
:10462000C4F884300D6815F4003511D00B6823F4FC
:1046300000330B60206F18B194F88130122B1CD01E
:104640000025606F18B194F88130222B25D02168A5
:1046500000220A6123684FF0FF31996121684B689D
:1046600043F008034B60012384F8813084F88020F4
:10467000284638BD0225284638BDDCF7BFFD002896
:10468000DED0236F5B6D802BDAD0D4F8843043F01A
:1046900080030125C4F88430D3E7DCF7AFFD0028A0
:1046A000D5D0636F21685B6D802BD1D0D4F8843076
:1046B00043F080030125C4F88430C9E720030020BB
:1046C0001BECCB952DE9F0410F4604461546DBF770
:1046D000BFFD002F6BD0002D69D094F88130012BE5
:1046E0005FFA83F85DD194F88030012B59D0002314
:1046F00065F30F0365F31F43E366236F324AA76632
:1047000000251221C4F8845084F8808084F8811038
:104710001A64236F2D4ADA63236F2D4ADA64236FFC
:104720001D652268B4F86C30A16E06461C32206FFD
:10473000DCF722FD0746002837D1626B6368082A40
:1047400007D123F00202012A14BF4FF001084FF0F5
:1047500011082268023B012B136994BF48F06008DE
:1047600048F0040843EA080313612268136843F41D
:104770000033136005E0DBF76BFD831BB3F57A7F35
:1047800017D82268556915F4E025F4D01368DB03C7
:1047900003D4136843F480331360002384F880301B
:1047A00000E002273846BDE8F08184F880500127F8
:1047B000F8E7D4F8843084F8805043F04003C4F81C
:1047C00084300327EEE700BF31480208D5470208CE
:1047D0003D48020808B5C369806BB3F5807F1CD0E3
:1047E00002680023A0F86E30136823F400331360CE
:1047F000436B082B436813D001220168023B012B55
:104800000B6994BF42F0600242F004024FF0010CC9
:1048100023EA02030B6180F881C0FFF793FA08BD19
:1048200023F00202012A0CBF11220122E5E700BF9A
:1048300008B5806BFFF78AFA08BD00BF38B5806BFA
:10484000D0F88430026F43F08003C0F88430536D99
:10485000012B06D0436F5B6D012B02D0FFF77AFA74
:1048600038BD0268124D1368124C23F400331360F4
:1048700001682B680A68A4FB03431B0B22F48032F7
:104880009B000A6003E002681268D20307D5013B6F
:10489000F9D2D0F8843043F04003C0F884300122CC
:1048A000002380F88120A0F86E30FFF753FA38BD5E
:1048B000200300201BECCB9590F8813003B97047A2
:1048C00070B503685A6919691D681607044605D54D
:1048D0000E0703D5BDE87040C36F1847D60712D541
:1048E00011F001000FD001229A6194F88120D4F8D0
:1048F0008430222A18BF02200343C4F884302046A3
:10490000FFF728FA70BD900709D58E0707D5022258
:104910009A61A36F002BF5D0BDE870401847900650
:104920001FD58E061DD520229A61D4F88430AD03A0
:1049300043F00403C4F8843021D5236F002B52D0F8
:104940002E4A1A65206FDCF7A5FC0028DAD0D4F8CF
:10495000843043F080032046C4F88430FFF7FAF92E
:1049600070BD500612D54E0610D540229A61D4F87B
:104970008430AD0343F00803C4F88430DDD420460E
:10498000FFF72EFE2046FFF7E5F970BD50071BD557
:104990004E0719D504229A61D4F8843015F40035F5
:1049A00043F02003C4F88430C7D123681D61226816
:1049B0004FF0FF3101239161204684F88130A4F843
:1049C0006E50FFF7C7F970BDD0069BD5CA0699D5C2
:1049D00010229A61D4F8843013432046C4F88430FE
:1049E000FFF7B8F970BD636F002B8BD0034A1A65CF
:1049F000606FDCF74FFC0028A9D170BD014A0208A6
:104A000010B5806B0268136823F4003313600368E9
:104A100000241C6103684FF0FF319961D0F88430A5
:104A2000202B08D10122002380F88120A0F86E30CD
:104A3000FFF790F910BD01680E4B0A681B680E4C19
:104A400022F48032A4FB03430A601B0B01689B0025
:104A500002E00A68D20307D5013BFAD2D0F88430CD
:104A600043F04003C0F884304B6843F008034B60C8
:104A7000D8E700BF200300201BECCB9590F8810005
:104A8000704700BFC368012B09D0A3F10203B3FA3A
:104A900083F3054A5B095B01C2F800387047024A9C
:104AA0001023C2F800387047005001400268244BC0
:104AB000C1699A42234AD2F88C300BBF23F44013C9
:104AC00023F440030B4343EA8103C2F88C301D4BAF
:104AD0005A6812F4800F5A680CBF1B4B1B4B02F034
:104AE0003F02B3FBF2F3C269A2B9164AD2F88810AA
:104AF000D2F88800D2F88C20C0F38810C2F30422C8
:104B000003FB00F0C1F30361531CB0FBF1F0B0FBF9
:104B1000F3F07047B2F5801F0A4A05D093680C483D
:104B200043F4000393607047D2F88410D2F88400F5
:104B3000D2F88C20C0F3881002F01F02E0E700BF1B
:104B400004580140003802400024F40000127A00AA
:104B50000080BB0038B50E4B1A6802B918600D4DC5
:104B60000D490E4A2B7800240C60146053B957206D
:104B7000DBF7E2FB0220DEF707FDDBF769FB084B02
:104B8000186038BD0220FFF7ADF82C70EFE700BFCA
:104B900094B20220A1060020A8B20220A4B20220F2
:104BA000A806002038B5104A104C1368104D03F5C4
:104BB0007A73A4FB03146409C4EB0411A3EB81030F
:104BC0001360DBF745FB2B68C21A944203D8DBF76E
:104BD0003FFB286038BD2344181ADBF73FFBDBF7A7
:104BE00037FB286038BD00BFA4060020898888886C
:104BF000A806002038B51A4D1A4B2C681B68BFF365
:104C00005F8F9C421FD0184B04F0010240F2BE514E
:104C100001FB023C154B40F67C31ACF1020201FB7A
:104C200000300CF2BC5C32F9021F002361F30F0369
:104C300061F31F43624540F8043FF4D1BFF35F8F37
:104C400001342C6038BD0A4B40F67C3202FB003048
:104C5000002100F029FB074A13680133136038BDB7
:104C6000B4060020B8060020B41D0020B8060020BD
:104C7000BC060020A0B2022038B50B4D0B490C4AEF
:104C80002B7800240C60146023B9BDE8384057200D
:104C9000DBF752BB0220FFF725F82C70BDE8384047
:104CA0005720DBF749BB00BFA1060020A4B20220B9
:104CB000A8B2022038B5174D1749184A2B7800249E
:104CC0000C6014600BBB5720DBF736FB144D154905
:104CD000154A164B164800242C6014600C601C60AA
:104CE0000460DBF7B5FA134B134A1860134D1449EF
:104CF000144B14602C600C601C6021461248BDE807
:104D0000384041F2F86200F0CFBA0220FEF7EAFF25
:104D10002C70D8E7A1060020A4B20220A8B202207D
:104D2000B4060020B8060020B0060020A40600202B
:104D3000AC060020A80600209CB2022098B20220F7
:104D4000A0B2022094B20220BC06002000000000A5
:104D500010B590B00C463C220021684600F0A4FA41
:104D60004AF644439C4204D00F4B01221A6010B013
:104D700010BD6846DBF7AAFE9FED097B02241323D2
:104D800068468DED007B03940893DBF72DFD00282A
:104D9000EDD0054B1C6010B010BD00BFAFF300801C
:104DA00002000000AD01000094B2022038B540F2CC
:104DB000DF23984203D14AF64443994204D00120AC
:104DC000FFF7C8FE002038BD0A4602202D21FFF75C
:104DD00067F8C0B90E4B0F4A1D680124147075B9ED
:104DE0000520FEF79BFF2A4605215720DBF75AFADC
:104DF0005720DBF793FA084B1C60204638BD186833
:104E0000FFF7A8FEDEE70320FFF7A4FEDAE700BF06
:104E100094B20220A1060020A8B2022008B5064BD9
:104E20001B6803B908BD0020FFF7E4FE034A1368BE
:104E30000133136008BD00BFA4B2022098B2022063
:104E400008B5064B1B6803B908BD0120FFF7D2FE69
:104E5000034A13680133136008BD00BFA4B20220E7
:104E600098B2022005480649064A10B400230524DA
:104E700004600B6013605DF8044B704794B202202D
:104E8000A4B20220A8B202202DE9F04F14465E4AD7
:104E90001D461368013313605C4B83B01B680C9E86
:104EA0000D9F002B40F0A180594B1B68002B00F098
:104EB000978040F2DF23984240F08F808946DBF7ED
:104EC000C7F9804610E0514B1B68002B40F09180E1
:104ED000DBF7BEF90346A3EB0803632B4FF0010099
:104EE00000F28D80DBF7BAF94A4B4B4A1B68126817
:104EF0009B1A012BE7D8474BDFF838A1D3F800C045
:104F0000464BCDF804C00CF0010240F2BE5101FB4B
:104F10000238434B1868434B1B6809F1FF3209F212
:104F2000DE21013C013D013E013F47F6FF7912F8C9
:104F300001BF14F801EF84460BEB0E0015F801BF1A
:104F400016F801EF5844704417F801EF704400EB75
:104F50004000D3EB03234FEAC000A0EB0C0C48BF8A
:104F6000FF330CEB232353459C46B8BFD446CC45B6
:104F7000A8BFCC46914228F802CFD8D1284ADDF804
:104F800004C01060274A1360BFF35F8F214A0CF101
:104F9000010313601D4B1B68002B32D1224C20688B
:104FA00050BB1C4B1C4A1B6812689B1A012B23D94F
:104FB000FFF720FE0120FFF71DFEBFF35F8F0123E7
:104FC0001A48236041F2F861FEF76CFEA0B104209C
:104FD00003B0BDE8F04FFFF7BDBD0120FFF7BAFDFC
:104FE00003B0BDE8F04FFFF7DDBD114B1B78002B80
:104FF000F6D0064B1868F1E703B0BDE8F08F062045
:10500000ECE7024B1868E3E79CB2022094B202205E
:10501000A8B20220B8060020B4060020B21D00206D
:10502000B0060020AC060020A4B20220BC0600207E
:10503000A10600200080FFFFDFF834D0FEF7B4FDAA
:105040000C480D490D4A002302E0D458C4500433E3
:10505000C4188C42F9D30A4A0A4C002301E01360B9
:105060000432A242FBD300F011F8FEF7F5FA7047C4
:105070000000052000000020A8030020E0E4030851
:10508000A8030020ACB20220FEE7000070B50D4D71
:105090000D4C641BA4100026A64209D10B4D0C4CEC
:1050A000FEF7FCFD641BA4100026A64205D170BDCE
:1050B00055F8043B98470136EEE755F8043B98470E
:1050C0000136F2E7E0E40308E0E40308E0E4030863
:1050D000E0E403080A44914200F1FF3300D1704735
:1050E00010B511F8014B03F8014F9142F9D110BDF1
:1050F000034613F8012B002AFBD1181A0138704718
:10510000024B0146186800F02DB800BF580300207C
:10511000024B0146186800F0CFB800BF58030020CA
:1051200070B50F4E0C463168054611B900F0A6F86F
:1051300030602146284600F0A1F8431C03D14FF00F
:10514000FF34204670BDC41C24F00304A042F8D0F4
:10515000211A284600F092F80130F2D1EFE700BFA3
:10516000302900202DE9F843CD1C25F00305083532
:105170000C2D38BF0C25002D064601DBA94204D9B1
:105180000C2333600020BDE8F883DFF8D48000F002
:1051900069F8D8F800301C4644BB29463046FFF772
:1051A000BFFF431C044658D1D8F800402746002FC3
:1051B00043D1002C4BD023683946304604EB030919
:1051C00000F05CF8814542D121686D1A29463046CD
:1051D000FFF7A6FF01303AD023682B442360D8F8AC
:1051E00000305A6862BBC8F800700FE02268521B9A
:1051F00020D40B2A17D96119A342256018BF596022
:10520000636808BFC8F8001062514B60304600F078
:105210002FF804F10B00231D20F00700C21A1CBF59
:105220001B1AA350AFE76268A3420CBFC8F8002066
:105230005A60EBE723466468AEE73C467F68B6E712
:105240001A465B68A342FBD100235360DEE70C23C0
:105250003360304600F00CF894E70560D6E700BFF5
:1052600034290020014800F071B800BF382900201F
:10527000014800F06CB800BF3829002038B5064D51
:105280000023044608462B60FEF7D4FC431C02D1E1
:105290002B6803B1236038BD3C290020014B1868FE
:1052A000704700BF5803002002440346934200D1D8
:1052B000704703F8011BF9E738B50546002941D0CE
:1052C00051F8043C0C1F002BB8BFE418FFF7CAFFCD
:1052D0001D4A136833B9636014602846BDE838403E
:1052E000FFF7C6BFA34208D9206821188B4201BF2F
:1052F00019685B6809182160EDE71A465B680BB115
:10530000A342FAD911685018A0420BD12068014479
:10531000501883421160E0D118685B6853600844FC
:105320001060DAE702D90C232B60D6E72068211839
:105330008B4204BF19685B68636004BF0918216071
:105340005460CAE738BD00BF342900207047704759
:1053500053B94AB9002908BF00281CBF4FF0FF31DC
:105360004FF0FF3000F06AB9ADF1080C6DE904CEE2
:1053700000F006F8DDF804E0DDE9022304B0704730
:105380002DE9F047089D0C46002B4ED194468C45E4
:105390008646B2FA82F262D94AB1C2F12003914044
:1053A00020FA03F30CFA02FC194300FA02FE4FEA5A
:1053B0001C471FFA8CF6B1FBF7F44FEA1E4307FBBC
:1053C000141143EA014304FB06F199420AD91CEB8C
:1053D000030304F1FF3080F01281994240F20F8103
:1053E000023C6344591A1FFA8EF3B1FBF7F007FB36
:1053F000101143EA014300FB06F69E420AD91CEB5A
:10540000030300F1FF3180F0FC809E4240F2F980FE
:10541000634402389B1B40EA044000211DB1D34085
:105420000022C5E90032BDE8F0878B4205D90DB1F5
:10543000C5E9000100210846F5E7B3FA83F1002928
:1054400046D1A34202D39042C0F0F080861A64EBAA
:1054500003030120002DE6D0C5E90063E3E7002A3D
:1054600040F09080A1EB0C044FEA1C481FFA8CF727
:105470000121B4FBF8F64FEA1E4308FB164443EA49
:10548000044307FB06F0984208D91CEB030306F11E
:10549000FF3402D2984200F2CD8026461C1A1FFA31
:1054A0008EF3B4FBF8F008FB104443EA044300FB1E
:1054B00007F79F4208D91CEB030300F1FF3402D227
:1054C0009F4200F2B0802046DB1B40EA0640A5E781
:1054D000C1F120068B4022FA06F71F4320FA06FC92
:1054E00004FA01F343EA0C03F44000FA01F8380C23
:1054F0004FEA1349B4FBF0FE1FFA87FC00FB1E4481
:1055000049EA04440EFB0CF9A14502FA01F20AD95A
:105510003C190EF1FF3A80F08480A14540F2818071
:10552000AEF1020E3C44A4EB09041FFA83F9B4FB6C
:10553000F0F300FB134449EA044403FB0CFCA445CC
:1055400007D93C1903F1FF3067D2A44565D9023B66
:105550003C4443EA0E40A0FB0293A4EB0C049C42A3
:10556000CE469C4651D34ED055B1B8EB0E0364EBFA
:105570000C0404FA06F6CB401E43CC40C5E9006497
:10558000002150E7C2F1200320FA03F10CFA02FCDB
:1055900024FA03F394400C434FEA1C4800FA02FE3D
:1055A0001FFA8CF7B3FBF8F008FB1031230C43EA29
:1055B000014300FB07F1994208D91CEB030300F1FA
:1055C000FF362CD299422AD9023863445B1AA4B21E
:1055D000B3FBF8F108FB113344EA034401FB07F382
:1055E000A34208D91CEB040401F1FF3613D2A342F5
:1055F00011D902396444E41A41EA004139E704460A
:10560000F0E6084606E7C845AED2B9EB020E63EBFA
:10561000070C0138A8E73146EDE7034699E7304625
:10562000D4E7D6467FE7634402384DE70646234673
:1056300008460FE7023E634430E700BF704700BFF3
:105640000006101600061016000000000000000002
:10565000000000000000000000000000000000004A
:10566000000000000000000000000C000C000C0016
:105670000C000C000C000C000C0000000C000000E2
:105680000000000000000000000000001DC01DC060
:105690000880088008800000000000000000000072
:1056A000000000000000000000000D800D800D8053
:1056B0000D803FC01B003FC01B001B001B001B00D8
:1056C000000000000000000004001F8031803180D5
:1056D00038001E000F000380318031803F0004003D
:1056E0000400000000000000000018002400240056
:1056F00018C007801E003180024002400180000077
:105700000000000000000000000000000F00180072
:10571000180018000C001D80370033001D800000A9
:10572000000000000000000000000000070007006B
:105730000200020002000000000000000000000063
:10574000000000000000000000000300030006004D
:105750000E000C000C000C000C000E0006000300F4
:1057600003000000000000000000180018000C00FA
:105770000600060006000600060006000C001C00DD
:1057800018000000000000000000060006003FC0F6
:105790003FC00F001F8019800000000000000000C3
:1057A00000000000000000000000000000000400F5
:1057B000040004003F800400040004000000000016
:1057C00000000000000000000000000000000000D9
:1057D00000000000000000000000060004000C00B3
:1057E00008000800000000000000000000000000A9
:1057F000000000003F8000000000000000000000EA
:105800000000000000000000000000000000000098
:10581000000000000000000000000C000C00000070
:10582000000000000000000000C000C001800180F6
:105830000300030006000C000C00180018003000E4
:10584000300000000000000000000E001B0031804E
:10585000318031803180318031801B000E000000AA
:105860000000000000000000000006003E000600EE
:105870000600060006000600060006003FC0000005
:10588000000000000000000000000F0019803180BF
:105890003180030006000C00180030003F8000003B
:1058A000000000000000000000003F006180018057
:1058B00003001F0003800180018061803F00000021
:1058C00000000000000000000000070007000F00BB
:1058D0000B001B00130033003F8003000F8000000B
:1058E000000000000000000000001F8018001800E9
:1058F00018001F0011800180018021801F0000001E
:105900000000000000000000000007801C001800DC
:105910003000370039803180318019800F0000005D
:10592000000000000000000000007F0043000300B2
:1059300006000600060006000C000C000C0000002B
:10594000000000000000000000001F0031803180D6
:1059500031801F0031803180318031801F00000094
:10596000000000000000000000001E003300318035
:10597000318033801D800180030007003C0000005F
:105980000000000000000000000000000000000017
:105990000C000C000000000000000C000C000000D7
:1059A00000000000000000000000000000000000F7
:1059B00003000300000000000000060004000800CF
:1059C00008000000000000000000000000C003000C
:1059D00004001800600018000400030000C000006C
:1059E00000000000000000000000000000000000B7
:1059F00000007FC000007FC0000000000000000029
:105A0000000000000000000000000000600018001E
:105A10000400030000C00300040018006000000040
:105A20000000000000000000000000001F003180A6
:105A30003180018007000C000C0000000C00000009
:105A4000000000000000000000000E001100210016
:105A500021002700290029002700200011000E0046
:105A60000000000000000000000000003F000F00E8
:105A70000900198019801F8030C030C079E0000013
:105A80000000000000000000000000007F003180E6
:105A9000318031803F003180318031807F000000D3
:105AA0000000000000000000000000001F4030C0A7
:105AB0006040600060006000604030801F000000B7
:105AC0000000000000000000000000007F003180A6
:105AD00030C030C030C030C030C031807F000000E6
:105AE0000000000000000000000000007F80308007
:105AF000308032003E003200308030807F800000F5
:105B00000000000000000000000000007FC03040E6
:105B1000304032003E003200300030007C00000097
:105B20000000000000000000000000001E80318026
:105B300060806000600067C0618031801F000000ED
:105B40000000000000000000000000007BC0318069
:105B5000318031803F803180318031807BC00000D6
:105B60000000000000000000000000003FC0060030
:105B70000600060006000600060006003FC0000002
:105B80000000000000000000000000001FC0030033
:105B90000300030003006300630063003E00000095
:105BA0000000000000000000000000007BC0318009
:105BB000330036003C003E003300318079C00000E5
:105BC0000000000000000000000000007E0018003F
:105BD0001800180018001840184018407FC0000036
:105BE000000000000000000000000000E0E060C0D5
:105BF00071C07BC06AC06EC064C060C0FBE00000C2
:105C000000000000000000000000000073C03180B0
:105C100039803D8035803780338031807980000045
:105C20000000000000000000000000001F003180A4
:105C300060C060C060C060C060C031801F000000F4
:105C40000000000000000000000000007F00318024
:105C50003180318031803F00300030007E00000014
:105C60000000000000000000000000001F00318064
:105C700060C060C060C060C060C031801F000CC0E8
:105C80001F80000000000000000000007F00318045
:105C9000318031803E003300318031807CE0000073
:105CA0000000000000000000000000001F803180A4
:105CB000318038001F000380318031803F000000B8
:105CC0000000000000000000000000007F804C8009
:105CD0004C804C800C000C000C000C003F000000BD
:105CE0000000000000000000000000007BC03180C8
:105CF0003180318031803180318031801F0000005F
:105D00000000000000000000000000007BC03180A7
:105D100031801B001B001B000A000E000E0000005B
:105D2000000000000000000000000000FBE060C078
:105D300064C06EC06EC02A803B803B803180000012
:105D40000000000000000000000000007BC0318067
:105D50001B000E000E000E001B0031807BC00000F7
:105D600000000000000000000000000079E030C0EA
:105D700019800F0006000600060006001F800000C4
:105D80000000000000000000000000003F802180B3
:105D90002300060004000C00188030803F800000C3
:105DA0000000000000000000000007800600060060
:105DB00006000600060006000600060006000600B3
:105DC00007800000000000003000300018001800BC
:105DD0000C000C000600030003000180018000C0DD
:105DE00000C000000000000000001E0006000600C9
:105DF0000600060006000600060006000600060073
:105E00001E0000000000000004000A000A0011004B
:105E10002080208000000000000000000000000042
:105E20000000000000000000000000000000000072
:105E30000000000000000000000000000000000062
:105E4000000000000000FFE0080004000200000065
:105E50000000000000000000000000000000000042
:105E60000000000000000000000000000000000032
:105E70001F00018001801F80318033801DC0000021
:105E80000000000000000000000070003000300042
:105E90003700398030C030C030C039807700000012
:105EA00000000000000000000000000000000000F2
:105EB0001E80318060806000608031801F000000A3
:105EC000000000000000000000000380018001804D
:105ED0001D80338061806180618033801DC000003F
:105EE00000000000000000000000000000000000B2
:105EF0001F00318060C07FC0600030C01F80000084
:105F00000000000000000000000007E00C000C0092
:105F10003F800C000C000C000C000C003F800000C7
:105F20000000000000000000000000000000000071
:105F30001DC0338061806180618033801D8001805D
:105F400001801F00000000000000700030003000E1
:105F50003700398031803180318031807BC0000052
:105F60000000000000000000000006000600000025
:105F70001E00060006000600060006003FC00000E6
:105F80000000000000000000000006000600000005
:105F90003F000300030003000300030003000300AD
:105FA00003003E00000000000000700030003000E0
:105FB000378036003C003C003600330077C00000DC
:105FC000000000000000000000001E0006000600A7
:105FD0000600060006000600060006003FC000009E
:105FE00000000000000000000000000000000000B1
:105FF0007F8036C036C036C036C036C076E000007E
:106000000000000000000000000000000000000090
:106010007700398031803180318031807BC0000051
:106020000000000000000000000000000000000070
:106030001F00318060C060C060C031801F00000060
:106040000000000000000000000000000000000050
:106050007700398030C030C030C039803700300020
:1060600030007C0000000000000000000000000084
:106070001DC0338061806180618033801D8001801C
:10608000018007C0000000000000000000000000C8
:106090007B801CC018001800180018007F0000004A
:1060A00000000000000000000000000000000000F0
:1060B0001F8031803C001F00038031803F000000C2
:1060C0000000000000000000000018001800180088
:1060D0007F00180018001800180018800F0000003A
:1060E00000000000000000000000000000000000B0
:1060F0007380318031803180318033801DC0000059
:10610000000000000000000000000000000000008F
:106110007BC0318031801B001B000E000E00000090
:10612000000000000000000000000000000000006F
:10613000F1E060C064C06EC03B803B8031800000F5
:10614000000000000000000000000000000000004F
:106150007BC01B000E000E000E001B007BC0000069
:10616000000000000000000000000000000000002F
:1061700079E030C0198019800B000F00060006007E
:106180000C003E00000000000000000000000000C5
:106190003F80218003000E00180030803F80000007
:1061A0000000000000000000000006000C000C00D1
:1061B0000C000C000C0018000C000C000C000C0073
:1061C00006000000000000000000060006000600B7
:1061D000060006000600060006000600060006008F
:1061E000060000000000000000000C000600060091
:1061F0000600060006000300060006000600060072
:106200000C00000000000000000000000000000082
:1062100000001800248003000000000000000000BF
:10622000000000000000000000000000000000006E
:10623000000000000000000000000000000000005E
:10624000000000000000000000000000000000004E
:10625000000000000000000000000000000000003E
:10626000000000000000000000000000000000002E
:106270000000000000000380000380000380000392
:1062800080000380000380000380000380000380FF
:106290000001000001000000000000000003800079
:1062A000038000000000000000000000000000006B
:1062B00000000000000000000000000000000000DE
:1062C000000E70000E70000E70000420000420000C
:1062D0000420000420000000000000000000000076
:1062E00000000000000000000000000000000000AE
:1062F000000000000000000000000000000000009E
:106300000000000000000660000660000660000655
:1063100060000660003FF8003FF8000660000CC017
:10632000003FF8003FF8000CC0000CC0000CC0009B
:106330000CC0000CC00000000000000000000000C5
:10634000000000000000000000000001800001804B
:106350000007B0000FF0001870001870001C00005B
:106360000F800007E00000F0001830001C30001C17
:1063700070001FE0001BC000018000018000018050
:10638000000180000000000000000000000000008C
:106390000000000000000780000FC0001CE0001893
:1063A00060001860001CE0000FF80007E0001FF01C
:1063B0000007380006180006180007380003F00030
:1063C00001E00000000000000000000000000000EC
:1063D00000000000000000000000000000000000BD
:1063E0000000000003F00007F0000C60000C00004B
:1063F0000C00000600000700000F9C001DFC0018A8
:10640000F0001870000FFC0007DC00000000000026
:10641000000000000000000000000000000000007C
:106420000000000000000000000380000380000363
:1064300080000100000100000100000100000000D8
:10644000000000000000000000000000000000004C
:10645000000000000000000000000000000000003C
:106460000000000000000000000000000000001814
:106470000000380000700000F00000E00000E000C4
:1064800001C00001C00001C00001C00001C0000146
:10649000C00000E00000E000007000007000003864
:1064A00000001800000000000000000000000000D4
:1064B0000000000000001800001C00000E00000E8C
:1064C0000000070000070000038000038000038035
:1064D0000003800003800003800007000007000025
:1064E0000F00000E00001C0000180000000000005B
:1064F000000000000000000000000000000001801B
:10650000000180000180001DB8001FF80007E000B6
:1065100003C00003C0000660000660000000000029
:10652000000000000000000000000000000000006B
:10653000000000000000000000000000000000005B
:1065400000000000000000000000000001800001C9
:1065500080000180000180000180003FFC003FFCC2
:1065600000018000018000018000018000018000A6
:10657000000000000000000000000000000000001B
:10658000000000000000000000000000000000000B
:1065900000000000000000000000000000000000FB
:1065A00000000000000000000000000000000000EB
:1065B000000000E00000C00001C000018000018078
:1065C00000030000030000000000000000000000C5
:1065D00000000000000000000000000000000000BB
:1065E00000000000000000000000001FF8001FF87D
:1065F000000000000000000000000000000000009B
:10660000000000000000000000000000000000008A
:10661000000000000000000000000000000000007A
:10662000000000000000000000000000000000006A
:10663000000000000000000000000000000000005A
:10664000000003C00003C00003C000000000000001
:10665000000000000000000000000000000000003A
:106660000018000018000038000030000070000022
:10667000600000600000C00000C0000180000180D8
:10668000000300000300000600000600000E0000EA
:106690000C00001C000018000018000000000000A2
:1066A000000000000000000000000000000003C027
:1066B0000007E0000C30000C30001818001818001B
:1066C0001818001818001818001818001818000CCE
:1066D00030000C300007E00003C0000000000000A4
:1066E00000000000000000000000000000000000AA
:1066F0000000000000000080000780001F80001DD7
:106700008000018000018000018000018000018084
:10671000000180000180000180000180001FF8005E
:106720001FF8000000000000000000000000000052
:10673000000000000000000000000000000007C092
:10674000001FF0003830003018003018000018002A
:1067500000300000600001C0000380000600000C53
:1067600000001800003FF8003FF8000000000000A3
:106770000000000000000000000000000000000019
:1067800000000000000003C0000FE0000C700000DB
:10679000300000300000600003C00003E000007023
:1067A000000018000018000018001838001FF00042
:1067B0000FC000000000000000000000000000000A
:1067C000000000000000000000000000000000E0E9
:1067D0000001E00001E000036000066000066000C8
:1067E0000C60000C60001860003060003FF8003F53
:1067F000F80000600003F80003F80000000000004B
:106800000000000000000000000000000000000088
:106810000000000000001FF0001FF000180000182A
:1068200000001800001BC0001FF0001C3000001802
:10683000000018000018000018003030003FF00081
:106840000FC0000000000000000000000000000079
:10685000000000000000000000000000000000F840
:106860000003F8000700000E00000C0000180000F4
:106870001BC0001FF0001C3000181800181800186A
:1068800018000C38000FF00003E0000000000000CA
:1068900000000000000000000000000000000000F8
:1068A0000000000000001FF8001FF8001818001872
:1068B0003800003000003000007000006000006010
:1068C0000000E00000C00000C00001C00001800026
:1068D0000180000000000000000000000000000037
:1068E000000000000000000000000000000007E0C1
:1068F000000FF0001C38001818001818000C3000A9
:1069000007E00007E0000C30001818001818001805
:1069100018001C38000FF00007E000000000000025
:106920000000000000000000000000000000000067
:1069300000000000000007C0000FF0001C3000182D
:1069400018001818001818000C38000FF80003D8A9
:106950000000180000300000700000E0001FC000C0
:106960001F00000000000000000000000000000008
:106970000000000000000000000000000000000017
:106980000000000000000000000003C00003C00081
:1069900003C0000000000000000000000000000034
:1069A000000003C00003C00003C00000000000009E
:1069B00000000000000000000000000000000000D7
:1069C00000000000000000000000000000000000C7
:1069D000000000F00000F00000F0000000000000E7
:1069E0000000000000000000E00001C00001800085
:1069F0000180000300000200000000000000000011
:106A00000000000000000000000000000000000086
:106A100000000000001C00003C0000F00003C0006B
:106A20000F00003C0000F000003C00000F000003DD
:106A3000C00000F000003C00001C0000000000004E
:106A40000000000000000000000000000000000046
:106A50000000000000000000000000000000000036
:106A600000000000007FFC007FFC00000000000030
:106A7000007FFC007FFC0000000000000000000020
:106A80000000000000000000000000000000000006
:106A900000000000000000000000000000000000F6
:106AA000000000007000007800001E000007800059
:106AB00001E000007800001E0000780001E00007FF
:106AC00080001E0000780000700000000000000040
:106AD00000000000000000000000000000000000B6
:106AE00000000000000000000007C0000FE00018D8
:106AF000700018300018300000700000E00003C083
:106B000000038000030000000000000000070000F8
:106B1000070000000000000000000000000000006E
:106B2000000000000000000000000000000003E082
:106B30000007F0000E38000C180018780018F80054
:106B400019D80019980019980019980018F8001819
:106B500078001800000C00000E180007F80003E091
:106B60000000000000000000000000000000000025
:106B70000000000000000000001F80001FC0000196
:106B8000C0000360000360000630000630000C30D7
:106B9000000FF8001FF800180C00300C00FC7F00FC
:106BA000FC7F00000000000000000000000000006A
:106BB00000000000000000000000000000000000D5
:106BC000007FE0007FF00018380018180018180047
:106BD0001838001FF0001FF800181C00180C0018CF
:106BE0000C00180C007FF8007FF00000000000008F
:106BF0000000000000000000000000000000000095
:106C000000000000000000000003EC000FFC001C6E
:106C10001C00180C00300C00300000300000300068
:106C200000300000300000180C001C1C000FF800A1
:106C300003F0000000000000000000000000000061
:106C40000000000000000000000000000000000044
:106C5000007FC0007FF000183800181800180C00E2
:106C6000180C00180C00180C00180C00180C001858
:106C700018001838007FF0007FE0000000000000DE
:106C80000000000000000000000000000000000004
:106C90000000000000000000007FF8007FF80018EE
:106CA00018001818001998001980001F80001F8014
:106CB000001980001998001818001818007FF800B3
:106CC0007FF800000000000000000000000000004D
:106CD00000000000000000000000000000000000B4
:106CE000003FFC003FFC000C0C000C0C000CCC0026
:106CF0000CC0000FC0000FC0000CC0000CC0000C86
:106D000000000C00003FC0003FC000000000000079
:106D10000000000000000000000000000000000073
:106D200000000000000000000003EC000FFC001C4D
:106D30001C00180C00300C0030000030000030FE49
:106D40000030FE00300C00380C001C1C000FFC0052
:106D500003F0000000000000000000000000000040
:106D60000000000000000000000000000000000023
:106D7000007E7E007E7E001818001818001818008B
:106D80001818001FF8001FF800181800181800182D
:106D900018001818007E7E007E7E000000000000B3
:106DA00000000000000000000000000000000000E3
:106DB0000000000000000000001FF8001FF80001A4
:106DC00080000180000180000180000180000180BE
:106DD000000180000180000180000180001FF80098
:106DE0001FF800000000000000000000000000008C
:106DF0000000000000000000000000000000000093
:106E00000007FE0007FE00003000003000003000E8
:106E100000300000300030300030300030300030C2
:106E200030003060003FE0000F80000000000000F4
:106E30000000000000000000000000000000000052
:106E40000000000000000000007F3E007F3E0018B0
:106E5000300018600018C0001980001B80001FC09F
:106E6000001CE0001870001830001838007F1F0068
:106E70007F1F000000000000000000000000000074
:106E80000000000000000000000000000000000002
:106E9000007F80007F80000C00000C00000C0000D0
:106EA0000C00000C00000C00000C0C000C0C000C82
:106EB0000C000C0C007FFC007FFC000000000000B8
:106EC00000000000000000000000000000000000C2
:106ED000000000000000000000F00F00F81F003864
:106EE0001C003C3C003C3C00366C00366C0033CC53
:106EF0000033CC00318C00300C00300C00FE7F00E1
:106F0000FE7F000000000000000000000000000004
:106F10000000000000000000000000000000000071
:106F20000078FE0078FE001C18001E18001F1800D4
:106F30001B18001B980019D80018D80018F8001862
:106F400078001838007F18007F180000000000004B
:106F50000000000000000000000000000000000031
:106F600000000000000000000003C0000FF0001C43
:106F70003800181800381C00300C00300C00300CA1
:106F800000300C00381C001818001C38000FF000EE
:106F900003C000000000000000000000000000002E
:106FA00000000000000000000000000000000000E1
:106FB000003FF0003FF8000C1C000C0C000C0C0013
:106FC0000C0C000C18000FF8000FE0000C00000C77
:106FD00000000C00003FC0003FC0000000000000A7
:106FE00000000000000000000000000000000000A1
:106FF00000000000000000000003C0000FF0001CB3
:107000003800181800381C00300C00300C00300C10
:1070100000300C00381C001818001C38000FF0005D
:1070200007C00007CC000FFC000C38000000000077
:107030000000000000000000000000000000000050
:10704000007FE0007FF000183800181800181800C2
:107050001838001FF0001FC00018E000187000185A
:1070600030001838007F1E007F0E00000000000076
:107070000000000000000000000000000000000010
:1070800000000000000000000007D8000FF8001CFE
:1070900038001818001818001E00000FC00003F078
:1070A000000078001818001818001C38001FF000A5
:1070B0001BE00000000000000000000000000000D5
:1070C00000000000000000000000000000000000C0
:1070D000003FFC003FFC00318C00318C00318C0003
:1070E000318C0001800001800001800001800001DE
:1070F00080000180000FF0000FF000000000000091
:10710000000000000000000000000000000000007F
:107110000000000000000000007E7E007E7E00185F
:107120001800181800181800181800181800181857
:10713000001818001818001818000C30000FF00084
:1071400003C000000000000000000000000000007C
:10715000000000000000000000000000000000002F
:10716000007F7F007F7F00180C000C18000C1800B7
:107170000C180006300006300003600003600003B6
:10718000600001C00001C00000800000000000009D
:1071900000000000000000000000000000000000EF
:1071A000000000000000000000FE3F80FE3F803035
:1071B000060030060030860019CC0019CC001B6C8C
:1071C000001B6C001E7C000E38000E38000C1800EE
:1071D0000C1800000000000000000000000000008B
:1071E000000000000000000000000000000000009F
:1071F000007E7E007E7E001818000C3000066000C5
:1072000003C00001800001800003C0000660000C84
:1072100030001818007E7E007E7E00000000000016
:10722000000000000000000000000000000000005E
:107230000000000000000000007C7E007C7E001842
:1072400018000C300006600006600003C0000180DA
:10725000000180000180000180000180000FF0002B
:107260000FF000000000000000000000000000001F
:10727000000000000000000000000000000000000E
:10728000001FF8001FF800181800183000186000E0
:1072900018C0000180000300000618000C18001838
:1072A00018003018003FF8003FF800000000000010
:1072B00000000000000000000000000000000000CE
:1072C00000000000000001F00001F000018000015A
:1072D00080000180000180000180000180000180A9
:1072E0000001800001800001800001800001800019
:1072F00001800001800001F00001F00000000000AA
:1073000000000000000000001800001800001C0031
:10731000000C00000E000006000006000003000044
:1073200003000001800001800000C00000C00000D8
:10733000600000600000700000300000380000189D
:107340000000180000000000000000000000000025
:107350000000000000000F80000F8000018000018D
:107360008000018000018000018000018000018018
:107370000001800001800001800001800001800088
:107380000180000180000F80000F800000000000DD
:10739000000000000000000000000000800001C0AC
:1073A0000003E0000770000630000C1800180C0005
:1073B00010040000000000000000000000000000B9
:1073C00000000000000000000000000000000000BD
:1073D00000000000000000000000000000000000AD
:1073E000000000000000000000000000000000009D
:1073F000000000000000000000000000000000008D
:10740000000000000000000000000000000000007C
:10741000000000000000000000000000000000006C
:107420000000FFFF00FFFF000000000300000380DA
:107430000000E0000060000000000000000000000C
:10744000000000000000000000000000000000003C
:10745000000000000000000000000000000000002C
:10746000000000000000000000000000000000001C
:10747000000000000000000000000000000000000C
:1074800000000FC0001FE00000300000300007F0D7
:10749000001FF0003830003030003070001FFC005A
:1074A0000FBC000000000000000000000000000011
:1074B0000000000000000000000000000000780054
:1074C000007800001800001800001BE0001FF80002
:1074D0001C1800180C00180C00180C00180C0018D0
:1074E0000C001C18007FF8007BE00000000000008A
:1074F000000000000000000000000000000000008C
:10750000000000000000000000000000000000007B
:10751000000003EC000FFC001C1C00380C00300CB9
:1075200000300000300000380C001C1C000FF80078
:1075300003F0000000000000000000000000000058
:1075400000000000000000000000000000000078C3
:107550000000780000180000180007D8001FF8008D
:10756000183800301800301800301800301800307B
:1075700018001838001FFE0007DE000000000000A1
:1075800000000000000000000000000000000000FB
:1075900000000000000000000000000000000000EB
:1075A000000007E0001FF800181800300C003FFC36
:1075B000003FFC00300000300000180C001FFC00F1
:1075C00007F00000000000000000000000000000C4
:1075D000000000000000000000000000000001FCAE
:1075E0000003FC000600000600003FF8003FF80022
:1075F0000600000600000600000600000600000667
:1076000000000600003FF0003FF000000000000016
:10761000000000000000000000000000000000006A
:10762000000000000000000000000000000000005A
:10763000000007DE001FFE00183800301800301868
:10764000003018003018003018001838001FF800FB
:1076500007D8000018000018000038000FF0000FD5
:10766000C0000000000000000000000000007800E2
:10767000007800001800001800001BE0001FF00058
:107680001C380018180018180018180018180018CE
:1076900018001818007E7E007E7E000000000000AA
:1076A00000000000000000000000000000000000DA
:1076B00000000000000001800001800000000000C8
:1076C00000001F80001F80000180000180000180F9
:1076D000000180000180000180000180003FFC006B
:1076E0003FFC00000000000000000000000000005F
:1076F000000000000000000000000000000000C0CA
:107700000000C0000000000000001FF0001FF0009B
:107710000030000030000030000030000030000079
:107720003000003000003000003000003000003039
:10773000000070001FE0001F80000000000000003B
:107740000000000000003C00003C00000C00000CA9
:1077500000000CF8000CF8000CC0000D80000F8039
:10776000000F00000F80000DC0000CE0003C7C000A
:107770003C7C000000000000000000000000000051
:1077800000000000000000000000000000001F805A
:10779000001F800001800001800001800001800046
:1077A0000180000180000180000180000180000153
:1077B00080000180003FFC003FFC00000000000052
:1077C00000000000000000000000000000000000B9
:1077D00000000000000000000000000000000000A9
:1077E0000000F77800FFFC0039CC00318C00318CB0
:1077F00000318C00318C00318C00318C00FDEF00A9
:10780000FDEF00000000000000000000000000008C
:107810000000000000000000000000000000000068
:10782000000000000000000000007BE0007FF0008E
:107830001C3800181800181800181800181800181C
:1078400018001818007E7E007E7E000000000000F8
:107850000000000000000000000000000000000028
:107860000000000000000000000000000000000018
:10787000000003C0000FF0001C3800381C00300C62
:1078800000300C00300C00381C001C38000FF000D9
:1078900003C0000000000000000000000000000025
:1078A00000000000000000000000000000000000D8
:1078B000000000000000000000007BE0007FF800F6
:1078C0001C1800180C00180C00180C00180C0018DC
:1078D0000C001C18001FF8001BE000180000180026
:1078E000001800007F00007F000000000000000082
:1078F0000000000000000000000000000000000088
:10790000000007DE001FFE00183800301800301895
:10791000003018003018003018001838001FF80028
:1079200007D80000180000180000180000FE000032
:10793000FE00000000000000000000000000000049
:10794000000000000000000000003E78003EFC0047
:1079500007CC000700000600000600000600000635
:1079600000000600003FF0003FF0000000000000B3
:107970000000000000000000000000000000000007
:1079800000000000000000000000000000000000F7
:10799000000007F8000FF8001818001818001F80E2
:1079A000000FF00000F8001818001838001FF00051
:1079B0001FE00000000000000000000000000000C8
:1079C00000000000000000000000000000000C00AB
:1079D000000C00000C00000C00003FF0003FF00025
:1079E0000C00000C00000C00000C00000C00000C4F
:1079F00000000C1C0007FC0003F000000000000069
:107A00000000000000000000000000000000000076
:107A10000000000000000000000000000000000066
:107A200000007878007878001818001818001818E6
:107A3000001818001818001818001838000FFE0059
:107A400007DE000000000000000000000000000051
:107A50000000000000000000000000000000000026
:107A6000000000000000000000007C3E007C3E00A2
:107A70001818001818000C30000C300006600006C2
:107A8000600007E00003C00003C000000000000029
:107A900000000000000000000000000000000000E6
:107AA00000000000000000000000000000000000D6
:107AB0000000783C00783C0031180033980033987F
:107AC000001AB0001EF0001EF0001C60000C6000E8
:107AD0000C6000000000000000000000000000003A
:107AE0000000000000000000000000000000000096
:107AF000000000000000000000003E7C003E7C0012
:107B00000C300006600003C00001800003C00006C6
:107B100060000C30003E7C003E7C00000000000055
:107B20000000000000000000000000000000000055
:107B30000000000000000000000000000000000045
:107B400000007E1F007E1F00180C000C18000C188F
:107B50000006300006300003600003E00001C000B2
:107B600000C0000180000180000300003FC0003F12
:107B7000C000000000000000000000000000000045
:107B8000000000000000000000001FF8001FF800C7
:107B900018300018600000C00001800003000006DB
:107BA00018000C18001FF8001FF80000000000006B
:107BB00000000000000000000000000000000000C5
:107BC00000000000000000E00001E0000180000172
:107BD000800001800001800001800001800003809E
:107BE0000007000003800001800001800001800088
:107BF00001800001800001E00000E00000000000C2
:107C000000000000000000000000000000000180F3
:107C100000018000018000018000018000018000DF
:107C200001800001800001800001800001800001CE
:107C3000800001800001800001800001800001803F
:107C400000018000000000000000000000000000B3
:107C50000000000000000700000780000180000114
:107C6000800001800001800001800001800001C0CF
:107C70000000E00001C000018000018000018000E0
:107C80000180000180000780000700000000000064
:107C900000000000000000000000000000000000E4
:107CA00000000000000000000000000000000000D4
:107CB0000E00001F18003BB80031F00000E000008B
:107CC00000000000000000000000000000000000B4
:107CD00000000000000000000000000000000000A4
:107CE000C605000000B10000F506000000B6000067
:107CF000C5660000CF0000002C0000002900000035
:107D00005EFF000055020000532C0000517F000070
:107D1000366000003A7700003A550000110000007C
:107D200000F0000000E000000090000000D0000023
:107D300000C0000000B0000000A0000000A600008D
:107D4000C10E0000C4830000C58300000082000053
:107D5000C01B000000A30000C53300000094000019
:107D600000950000C501000000920000C10800005D
:107D700000A10000C166000000810000D94E000093
:107D8000C050000000B40000C534000000910000A5
:107D9000C5A9000000B10000C4400000008A000036
:107DA000C43000000080000000000000000001DF7F
:107DB0002B0000000000031F2A000000FFFFFFFF50
:107DC000260000000000000000000000000000CCC1
:107DD0000000000000000000000000250B0901CC9D
:107DE00000250C0A022600000000CC00250000003F
:107DF0000000000000000000000000CC00000000B7
:107E000000000000000000260A0C02CC0026090B2E
:107E1000012500000000CC00FFFFFFFFFFFFFFFF78
:107E2000FFFFCB0000000000000000000000CB00BE
:107E3000000000000000040404040400000000CB63
:107E4000000404040404000000000000000000CB53
:107E500000000000000000000000CB000000000057
:107E60000000000000000000000000CB0000000047
:107E70000000000000000000000000CB0000000037
:107E8000000000000000CB000101202000000102E2
:107E90000000CF001802033B0000001801033C0063
:107EA0000000CE00180403390000001803033A0054
:107EB0000000CE00850100840100CE000001B30067
:107EC0007979D80000090F0E07100B0A04070B0878
:107ED0000F100A01E200000000090F0E07100B0A44
:107EE00004070B080F100A01E10000008009FF00E1
:107EF000800901FF55AA520801F0000001020202A8
:107F0000B80000000050BE0055AA520800F0000062
:107F1000FC00B1000000B700000001DF2A000000F3
:107F20000000031F2B0000000000031F2A000000B8
:107F3000000001DF2B0000004D617070657220238E
:107F4000256420697320756E737570706F72746527
:107F5000642E0A0000000000898300080100000070
:107F60002D7A0108020000009D8400080300000033
:107F700079850008040000009180010806000000D7
:107F80008186000807000000C5870008080000007F
:107F900091880008090000008D8900080A0000008F
:107FA000B18A00080B0000007DF400080D000000FD
:107FB000D18B00080F000000E58C000810000000C5
:107FC000B18D000811000000B98E000812000000F9
:107FD000D58F000815000000E5900008160000008D
:107FE0000192000817000000059300081800000027
:107FF0003994000819000000159500081A000000C7
:1080000001960008200000001597000821000000DC
:10801000219800082200000055990008280000005F
:10802000599A000829000000699B00082A000000F6
:10803000659C00082B000000699D00082C000000D2
:10804000658701082E000000958B01082F000000B5
:10805000318E0108300000007D9E000831000000D4
:10806000999F00083200000009A1000833000000B9
:10807000699601083900000069A200083A00000072
:1080800065A300083C00000059A400083D00000062
:1080900055A500083E00000031A600084000000081
:1080A0002DA700084100000041A800084200000080
:1080B00045A900084300000039AA00084400000058
:1080C00099AB0008450000007DAC000846000000A8
:1080D00091AD0008470000006DAE000848000000A8
:1080E00049AF0008490000004DB000084A000000F8
:1080F000499B01084B00000039B100084C0000000A
:1081000049B200084D0000004DB300084E000000C9
:1081100021B400084F00000025B500085000000001
:1081200021B6000852000000F123010853000000AE
:1081300025B70008560000009DB800085700000051
:1081400099B900085800000095BA000859000000CD
:1081500099BB00085A0000009DBC00085B000000AD
:10816000AD2B01085C00000031BE00085D0000007E
:1081700035BF00085E00000039C000085F00000045
:1081800069A601086000000035A90108610000002F
:1081900015C100086300000019C200086400000057
:1081A0003DAC01086500000039C30008690000000B
:1081B0002DC400086B00000031C500086C000000F1
:1081C00035C600086D000000D9B101086E0000003E
:1081D0005DC700087000000069B50108710000006B
:1081E00069C8000872000000BDB9010873000000F2
:1081F00059BF01087400000041C401087500000067
:1082000065C9000876000000C9C8010877000000B1
:108210006DCF01087A00000081CA000885000000C7
:108220004DCB00088600000049CC00088700000004
:108230001DD301088C00000045CD00089700000008
:1082400041CE0008A000000045CF0008B4000000A7
:1082500041D00008B50000003DD10008B600000084
:1082600039D20008B700000055D30008B90000005B
:1082700081D40008BB000000E9D50108BC00000063
:1082800061D50008BD0000004DD60008BF00000009
:1082900095DB0108C100000069D70008C20000009A
:1082A00075D80008C800000059D90008C9000000AE
:1082B0004DDA0008CA00000041DB0008DE000000C3
:1082C00059380108E100000041DC0008E20000002C
:1082D0003DDD0008E300000015DE0008E4000000BA
:1082E000D9DE0008E5000000D5DF0008E600000048
:1082F000D1E00008E7000000D9E10008E800000034
:10830000D5E20008E9000000B9E30008EA00000037
:1083100085E40008EB0000005DE50008EC000000CB
:108320003DE60008F000000029E70008F100000029
:108330002DE80008F200000029E90008F300000021
:10834000F5E90008F4000000F9EA0008F500000073
:10835000C5EB0008F600000031ED0008F800000051
:1083600091E00108F90000000DEE0008FB0000009C
:10837000A54A0108FC00000069EF0008FF000000AA
:10838000A14B0108FFFFFFFF00000000656D626563
:10839000646465640000000053757065724D61721D
:1083A000696F00000000000000000000B0840208B7
:1083B00079696E677A69636875616E7368756F0055
:1083C00000000000C42403084E45532046343639CB
:1083D0000000000055534552000000003D2053545A
:1083E000415254005453204552524F520000000055
:1083F000555000003C0000003E000000444E0000CC
:1084000053454C4543540000420000004100000029
:1084100053544152540000003000940030003C009E
:1084200010000000F08302080000D40030003C007F
:1084300040000000F48302086000D40030003C00DB
:1084400080000000F88302083000140130003C0076
:1084500020000000FC8302080C0082017800360036
:1084600004000000008402089C0296007800460088
:1084700002000000088402089C02EE00780046001A
:10848000010000000C8402089C0282017800360082
:10849000080000001084020800000000010203042C
:1084A00000000000000000000102030406070809A4
:1084B0004E45531A020101000000000000000000B8
:1084C00078D8A9108D0020A2FF9AAD022010FBAD34
:1084D000022010FBA0FEA205BDD707C90AB00CCA36
:1084E00010F6ADFF07C9A5D002A0D620CC908D1103
:1084F000408D7007A9A58DFF078DA707A90F8D15C2
:1085000040A9068D012020208220198EEE7407AD2F
:108510007807098020ED8E4C578001A4C8EC10002C
:1085200041414C343C4454687CA8BFDEEF038C8C42
:108530008C8D0303038D8D8D8D8D8D8D8D8D8D8D0A
:108540000040AD7807297F8D7807297E8D0020AD0A
:10855000790729E6AC7407D005AD7907091E8D7936
:108560000729E78D0120AE0220A90020E68E8D03A9
:1085700020A9028D1440AE7307BD5A808500BD6DE1
:1085800080850120DD8EA000AE7307E006D001C813
:10859000BE8080A9009D00039D01038D7307AD7906
:1085A000078D012020D0F2205C8E20828120978FC1
:1085B000AD76074AB025AD4707F005CE4707D0197D
:1085C000A214CE7F071007A9148D7F07A223BD80B8
:1085D00007F003DE8007CA10F5E609A200A007AD88
:1085E000A70729028500ADA8072902450018F00158
:1085F000387EA707E888D0F9AD2207F01FAD02202A
:108600002940D0F9AD76074AB00620238220C681E2
:10861000AD02202940F0F9A01488D0FDAD3F078DB0
:108620000520AD40078D0520AD7807488D0020ADB1
:1086300076074AB003201282AD02206809808D00BF
:108640002040AD7007C902F00BC901D038AD7207E8
:10865000C903D031AD7707F004CE770760ADFC06D3
:108660002910F019AD76072980D01AA92B8D77072C
:10867000AD7607A8C884FA49010980D005AD760710
:10868000297F8D760760AC4E07A9288500A20EBD14
:10869000E406C500900FACE0061879E106900318D7
:1086A00065009DE406CA10E7AEE006E8E003D002EC
:1086B000A2008EE006A208A002B9E9069DF1061804
:1086C00069089DF2061869089DF306CACACA88108F
:1086D000E860AD700720048E3182DCAE8B83189287
:1086E000A0002CA004A9F8990002C8C8C8C8D0F7F7
:1086F00060AD720720048ECF8F678561904582043C
:108700002073010000A000ADFC060DFD06C910F0AD
:1087100004C990D0034CD882C920F01AAEA207D069
:108720000B8D8007206B83B0604CC082AEFC07F0DD
:108730004AC940D046C8ADA207F04EA9188DA2077D
:10874000AD8007D036A9108D8007C001F00EAD7A3C
:108750000749018D7A072025834CBB82AE6B07E861
:108760008A29078D6B07200E83BD3F829D0003E899
:10877000E00630F5AC5F07C88C0403A9008DFC0649
:1087800020EAAEA50EC906D044A9008D70078D72EF
:10879000078D2207EE740760ACA207F0EC0A900682
:1087A000ADFD07200E8320039CEE5D07EE6407EE0F
:1087B0005707EE7007ADFC078D6A07A9008D720799
:1087C0008DA207A217A9009DDD07CA10FA608D5F70
:1087D000078D6607A2008E60078E67076007224933
:1087E00083CE242400A007B91D839900038810F7C5
:1087F000AD7A07F00AA9248D0403A9CE8D06036083
:108800000180028141800142C2028041C141C10117
:10881000C1010280009B1018052C2024155A10203D
:10882000283020108020303001FF00AE1707AD182F
:1088300007D00DE8EE170738BD54838D1807F00AEE
:10884000BD3F838DFC06CE1807186020A083AD7253
:1088500007F007A20086082047C0202AF14CE9EE65
:10886000AD720720048EECCFB083BD83F6836184A4
:10887000AE1B07E88634A90885FC4C4E87A000840F
:1088800035A56DC534D006A586C960B003E635C8E8
:108890009820E6B0AD1A07C534F016AD6807186920
:1088A000808D6807A9016900A820C4AF206FAFE6DA
:1088B00035A535F06860AD4907D048AD1907F01807
:1088C000C909B03FAC5F07C007D009C9039034E9BC
:1088D000014C1884C902902BA8D008AD5307F0149E
:1088E000C8D011C8AD5F07C907F00988C004B02619
:1088F000C003B00FC003D004A90485FC9818690C0C
:108900008D7307AD49071869048D4907AD190769CB
:10891000008D1907C9079008A9068DA107EE7207F7
:1089200060ADA107D020AC5F07C007B01AA9008DC9
:1089300060078D5C078D7207EE5F0720039CEE5782
:1089400007A9018D700760ADFC060DFD062940F0FA
:108950000DA9018DFC07A9FF8D5A0720489260FFE1
:10896000FFF6FBF7FBF8FBF9FBFAFBF650F750F8C4
:1089700050F950FA50FDFEFF41424445483132342F
:10898000353800BD1001F0BEC90B9005A90B9D1034
:1089900001A8BD2C01D0049D100160DE2C01C92B63
:1089A000D01EC00BD007EE5A07A94085FEB9B78488
:1089B0004A4A4A4AAAB9B784290F9D34012027BCE4
:1089C000BCE506B516C912F022C90DF01EC905F0A6
:1089D00012C90AF016C90BF012C909B006B51EC9B2
:1089E00002B008AEEE03BCEC06A608BD1E01C91815
:1089F0009005E9019D1E01BD1E01E90820C1E5BDEC
:108A00001701990302186908990702A9029902023D
:108A1000990602BD10010AAABD9F84990102BDA05A
:108A200084990502A60860AD3C0720048E8B859BC7
:108A30008552865A8693869D88A8869D88E686BF3D
:108A400085E3854386FF8632874987202082201967
:108A50008EAD7007F032A2034CC585AD440748AD1A
:108A6000560748A9008D5607A9028D440720F185B5
:108A7000688D5607688D44074C458701020304AC96
:108A80004E07BEBB858E73074C458700090A04223A
:108A9000220F0F0F220F0F2216271822302719221C
:108AA000372716AC4407F006B9C7858D7307EE3C2F
:108AB00007AE0003A000AD5307F002A004AD5607B7
:108AC000C902D002A008A9038500B9D7859D040377
:108AD000C8E8C60010F4AE0003AC4407D003AC4EA7
:108AE00007B9CF859D0403A93F9D0103A9109D02ED
:108AF00003A9049D0303A9009D08038A1869078D33
:108B0000000360AD3307C901D005A90B8D73074C75
:108B10004587A9002008884C45872030BCAE00035B
:108B2000A9209D0103A9739D0203A9039D0303AC22
:108B30005F07C8989D0403A9289D0503AC5C07C87E
:108B4000989D0603A9009D07038A1869068D0003F6
:108B50004C4587AD5907F00AA9008D5907A9024C69
:108B6000C786EE3C074C4587AD7007F033C903F06C
:108B700022AD5207D02AAC4E07C003F005AD6907FD
:108B8000D01E20A4EFA90120088820A588A9008D67
:108B9000740760A9128DA007A9032008884C4E878E
:108BA000A9088D3C0760EE740720B092AD1F07D076
:108BB000F8CE1E071003EE3C07A9068D730760ADC3
:108BC0007007D04AA91E8D0620A9C08D0620A903D2
:108BD0008501A0008400AD0720AD07209100C8D01A
:108BE00002E601A501C904D0F0C03A90ECA9054CF9
:108BF0004C86AD7007D017A2009D00039D0004CAEB
:108C0000D0F7202583EE3C0760A9FA2036BCEE722F
:108C10000760204305160A1B121820520B20181B50
:108C2000150D24241D12160E2068050024242E295B
:108C300023C07FAA23C201EAFF21CD0724242924CF
:108C4000242424214B0920181B150D242428242218
:108C50000C472423DC01BAFF21CD05160A1B12188C
:108C6000220C071D12160E241E19FF21CD05160A0F
:108C70001B1218220B09100A160E24181F0E1BFFB8
:108C8000258415200E150C18160E241D1824200AF4
:108C90001B19242318170E2B26250124262D012409
:108CA0002635012427D946AA27E145AAFF151E1219
:108CB0001012040302002405240008070600000027
:108CC0002727464E59616E6E480AA8C004900CC012
:108CD000089002A008AD7A07D001C8BEFE87A000A8
:108CE000BD5287C9FFF007990103E8C8D0F2A90077
:108CF00099010368AAC904B049CAD023AD5A07181C
:108D00006901C90A9007E90AA09F8C08038D09032D
:108D1000AC5F07C88C1403AC5C07C88C160360AD4D
:108D20007A07F01DAD5307CAD009AC7007C003F035
:108D30000249014A900BA004B9ED879904038810F9
:108D4000F760E9040A0AAAA000BDF287991C03E8AB
:108D5000C8C8C8C8C00C90F1A92C4C3F86ADA0076C
:108D6000D00B202082A9078DA007EE3C0760AD261E
:108D70000729018505AC40038400AD210799420312
:108D8000AD2007994103A99A994303A9008504AA34
:108D90008601BDA10629C085030A2A2AA8B9088B25
:108DA0008506B90C8B8507BDA1060A0A8502AD1F91
:108DB00007290149010A6502A8A600B1069D4403DE
:108DC000C8B1069D4503A404A505D00EA5014AB06F
:108DD000192603260326034C3089A5014AB00F4605
:108DE000034603460346034C308946034603E60424
:108DF000B9F903050399F903E600E600A601E8E0E6
:108E00000D908DA400C8C8C8A9009941038C4003E7
:108E1000EE2107AD2107291FD00DA9808D2107ADB7
:108E2000200749048D20074CBD89AD2107291F3833
:108E3000E904291F8501AD2007B00249042904096E
:108E4000238500A5014A4A69C08501A200AC400300
:108E5000A500994103A5011869089942038501BD40
:108E6000F903994403A9019943034A9DF903C8C82A
:108E7000C8C8E8E00790D99941038C4003A9068D42
:108E80007307602727271707173F0C04FFFFFFFF13
:108E9000000F07120F0F07170F0F07171C0F0717E9
:108EA00000A5092907D051AE0003E031B04AA8B9A6
:108EB000C9899D0103E8C8C00890F4AE0003A90366
:108EC0008500AD4E070A0AA8B9D1899D0403C8E8F8
:108ED000C60010F4AE0003ACD406B9C3899D0503E7
:108EE000AD00031869078D0003EED406ADD406C9A2
:108EF000069005A9008DD40660454547474747477A
:108F0000475758595A2424242426262626A041A906
:108F100003AE4E07D002A90420978AA9068D7307D5
:108F200060206D8AEEF003DEEC0360A900A003C9A7
:108F300000F014A000C958F00EC951F00AC8C95D6C
:108F4000F005C952F001C898AC0003C820978A8880
:108F50009818690A4C3F86860084010A0AAAA02054
:108F6000A506C9D09002A0248403290F0A8504A96C
:108F7000008505A5021869200A26050A260565044C
:108F80008504A50569001865038505A401BD398A16
:108F9000990303BD3A8A990403BD3B8A990803BD2E
:108FA0003C8A990903A504990103186920990603CD
:108FB000A505990003990503A902990203990703DE
:108FC000A900990A03A6006010AC648C8B8B8C8C72
:108FD000242424242727272724242435362537250D
:108FE00024382424243030262626342624312432E2
:108FF00033262433342626262626262624C024C0BB
:10900000247F7F24B8BAB9BBB8BCB9BDBABCBBBD5C
:109010006064616562666367606461656266636718
:109020006868696926266A6A4B4C4D4E4D4F4D4F14
:109030004D4E50516B702C2D6C716D726E736F7440
:10904000868A878B888C888C898D69698E918F92AE
:109050002693269390946969A4E9EAEB24242424B6
:10906000242F243DA2A2A3A324242424A2A2A3A3A8
:109070009924992424A23E3F5B5C24A32424242425
:109080009D479E4747472727474747472727474743
:10909000A947AA479B279C27272727275252525286
:1090A00080A081A1BEBEBFBF75BA76BBBABABBBB3A
:1090B000454745474747474745474547B4B6B5B78E
:1090C0004547454745474547454745474547454740
:1090D0004547454747474747474747474747474724
:1090E0004747474747474747242424242424242428
:1090F000ABACADAE5D5E5D5EC124C124C6C8C7C960
:10910000CACCCBCD2A2A40402424242424472447F7
:109110008283848524472447868A878B8E918F9209
:10912000242F243D2424243536253725243824248F
:10913000242439243A243B243C2424244126412657
:1091400026262626B0B1B2B377797779535554568F
:1091500053555456A5A7A6A8C2C4C3C55759585AB3
:109160007B7D7C7E3F00200F1512250F3A1A0F0FD2
:1091700030120F0F27120F221627180F1030270F4B
:109180001630270F0F3010003F00200F291A0F0F45
:1091900036170F0F30210F0F27170F0F1627180F35
:1091A0001A30270F1630270F0F3617003F00200FF9
:1091B000291A090F3C1C0F0F30211C0F27171C0FF9
:1091C0001627180F1C36170F1630270F0C3C1C00E3
:1091D0003F00200F3010000F3010000F3016000F2E
:1091E0002717000F1627180F1C36170F1630270FDA
:1091F000003010003F000422300010003F00040F38
:10920000300010003F00042227160F003F14040F07
:109210001A3027002548101D110A17142422181E81
:1092200024160A1B12182B002548101D110A1714AA
:109230002422181E24151E1210122B0025C5160BF1
:109240001E1D24181E1B24191B12170C0E1C1C2477
:10925000121C24121726050F0A17181D110E1B24A5
:109260000C0A1C1D150E2B0025A71322181E1B24EB
:109270001A1E0E1C1D24121C24181F0E1BAF0025C5
:10928000E31B200E24191B0E1C0E171D2422181E72
:10929000240A24170E20241A1E0E1C1DAF00264A75
:1092A0000D191E1C11240B1E1D1D1817240B002642
:1092B00088111D18241C0E150E0C1D240A242018BC
:1092C0001B150D000AA8688504688505C8B10485CA
:1092D00006C8B10485076C0600AD0220AD78070909
:1092E0001029F020ED8EA924202D8EA9208D062096
:1092F000A9008D0620A204A0C0A9248D072088D033
:10930000FACAD0F7A0408A8D00038D01038D072093
:1093100088D0FA8D3F078D40074CE68EA9018D1647
:10932000404AAA8D1640206A8EE8A00848BD164023
:1093300085004A05004A682A88D0F19DFC06482924
:10934000303D4A07F0076829CF9DFC0660689D4ABA
:1093500007608D0620C8B1008D0620C8B1000A48FC
:10936000AD78070904B00229FB20ED8E680A90034E
:109370000902C84A4AAAB001C8B1008D0720CAD064
:10938000F5389865008500A90065018501A93F8D24
:109390000620A9008D06208D06208D0620AE022015
:1093A000A000B100D0AC8D05208D0520608D00207F
:1093B0008D780760F006620662066D026D027A0320
:1093C000060C12181E24850020118FA5004A4A4A57
:1093D0004A186901290FC906B044480AA8AE00031B
:1093E000A920C000D002A9229D0103B9F48E9D02DC
:1093F00003B9F58E9D03038503860268AABD008F1D
:1094000038F9F58EA8A602B9D7079D0403E8C8C6A7
:1094100003D0F4A9009D0403E8E8E88E000360ADE2
:109420007007C900F016A205BD34011879D70730BE
:1094300016C90AB01999D70788CA10ECA900A20664
:109440009D3301CA10FA60DE3301A909D0E738E97B
:109450000AFE33014C758FA205209E8FA20BA0053A
:1094600038BDDD07F9D707CA8810F6900EE8C8BDE9
:10947000DD0799D707E8C8C00690F460043048605B
:109480007890A8C0D8E824F8FC282C18FF2358A00E
:109490006F20CC90A01F99B0078810FAA9188DA250
:1094A0000720039CA04B20CC90A221A9009D8007FF
:1094B000CA10FAAD5B07AC5207F003AD51078D1A25
:1094C000078D25078D28072038B0A0202901F0023C
:1094D000A0248C2007A0808C21070A0A0A0A8DA0EC
:1094E00006CE3007CE3107CE3207A90B8D1E0720DE
:1094F000229CAD6A07D010AD5F07C904900CD0075D
:10950000AD5C07C9029003EECC06AD5B07F005A980
:10951000028D1007A98085FBA9018D7407EE7207E3
:1095200060A9018D57078D5407A9028D5A078D61D7
:1095300007A9008D7407A8990003C8D0FA8D5907B0
:109540008D69078D2807A9FF8DA003AD1A074E78F6
:109550000729016A2E780720ED90A9388DE306A926
:10956000488DE206A9588DE106A20EBDBC8F9DE490
:1095700006CA10F7A003B9CB8F9900028810F72014
:10958000AF9220AA92EE2207EE720760A207A9000E
:1095900085068607E001D004C060B002910688C04D
:1095A000FFD0F1CA10EC60020104081020AD700772
:1095B000F023AD5207C902F00DA005AD1007C90692
:1095C000F00EC907F00AAC4E07AD4307F002A00445
:1095D000B9E79085FB602818382808000020B050B3
:1095E0000000B0B0F00020000000000000200403E4
:1095F00002AD1A07856DA9288D0A07A90185338553
:10960000B5A900851DCE9004A0008C5B07AD4E0768
:10961000D001C88C0407AE1007AC5207F007C00198
:10962000F003BE1891B916918586BD1C9185CEBDFB
:1096300025918DC40320F185AC1507F01AAD5707AD
:10964000F015B92D918DF807A9018DFA074A8DF90A
:10965000078D57078D9F07AC5807F014A903851D88
:10966000A2002084BDA9F085D7A205A000201EB9C4
:10967000AC4E07D003200BB7A907850E6056406596
:1096800070664066406640666065700000EE740774
:10969000A9008D2207A98085FCCE5A07100BA900CE
:1096A0008D7207A9038D700760AD5F070AAAAD5CD4
:1096B000072902F001E8BCBD91AD5C074A98B004EF
:1096C0004A4A4A4A290FCD1A07F0049002A9008D90
:1096D0005B072082924C6492AD720720048E249224
:1096E00067853792A9008D3C078D2207A90285FC6A
:1096F000EE7407EE720760A9008D7407ADFC0629B1
:1097000010D005ADA007D039A98085FC20829290A9
:1097100013AD5F078DFD07A9000A8D72078DA007A5
:109720008D70076020039CA9018D5407EE5707A98F
:10973000008D47078D5607850E8D7207A9018D7024
:10974000076038AD7A07F021AD6107301CAD5307D3
:1097500049018D5307A206BD5A0748BD61079D5AAE
:1097600007689D6107CA10EF1860A9FF8DC90660E0
:10977000AC1F07D005A0088C1F07889820C892CE80
:109780001F07D003206A896020048EDB92AE88AE6A
:1097900088FC93DB92AE88AE88FC93EE2607AD265C
:1097A00007290FD0068D2607EE2507EEA006ADA0EF
:1097B00006291F8DA0066000306093000011121270
:1097C0001300005152530000000000000102020388
:1097D00000000000000091929300000000515253DD
:1097E00041424300000000009192978788899900C8
:1097F0000000111213A4A5A5A5A69798990102032C
:1098000000A4A5A60011121212130000000001020C
:10981000020300A4A5A5A600000011121213000067
:1098200000000000009C008BAAAAAAAA1112138BA8
:10983000009C9C00000102031112121300000000A2
:10984000AAAA9CAA008B00010203808300818400E5
:1098500082850002000003000004000000050607E6
:10986000060A0008094D00000D0F4E0E4E4E000D69
:109870001A86878787878787878787876969000030
:109880000000004547474747470000000000000030
:109890000000000000008687695452620000001832
:1098A000011807180F18FF18011F071F0F1F811F2E
:1098B00001008F1FF11FF918F118FF1FAD2807F0E5
:1098C00003200895A20CA9009DA106CA10FAAC427B
:1098D00007F042AD2507C903300538E90310F70A40
:1098E0000A0A0A79F6926D2607AABDFA92F026486E
:1098F000290F38E90185000A6500AA684A4A4A4AE0
:10990000A8A9038500BD8A9399A106E8C8C00BF0F9
:1099100004C600D0F0AE4107F013BCAD93A200B96D
:10992000B193F0039DA106C8E8E00DD0F2AC4E075C
:10993000D00CAD5F07C907D005A9624C8894B9D88F
:1099400093AC4307F002A9888507A200AD27070A58
:10995000A8B9DC938500C88401AD4307F00AE00094
:10996000F006A50029088500A000B98AC62400F0E9
:1099700005A5079DA106E8E00DF018AD4E07C90248
:10998000D008E00BD004A9548507C8C008D0DBA4D8
:1099900001D0BE200895ADA00620E19BA200A0004A
:1099A0008400BDA10629C00A2A2AA8BDA106D9049F
:1099B00095B002A900A400910698186910A8E8E0E3
:1099C0000D90DD60105188C0A2028608A9008D2983
:1099D00007AC2C07B1E7C9FDF04BBD30071046C8F6
:1099E000B1E70A900BAD2B07D006EE2B07EE2A0746
:1099F00088B1E7290FC90DD01BC8B1E7882940D02D
:109A00001CAD2B07D017C8B1E7291F8D2A07EE2BF5
:109A1000074C6E95C90ED005AD2807D008AD2A07B2
:109A2000CD250790062095954C7195EE2907208944
:109A300095A608BD30073003DE3007CA108CAD296B
:109A400007D085AD2807D08060EE2C07EE2C07A943
:109A5000008D2B0760BD30073003BC2D07A210B16D
:109A6000E7C9FDF0E3290FC90FF008A208C90CF0FF
:109A700002A2008607A608C90ED008A9008507A97A
:109A80002ED053C90DD01BA9228507C8B1E72940A4
:109A9000F063B1E7297FC94BD003EE4507293F4C5E
:109AA0001696C90CB027C8B1E72970D00BA9168546
:109AB00007B1E7290F4C16968500C970D00AB1E7A7
:109AC0002908F004A9008500A5004C1296C8B1E74A
:109AD00029704A4A4A4A8500BD30071042AD2A071C
:109AE000CD2507F011AC2C07B1E7290FC90ED00521
:109AF000AD2807D02160AD2807F00BA9008D2807FD
:109B00008D2907850860AC2C07B1E729F04A4A4A3D
:109B10004ACD2607D0DFAD2C079D2D07208995A5BE
:109B20000018650720048EE59840972E9A3E9AF219
:109B300099509A599AE598419BBA9779997C997F5F
:109B400099579968996B99D099D7990698B79AAB14
:109B50009894990E9B0E9B0E9B019B199B199B1928
:109B60009B149B199B6F98199AD39A82989E990976
:109B70009A0E9A019AF2960D970D972B972B972B89
:109B8000974596C596BC2D07C8B1E7482940D01225
:109B90006848290F8D27076829304A4A4A4A8D426A
:109BA0000760682907C90490058D4407A9008D4105
:109BB0000760A204AD5F07F008E8AC4E0788D0014B
:109BC000E88A8DD606200888A90D201697AD2307B0
:109BD00049018D2307608500A900A204B416C400C2
:109BE000D002950FCA10F560141718A600BD209773
:109BF000A005883007D91600D0F8A9008DCD0660E1
:109C0000AD330720048E4C977897699A20BB9BBD93
:109C10003007F01F1011989D3007AD25070D26075E
:109C2000F005A9164CB097A607A9179DA106A94C47
:109C30004CAA97A9184CB09720AC9B8406900CBDF9
:109C400030074A9D3607A9194CB097A91BBC3007AD
:109C5000F01EBD36078506A607A91A9DA106C406F3
:109C6000D02CE8A94F9DA106A950E8A00F4C7D9BE0
:109C7000A607A0004C7D9B42414320AC9BA000B0B6
:109C800007C8BD3007D001C8B9B7978DA1066000DD
:109C9000454545000048474600454949494547472D
:109CA0004A474747474B47474949494949474A4730
:109CB0004A47474B474B4747474747474A474A4723
:109CC0004A4B474B474B20BB9B8407A00420AF9BCC
:109CD0008A48BC3007A607A90B8506B9CF979DA176
:109CE00006E8A506F007C8C8C8C8C8C606E00BD075
:109CF000EA68AAAD2507F036BD3007C901F02AA4ED
:109D000007D004C903F022C902D02320CB9B4820EE
:109D10004A99689587AD2507956EA90195B6950F67
:109D2000A99095CFA931951660A0528CAB06602002
:109D3000BB9BBC3007A607A96B9DA106A96C9DA281
:109D40000660A00320AF9BA00A20B398B010A20623
:109D5000A9009DA106CA10F8B9DD988DA806601566
:109D6000140000151E1D1C1521201FA00320AF9BF1
:109D700020BB9B88888405BC30078406A605E8B90B
:109D80009F98C900F008A200A405207D9B18A40696
:109D9000B9A3989DA106B9A7989DA20660111015B8
:109DA0001413121514203999A500F004C8C8C8C8A6
:109DB0009848AD60070D5F07F02BBC3007F02620F8
:109DC0004A99B02120CB9B1869089587AD25076972
:109DD00000956EA90195B6950F20D39B95CFA90D3F
:109DE00095162087C768A8A607B9DD989DA106E843
:109DF000B9DF98A406884C7D9BA00120AF9B20BBB7
:109E00009B9829078506BC300760A20018B50FF0A3
:109E100005E8E005D0F66020AC9BA9868DAB06A2D4
:109E20000BA001A9874C7D9BA9032CA9074820AC56
:109E30009B68AAA9C09DA10660A9062CA9072CA908
:109E4000094820AC9B68AAA90B9DA106E8A000A91F
:109E5000634C7D9B20BB9BA202A96D4C7D9BA924DA
:109E60008DA106A201A008A925207D9BA9618DAB2B
:109E70000620CB9B38E908858CAD2507E900857362
:109E8000A93085D4A9B08D0D01A930851BE61460D9
:109E9000A200A00F4CE9998A48A201A00FA9442072
:109EA0007D9B68AA20BB9BA201A9404C7D9BC3C29D
:109EB000C2C2AC4E07B9EE994C449A060708C50CCD
:109EC00089A00C20AF9B4C0E9AA9088D7307A400A3
:109ED000BEF999B9FC994C209A20BB9BA607A9C44E
:109EE000A0004C7D9B696161622251525288AC4E48
:109EF00007AD4307F002A004B9299A4C449AAC4E2E
:109F000007B9259A4820AC9BA607A000684C7D9B0A
:109F1000AC4E07B9299A4C5F9AAC4E07B9259A48BE
:109F200020BB9B68A6074C7D9B20BB9BA607A96412
:109F30009DA106E888300EA9659DA106E888300538
:109F4000A966207D9BAE6A0420D39B9D7704AD2536
:109F5000079D6B0420CB9B9D7104E8E0069002A254
:109F6000008E6A046007070605040302010003036C
:109F70000405060708090A20AC9B9005A9098D3441
:109F800007CE3407AC3407BEAE9AB9A59AA8A9612A
:109F90004C7D9B20BB9B204A9920CB9B9587AD2570
:109FA00007956E20D39B95CF9558A9329516A001A1
:109FB00094B6F60FA607A9679DA106A9689DA206FB
:109FC00060AD5D07F036A9008D5D074C199B20360A
:109FD0009B4C2C9BA9008DBC0620369B8407A900B6
:109FE000AC4E0788F002A905186507A8B9E8BD4876
:109FF00020BB9B4C489AA50038E900A86087000068
:10A000000020AC9B902DAD4E07D028AE6A0420CB2B
:10A010009B38E9109D7104AD2507E9009D6B04C8CC
:10A02000C8980A0A0A0A9D7704E8E0059002A2008F
:10A030008E6A04AE4E07BD3D9BA208A00F8C35076B
:10A04000BCA106F018C017F017C01AF013C0C0F07A
:10A050000CC0C0B00BC054D004C950F0039DA10681
:10A06000E8E00DB006AC35078810D26020BB9BBD80
:10A070003007181005989D30073860BC2D07B1E7F0
:10A08000290F8507C8B1E7290FA860AD26070A0A7E
:10A090000A0A60A5070A0A0A0A1869206000D005A2
:10A0A00005484A4A4A4AA8B9DF9B850768290F181C
:10A0B00079DD9B850660FFFF12360E0E0E323232BE
:10A0C0000A264020139C8D500729600A2A2A2A8DCF
:10A0D0004E0760AC5F07B9B49C186D6007A8B9BCA7
:10A0E0009C60AD500720099CA8AD5007291F8D4FDB
:10A0F00007B9E09C186D4F07A8B9E49C85E9B9063B
:10A100009D85EAAC4E07B9289D186D4F07A8B92C5C
:10A110009D85E7B94E9D85E8A000B1E7482907C9AC
:10A120000490058D4407A9008D4107684829384AE5
:10A130004A4A8D10076829C0182A2A2A8D1507C88F
:10A14000B1E748290F8D2707684829304A4A4A4A0B
:10A150008D42076829C0182A2A2AC903D0058D43D1
:10A1600007A9008D3307A5E718690285E7A5E86907
:10A170000085E86000050A0E13171B202529C0265C
:10A18000602829012762243520632229412C612A75
:10A190003126622E232D6033290127643032216558
:10A1A0001F061C007097B0DF0A1F597E9BA9D001C3
:10A1B0001F3C517B7CA0A9CEF1FAFB35608EAAB37F
:10A1C000D8053360719B9D9D9D9D9E9E9E9E9E9EEB
:10A1D0009E9F9F9F9F9F9F9F9F9F9F9F9FA0A0A08D
:10A1E000A0A0A0A1A1A1A1A10003191C0645C06BBC
:10A1F000CE378A198EF348CD323B7A8FF65BCEFF8D
:10A2000092057ED70235D879AF108F026FFAAEAEC5
:10A21000AEA4A4A5A5A6A6A6A7A7A8A8A8A8A8A9CD
:10A22000A9A9AAABABABACACACADA1A2A2A3A3A3B2
:10A2300076DDBB4CEA1D1BCC565D169DC61D369DBA
:10A24000C91D04DB491D841BC95D88950F08304C6E
:10A25000782DA62890B5FF0F03561BC91B0F073694
:10A260001BAA1B48950F0A2A1B5B0C782D90B5FF83
:10A270000B8C4B4C775FEB0CBDDB199D751D7D5B2B
:10A28000D91D3DDD991D269D5A2B8A2CCA1B209570
:10A290007B5CDB4C1BCC3BCC782DA62890B5FF0B10
:10A2A0008C3B1D8B1DAB0CDB1D0F03651D6B1B0554
:10A2B0009D0B1B059B0B1D8B0C1B8C70157B0CDBEE
:10A2C0000C0F08782DA62890B5FF27A94B0C6829FC
:10A2D0000F06771B0F0B60154B8C782D90B5FF0F79
:10A2E000038E65E1BB386DA83EE5E70F080B022B36
:10A2F000025E65E1BB0EDB0EBB8EDB0EFE65EC0F76
:10A300000D4E65E10F0E4E02E00F10FEE5E11B85DC
:10A310007B0C5B95782D90B5FFA586E42818A845A1
:10A32000836903C6299B8316A48824E92805A87B92
:10A3300028248FC803E80346A88524C824FFEB8E91
:10A340000F03FB051785DB8E0F0757057B059B80E9
:10A350002B85FB050F0B1B059B05FF2EC266E2112B
:10A360000F0702110F0C1211FF0EC2A8AB00BB8E1B
:10A370006B82DE00A0338643063EB4A0CB020F07FB
:10A380007E42A683020F0A3B02CB370F0CE30EFF7F
:10A390009B8ECA0EEE42445B8680B81B8050BA107A
:10A3A000B75B0017854B05FE3440B786C6065B8059
:10A3B0008300D0385B8E8A0EA600BB0EC580F300EA
:10A3C000FF1EC2006B068B8663B70F0503062306CC
:10A3D0004BB7BB005BB7FB373BB70F0B1B37FF2BF4
:10A3E000D7E303C286E20676A5A38F03862B5768C0
:10A3F00028E928E583248F36A85B03FF0F02784005
:10A4000048CEF8C3F8C30F077B43C6D00F8AC850A5
:10A41000FF85860B801B00DB377780EB37FE2B2018
:10A420002B807B38ABB87786FE422049868B069B13
:10A43000807B8E5BB79B0EBB0E9B80FF0B806038D2
:10A4400010B8C03BDB8E40B8F0387B8EA0B8C0B8E7
:10A45000FB00A0B830BBEE42880F0B2B0E670EFF3F
:10A460000AAA0E282A0E3188FFC783D703428F7AA3
:10A470000305A47824A625E4254B83E30305A489DA
:10A4800024B52409A46524C9240F088525FFCDA57A
:10A49000B5A807A87628CC2565A4A924E52419A485
:10A4A0000F079528E62419A4D72916A95829972912
:10A4B000FF0F0202110F070211FFFF2B82AB38DEE4
:10A4C00042E21BB8EB3BDB808BB81B82FBB87B8086
:10A4D000FB3C5BBC7BB81B8ECB0E1B8E0F0D2B3B4E
:10A4E000BBB8EB824BB8BB383BB7BB020F131B00AA
:10A4F000CB806BBCFF7B80AE00808B8EE805F9863D
:10A50000178616854E2B80AB8E8785C3058B829B65
:10A5100002AB02BB86CB06D3033B8E6B0EA78EFF2E
:10A52000298E5211830E0F039B0E2B8E5B0ECB8E4A
:10A53000FB0EFB829B82BB02FE42E8BB8E0F0AAB86
:10A540000ECB0EF90E8886A606DB02B68EFFABCECA
:10A55000DE42C0CBCE5B8E1BCE4B8567450F072BF3
:10A56000007B8597050F0A9202FF0AAA0E244A1E55
:10A5700023AAFF1B80BB384BBCEB3B0F042B00AB6B
:10A5800038EB00CB8EFB80ABB86B80FB3C9BBB5B9E
:10A59000BCFB006BB8FB38FF0B861A06DB06DEC27D
:10A5A00002F03BBB80EB060B869306F0390F06608A
:10A5B000B81B86A0B9B727BD272B83A126A926EEF5
:10A5C000250B27B4FF0F021E2F60E03AA5A7DB8002
:10A5D0003B828B02FE426870BB25A72C27B226B9AE
:10A5E000269B80A882B527BC27B0BB3B828734EE70
:10A5F000256BFF1EA50A2E28272E33C70F031E40EA
:10A60000072E30E70F051E24440F071E226A2E2353
:10A61000AB0F091E41681E2A8A2E23A22E32EAFFA2
:10A620003B876627CC27EE3187EE23A73B87DB07E6
:10A63000FF0F012E252B2E254B4E25CB6B07974761
:10A64000E98747C77A07D6C778073887AB47E30754
:10A650009B870F096847DBC73BC7FF479BCB07FAC0
:10A660001D869B3A875607881B079D2E65F0FF9B2A
:10A6700007053206330734CE03DC51EE0773E0746E
:10A680000A7E069E0ACE06E400E80AFE0A2E894EDD
:10A690000B540A148AC40A348A7E06C70A01E002EF
:10A6A0000A470A8160820AC70A0E877E02A702B3A0
:10A6B00002D702E302078213023E067E02AE07FEC5
:10A6C0000A0DC4CD43CE09DE0BDD42FE025DC7FD9F
:10A6D0005B070532063307345E0A68649864A86431
:10A6E000CE06FE020D011E0E7E029463B463D46397
:10A6F000F46314E32E0E5E0264358872BE0E0D0400
:10A70000AE02CE08CD4BFE020D0568317E0A9631B1
:10A71000A963A833D530EE02E662F46104B1083FC4
:10A7200044339463A431E43104BF083F04BF083FBD
:10A73000CD4B03E40E032E017E06BE02DE06FE0AAA
:10A740000DC4CD43CE09DE0BDD42FE025DC7FD9B8D
:10A7500007053206330734FE0027B16532750A71EA
:10A7600000B73108E418641E04573BBB0A178A2758
:10A770003A730A7B0AD70AE73A3B8A970AFE08240B
:10A780008A2E003E4038646F009F00BE43C80AC94D
:10A7900063CE07FE072E8166426A42790ABE00C870
:10A7A00064F86408E42E077E039E07BE03DE07FEFE
:10A7B0000A03A50D44CD43CE09DD42DE0BFE025D4A
:10A7C000C7FD9B07053206330734FE060C81390AA4
:10A7D0005C01890AAC01D90AFC012E83A701B700EC
:10A7E000C701DE0AFE024E835A32630A690A7E02FC
:10A7F000EE03FA32038A090A1E02EE03FA32038AD2
:10A80000090A14421E027E0A9E07FE0A2E865E0A6E
:10A810008E06BE0AEE073E835E07FE0A0DC4415255
:10A820005152CD43CE09DE0BDD42FE025DC7FD5B1A
:10A8300007053206330734FE0AAE86BE07FE020D58
:10A84000022732466155625E0E1E82683C743A7D74
:10A850004B5E8E7D4B7E8284629461A431BD4BCE73
:10A8600006FE020D0634313E0A6432750A7B61A48D
:10A8700033AE02DE0E3E8264327832B436C836DD44
:10A880004B44B258329463A43EBA30C961CE06DD5F
:10A890004BCE86DD4BFE022E865E027E06FE021E3B
:10A8A000863E025E067E029E06FE0A0DC4CD43CEA3
:10A8B00009DE0BDD42FE025DC7FD5B060532063395
:10A8C00007345E0AAE020D0139730D03397B4D4B1F
:10A8D000DE061E8AAE06C43316FEA577FE02FE8291
:10A8E0000D073973A874ED4B49FBE874FE0A2E82FC
:10A8F0006702847A87310D0BFE020D0C39735E06F8
:10A90000C67645FFBE0ADD48FE063DCB467EAD4A13
:10A91000FE8239F3A97B4E8A9E07FE0A0DC4CD4301
:10A92000CE09DE0BDD42FE025DC7FD94110F26FE4F
:10A930001028946515EB12FA414A965440A442B788
:10A9400013E919F515118047427113804115921BC7
:10A950001F2440551264409512A440D212E14013C6
:10A96000C02C172F12491383409F14A340179283C2
:10A97000139241B914C512C840D4404B92781B9C25
:10A98000949F11DF14FE117DC19E42CF20FD90B136
:10A990000F2629917E42FE4028924E422EC05773C8
:10A9A000C325C727238433205C01776388629961BC
:10A9B000AA60BC01EE424EC069117E42DE40F862E0
:10A9C0000EC2AE40D763E76333A737274304CC01F9
:10A9D000E7730C813E420D0A5E408872BE42E787F3
:10A9E000FE4039E14E0069608760A560C331FE31E9
:10A9F0006DC1BE42EF20FD52210F206E4058F293F0
:10AA00000197000C819740A641C7400D0403010740
:10AA10000123012701EC03ACF3C30378E29443471D
:10AA2000F3744347FB74432CF14C63470057215C9C
:10AA3000017C7239F1EC024C81D862EC010D0D0FF2
:10AA400038C707ED4A1DC15F26FD54210F26A722F6
:10AA500037FB7320830787029320C77304F1063105
:10AA600039715971E77337A04704867CE571E73186
:10AA700033A43971A971D32308F213052702497150
:10AA80007575E87267F39971E720F472F73117A0D2
:10AA9000332039717328BC0539F17971A621C306B9
:10AAA000D320DC00FC0007A213215F328C00987ACF
:10AAB000C763D96103A2072274727731E77339F152
:10AAC00058727773D8727FB19773B664C565D466D0
:10AAD000E367F3678DC1CF26FD52310F206E660705
:10AAE0008136016600A72208F2677BDC0298F2D764
:10AAF0002039F19F33DC27DC57238357636C518760
:10AB0000639961A306B32177F3F321F72A13812315
:10AB10002253006322E90B0C831321162233058F85
:10AB200035EC0163A067207301770183208720B390
:10AB300020B720C301C700D320D72067A07707879D
:10AB400022E862F5651C827F388DC1CF26FD502139
:10AB500007814724570063017701C97168F2E773E1
:10AB600097FB06835C01D722E70003A76C02B322A0
:10AB7000E301E70747A05706A701D300D7010781E4
:10AB80006720932203A31C6117216F33C763D86228
:10AB9000E961FA604FB387639C01B763C862D9610A
:10ABA000EA6039F18721A701B72039F15F386DC11B
:10ABB000AF26FD90110F26FE102A938717A314B21B
:10ABC000420A9219403614504182162B932441BBFD
:10ABD00014B800C243C3131B946712C41553C1D2E7
:10ABE0004112C1291385171B921A4247138341A7AB
:10ABF000130E91A763B763C565D565DD4AE367F3B7
:10AC0000678DC1AE42DF20FD90110F266E108B17AD
:10AC1000AF32D862E862FC3FADC8F8640CBE434373
:10AC2000F8640CBF734084409340A440B340F86480
:10AC300048E45C3983409241B340F86448E45C39AD
:10AC4000F86413C237654C2463009765C3420B97C1
:10AC5000AC32F8640CBE53459D48F8642AE23C4788
:10AC60005643BA62F8640CB78864BC31D445FC31F1
:10AC70003CB178648C380B9C1A33186128613960B8
:10AC80005D4AEE110FB81DC13E426F20FD52310FDB
:10AC9000206E40F720078417204F34C303C702D328
:10ACA0002227E33961E7735CE457006C7347A053D4
:10ACB000066322A773FC7313A1330543215C72C39F
:10ACC00023CC0377FBAC0239F1A773D304E872E31A
:10ACD0002226F4BC028C81A86217874324A701C3F3
:10ACE0000408F29721A302C90BE169F1698DC1CF74
:10ACF00026FD38110F26AD403DC7FD95B10F260D3D
:10AD000002C8721C8138720D0597349862A320B373
:10AD100006C320CC03F9912C8148620D09376347A3
:10AD20000357218C02C579C731F91139F1A9116F87
:10AD3000B4D365E3657DC1BF26FD00C14C00F44F6F
:10AD40000D020242434F52C2DE005AC24DC7FD906F
:10AD5000510F26EE100B94331442427716864402AC
:10AD6000924A1669427314B000C71205C01C171F1F
:10AD70001136128F1491401B943512344260426197
:10AD80001287129640A3141C981F1147129F15CCCE
:10AD900015CF1105C01F1539127C167F11824098FE
:10ADA00012DF1516C4171454129B162894CE013DB9
:10ADB000C15E428F20FD97110F26FE102B92571275
:10ADC0008B12C041F7135B92690BBB12B246199309
:10ADD000710017947C147F119341BF15FC13FF1170
:10ADE0002F95504251125814A612DB121B93464362
:10ADF0007B128D49B7141B94490BBB12FC13FF1235
:10AE000003C12F1543124B1377139D4A15C1A1415E
:10AE1000C312FE017DC19E42CF20FD52210F206E44
:10AE2000440CF14C01AA35D934EE2008B337324333
:10AE3000044E2153207C019721B7079C81E7425F94
:10AE4000B39763AC02C54149E05861766485659467
:10AE500066A422A603C822DC0268F2964213821777
:10AE600002AF34F621FC0626802A2436018C00FF2E
:10AE7000354EA05521772087078922AE214C829F2D
:10AE800034EC0103E713678D4AAD410FA6FD105165
:10AE90004C00C712C6420392024229126312624258
:10AEA0006914A512A442E214E144F81637C18F38A0
:10AEB00002BB287A687AA87AE06AF06A6DC5FD92CA
:10AEC000310F206E400D023773EC000C803C006C9B
:10AED000009C0006C0C773068328729640E773265D
:10AEE000C0877BD24139F1C8F297E3A323E702E39D
:10AEF00007F32237E39C00BC00EC000C803C00868A
:10AF000021A606B6245C807C009C0029E1DC05F6C5
:10AF100041DC80E8720C8127734C0166740D113F8F
:10AF200035B6412C8236407C028640F96139E1AC6D
:10AF300004C6410C83164188F239F17C0089619C7A
:10AF400000A763BC00C565DC00E367F3678DC1CF74
:10AF500026FD55B10F26CF3307B215115242990B7A
:10AF6000AC02D324D642D7252384CF3307E319611B
:10AF7000787AEF332C81466455656565EC744782B9
:10AF800053056321624196229A41CC03B99139F16C
:10AF900063266727D306FC0118E2D907E9040C866B
:10AFA000372293248784AC02C241C323D971FC01A8
:10AFB0007FB19C00A763B664CC00D466E367F367F7
:10AFC0008DC1CF26FD50B10F26FC001FB35C00657C
:10AFD00065746683679367DC734C80B320C90BC3C9
:10AFE00008D32FDC002C804C008C00D32EED4AFCC3
:10AFF00000D7A1EC014C805911D811DA1037A047C5
:10B00000049911E7213A906720761077608707D876
:10B010001239F1AC00E9710C802C004C05C77B396A
:10B02000F1EC00F9110C826F34F811FA107FB2AC18
:10B0300000B664CC01E367F3678DC1CF26FD52B142
:10B040000F206E453991B304C321C811CA1049912C
:10B050007C73E81288918A10E72105910730170761
:10B06000272049119C01C87223A62726D303D87A2A
:10B070008991D87239F1A91109F163246724D86242
:10B0800028912A1056217004790B8C0094219F3549
:10B090002FB83DC17F26FD06C14C00F44F0D0206BE
:10B0A00020244F35A036205346D520D62034A17316
:10B0B0004974209420B420D420F4202E8059424D8D
:10B0C000C7FD96310F260D031A607742C400C8628F
:10B0D000B9E1D306D707F9610C814EB18EB1BC013D
:10B0E000E450E9610C810D0A844398720D0C0F380D
:10B0F0001DC15F26FD480F0E015E02A700BC731A3A
:10B10000E03961586277639763B862D607F86219CD
:10B11000E175528640875095529343A521C552D67A
:10B1200040D720E506E6513E8D5E03675277527E9A
:10B13000029E03A643A723DE05FE021E8333544668
:10B1400040472156045E028354935296079750BE9F
:10B1500003C723FE020C82434545244624900895EC
:10B160005178FAD77339F18C01A852B852CC015FEB
:10B17000B397639E000E81162466048E00FE0108BC
:10B18000D20E066F479E0F0E822D47287A687AA846
:10B190007AAE01DE0F6DC5FD480F0E015E02BC01E7
:10B1A000FC012C8241524E04672568246924BA426E
:10B1B000C704DE0BB287FE022CE12C716701770019
:10B1C00087018E00EE01F6020385050213211602A7
:10B1D00027022E028872C720D707E47607A0170639
:10B1E000487A7620987279E188629C01B773DC0115
:10B1F000F862FE0108E20E006E02732077238304DA
:10B200009320AE00FE0A0E823971A872E7730C819A
:10B210008F32AE00FE0404D1170426492729DF33FC
:10B22000FE0244F67C018E06BF47EE0F4DC70E822C
:10B23000687AAE01DE0F6DC5FD48010E01005A3E71
:10B2400006454647465344AE01DF4A4DC70E8100CE
:10B250005A2E0437283A484647C707CE0FDF4A4DD3
:10B26000C70E81005A33534351464047505304554B
:10B27000405650624364406550714173518351940C
:10B28000409550A350A540A650B351B640B750C307
:10B2900053DF4A4DC70E81005A2E02364737523AC5
:10B2A000494725A752D704DF4A4DC70E81005A3EB1
:10B2B000024451534454445524A154AE01B421DFF7
:10B2C0004AE5074DC7FD4101B434C852F25147D396
:10B2D0006C0365499E07BE01CC03FE070DC91E0124
:10B2E0006C01623563538A41AC01B353E95126C303
:10B2F000273363436433BA60C961CE0BE509EE0FAF
:10B300007DCA7D47FD4101B852EA4127B2B34216DA
:10B31000D44A42A551A73127D308E216642C043839
:10B320004276648862DE07FE010DC92332315198EE
:10B33000520DC959426353673114C23631875317CE
:10B34000E3296130623C08423759406A429940C95A
:10B3500061D76339D15852C367D331DC06F742FA5B
:10B360004223B14367C334C734D15143B347339AFF
:10B3700030A961B862BE0BD509DE0F0DCA7D47FD4D
:10B38000490F1E0139735E07AE0B1E826E889E0246
:10B390000D042E0B45094E0FED47FDFFAD72072042
:10B3A000048EE48F67857190EAAEAE5307BDFC064C
:10B3B0008DFC06204AB0AD7207C903B0016020249D
:10B3C000B6A20086082047C020C384E8E006D0F378
:10B3D0002080F1202AF120E9EE20D4BEA2018608C7
:10B3E0002070BECA86082070BE2096BB20BCB92043
:10B3F000B8B72055B8204FB720E189A5B5C90210CC
:10B4000011AD9F07F01EC904D008AD7F07D00320FF
:10B41000ED90AC9F07A509C008B0024A4A4A2088AF
:10B42000B24C67AF209AB2A50A850DA900850CAD74
:10B430007307C906F01CAD1F07D014AD3D07C92026
:10B440003010AD3D07E9208D3D07A9008D40032058
:10B45000B09260ADFF06186DA1038DFF06AD230706
:10B46000D059AD5507C9509052AD8507D04DACFFAE
:10B4700006883047C8C002900188AD5507C9709052
:10B4800003ACFF06988D7507186D3D078D3D079835
:10B49000186D1C078D1C078D3F07AD1A0769008DBD
:10B4A0001A0729018500AD780729FE05008D780768
:10B4B0002038B0A9088D95074C00B0A9008D7507FC
:10B4C000A20020F6F18500A0000AB007C8A5002957
:10B4D00020F01BB91C0738F934B08586B91A07E982
:10B4E00000856DA50CD936B0F004A9008557A900D8
:10B4F0008DA1036000100102AD1C071869FF8D1DAE
:10B5000007AD1A0769008D1B0760A50E20048E3158
:10B5100091C7B106B2E5B1A4B2CAB2CD9169B0E9A2
:10B52000B033B245B269B27DB2AD5207C902F02B59
:10B53000A900A4CEC030906EAD1007C906F004C9B2
:10B5400007D050ADC403D005A9014CE6B0201FB20E
:10B55000CEDE06D050EE69074C15B3AD5807D00CBF
:10B56000A9FF2000B2A5CEC991902860AD9903C96A
:10B5700060D032A5CEC999A000A901900AA903857F
:10B580001DC8A9088DB4058C160720E6B0A586C98C
:10B59000489012A908850EA90185334A8D52078D5E
:10B5A00016078D5807608DFC06A50EC90BF03CAD43
:10B5B0004E07D010A4B588D006A5CEC9D09005A955
:10B5C000008DFC06ADFC0629C0850AADFC062903EA
:10B5D000850CADFC06290C850B2904F00EA51DD0A9
:10B5E0000AA40CF006A900850C850B2029B3A00144
:10B5F000AD5407D009A000AD1407F002A0028C9949
:10B6000004A901A457F00510010A85452093AF2035
:10B6100080F1202AF1A200209CE22064DCA5CEC9A2
:10B62000409016A50EC905F010C907F00CC904908A
:10B6300008ADC40329DF8DC403A5B5C902303BA200
:10B64000018E2307A0048407A200AC5907D005ACE3
:10B650004307D016E8A40EC00BF00FAC1207D006BB
:10B66000C884FC8C1207A0068407C507300CCA30BA
:10B670000AACB107D004A906850E60A9008D580751
:10B6800020DDB1EE520760A5B5D006A5CEC9E49085
:10B690000CA9088D5807A003841D4CE6B0A9028DA3
:10B6A00052074C13B2A9012000B22093AFA000AD05
:10B6B000D606D017C8AD4E07C903D00FC84C0BB281
:10B6C0001865CE85CE60201FB2A002CEDE06D00E59
:10B6D0008C5207EE7407A9008D72078D220760A9AE
:10B6E000088557A001A586290FD0038557A8982063
:10B6F000E6B060AD4707C9F8D0034C55B2C9C4D015
:10B70000032073B260AD4707C9F0B007C9C8F02382
:10B710004CE9B0D013AC0B07D00E8C0D07EE0B0725
:10B72000AD540749018D540760AD4707C9F0B033E8
:10B730004CE9B0A9008D4707A908850E60AD470701
:10B74000C9C0F013A5094A4A29038500ADC40329DD
:10B75000FC05008DC403602073B2ADC40329FC8DC9
:10B76000C4036060A51BC930D015AD130785FFA9C0
:10B77000008D1307A4CEC09EB002A9044CE6B0E62B
:10B780000E601523161B17182363A90120E6B0A528
:10B79000CEC9AE900EAD2307F009A92085FCA90003
:10B7A0008D2307AD90044AB00DAD4607D003EE4699
:10B7B00007A9208DC403AD4607C905D02BEE5C0751
:10B7C000AD5C07C903D00EAC5F07AD4807D9C2B264
:10B7D0009003EE5D07EE600720039CEE57072013F1
:10B7E000B28D5B07A98085FC60A900AC5407D00826
:10B7F000A51DD007A50B29048D14072050B4AD0B4F
:10B8000007D016A51DC903F005A0188C89072004D0
:10B810008E5AB376B36DB3CFB360208FB5A50CF05D
:10B8200002853320CCB52009BF8DFF0660AD0A0725
:10B830008D09074CACB3A49F1013A50A2980250DD0
:10B84000D011AD080738E5CECD06079006AD0A0742
:10B850008D0907AD0407F014208FB5A5CEC914B02B
:10B8600005A9188D0907A50CF0028533A50CF00376
:10B8700020CCB52009BF8DFF06A50EC90BD005A9A8
:10B88000288D09074C4DBF0E04FCF20000FFFFADF0
:10B890001604186D33048D1604A000A59F100188AE
:10B8A000840065CE85CEA5B5650085B5A50C2D9027
:10B8B00004F02DAC8907D027A0188C8907A200A41A
:10B8C000334AB002E8E888F001E8A586187DC7B3DE
:10B8D0008586A56D7DCBB3856DA50C490385336049
:10B8E0008D89076020201E28280D047070609090BC
:10B8F0000A09FCFCFCFBFBFEFF00000000008000CE
:10B90000D8E8F02818100CE498D000FF010020FFC0
:10B91000A51DC903D023A000A50B2D9004F006C8D7
:10B920002908D001C8BE4DB48E3304A908BE4AB45C
:10B93000869F30014A8D0C0760AD0E07D00AA50A1C
:10B940002980F004250DF0034C1CB5A51DF011ADA8
:10B950000407F0F4AD8207D007A59F10034C1CB577
:10B96000A9208D8207A0008C16048C3304A5B58D08
:10B970000707A5CE8D0807A901851DAD0007C909D8
:10B980009010C8C910900BC8C9199006C8C91C905E
:10B9900001C8A9018D0607AD0407F008A005AD7D1B
:10B9A00004F001C8B924B48D0907B92BB48D0A0776
:10B9B000B939B48D3304B932B4859FAD0407F011A1
:10B9C000A90485FFA5CEC914B012A900859F4C1CFF
:10B9D000B5A901AC5407F002A98085FFA00084003E
:10B9E000A51DF009AD0007C919B0339018C8AD4EB8
:10B9F00007F01288A50CC545D00BA50A2940D0191F
:10BA0000AD8307D019C8E600AD0307D007AD000726
:10BA1000C921900AE6004C5EB5A90A8D8307B9409A
:10BA2000B48D5004A50EC907D002A003B943B48D4C
:10BA30005604A400B947B48D0207A9008D0107A5DB
:10BA400033C545F0060E02072E010760020407A069
:10BA500000AD0007C91CB015C8C90EB001C8ADFCC7
:10BA600006297FF0202903C545D008A9008D0307CA
:10BA70004CC5B5AD0007C90BB00BA5338545A90072
:10BA800085578D0507B98CB58D0C07602D9004C9BD
:10BA900000D008A557F049102330034A901EAD0589
:10BAA00007186D02078D0507A5576D01078557CD4E
:10BAB00056043023AD560485574C20B6AD050738E3
:10BAC000ED02078D0507A557ED01078557CD5004F9
:10BAD0001005AD50048557C900100549FF186901CC
:10BAE0008D000760AD5607C9029043A50A2940F0B2
:10BAF00033250DD02FADCE062901AAB524D025A41B
:10BB0000B588D020AD1407D01BA51DC903F015A919
:10BB10002085FFA9029524AC0C078C1107888C8125
:10BB200007EECE06A2002089B6A2012089B6AD4E4E
:10BB300007D013A202860820F9B62031F12091F136
:10BB400020E1EDCA10EF6040C08608B5240AB0635A
:10BB5000B424F05E88F027A5866904958DA56D69EB
:10BB6000009574A5CE95D5A90195BCA43388B98755
:10BB7000B6955EA90495A6A9079DA004D6248A18A7
:10BB80006907AAA9508500A9038502A90020D7BF8B
:10BB9000200FBFA608203BF12087F1202DE220C80E
:10BBA000E1ADD20329CCD00620D9D64CDEECA900D9
:10BBB000952460203BF14C09EDBDA80729018507BC
:10BBC000B5E4C9F8D02CAD9207D03FA000A5334A08
:10BBD0009002A008986586959CA56D69009583A53F
:10BBE000CE18690895E4A90195CBA407B94DB78D86
:10BBF0009207A407BD2C0438F94BB79D2C04B5E47B
:10BC0000E900C920B002A9F895E460FF504020ADDA
:10BC10007007F04FA50EC9089049C90BF045A5B5AE
:10BC2000C902B03FAD8707D03AADF8070DF9070D4F
:10BC3000FA07F026ACF80788D00CADF9070DFA0723
:10BC4000D004A94085FCA9188D8707A023A9FF8DE2
:10BC50003901205F8FA9A44C068F8D56072031D95A
:10BC6000EE590760AD2307F0FAA5CE25B5D0F48DC7
:10BC70002307EED6064C98C9AD4E07D0378D7D040C
:10BC8000AD4707D02FA004B9710418797704850255
:10BC9000B96B04F01C69008501A58638F97104A50B
:10BCA0006DF96B04300BA50238E586A501E56D1032
:10BCB000048810D360B977044A8500B97104186507
:10BCC000008501B96B0469008500A5094A902CA57F
:10BCD0000138E586A500E56D100EA58638E90185D9
:10BCE00086A56DE9004C39B8AD90044A900DA58643
:10BCF0001869018586A56D6900856DA9108500A963
:10BD0000018D7D0485024AAA4CD7BF0502080401B3
:10BD10000303040404A2058608B516C930D056A54D
:10BD20000EC904D031A51DC903D02BB5CFC9AAB007
:10BD300028A5CEC9A2B022BD170469FF9D1704B57E
:10BD4000CF690195CFAD0E0138E9FF8D0E01AD0D24
:10BD500001E9018D0D014CACB8AC0F01B94BB8BE77
:10BD600050B89D34012027BCA905850E20AFF120D5
:10BD700052F1204BE5600810080020AFF1AD4707F5
:10BD8000D040AD0E07F03BA888982902D007E6CE38
:10BD9000E6CE4CD9B8C6CEC6CEB5581879B6B89549
:10BDA000CFC001900FA50A2980F009250DD005A963
:10BDB000F48DDB06C003D00AADDB06859FA9008D9C
:10BDC0000E072052F1207DE8207AD6AD0E07F00D47
:10BDD000AD8607D008A9048D8607EE0E0760A92F4F
:10BDE0009516A901950FB97600956EB98F009587C4
:10BDF000B9D70095CFAC9803D0038D9D038A999A4B
:10BE000003EE9803A90485FE603060E005D068ACBD
:10BE1000980388AD9903D949B9F00FA5094A4A900A
:10BE200009A5D4E90185D4EE9903AD9903C9089019
:10BE3000462052F120AFF1A0002035E4C8CC980391
:10BE4000D0F7ADD103290CF01088BE9A032098C911
:10BE50008810F78D98038D9903AD9903C920901729
:10BE6000A206A901A01B20F0E3A402C0D0B008B133
:10BE700006D004A9269106A608600F07AD4E07F06C
:10BE80006FA2028608B50FD051BDA807ACCC063909
:10BE9000BAB9C906B044A8B96B04F03EB97D04F044
:10BEA00008E900997D044C1ABAAD4707D02CA90EB9
:10BEB000997D04B96B04956EB971049587B97704BF
:10BEC00038E90895CFA90195B6950F4A951EA9099D
:10BED0009D9A04A93395164C2DBAB516C933D00DC9
:10BEE000207AD6B50FF00620AFF12033BACA1093EE
:10BEF0006018E8AD4707D03EB51ED02EADD103295E
:10BF00000CC90CF040A0012043E13001C8944688E0
:10BF1000B931BA9558A5006928C9509028A901954A
:10BF20001EA90A9D8A07A90885FEB51E2920F003CF
:10BF30002063BF2002BF20AFF12052F12043E22056
:10BF400053D84C7DE82098C9600404040505050613
:10BF5000060610F0ADA8072907D005ADA8072908E7
:10BF6000A8B92A00D019BE89BAB50FD012A6088A7E
:10BF700099AE06A990992A00A90799A2043860A64B
:10BF8000081860AD4707D063B52A297FBCAE06C943
:10BF900002F020B0348A18690DAAA9108500A90FF3
:10BFA0008501A9048502A90020D7BF200FBFA608DC
:10BFB0004C28BBA9FE95ACB91E0029F7991E00B606
:10BFC00046CABD92BAA6089564D62AB987001869F0
:10BFD000029593B96E006900957AB9CF0038E90AE5
:10BFE00095DBA90195C2D00320C4D7209BF120483E
:10BFF000F12036E220DCE4602084BBB576997A003B
:10C00000B58F0905999300B5D7E91099DB004C6C01
:10C01000BB2084BBBDEA03997A00A5060A0A0A0A76
:10C020000905999300A502692099DB00A9FB99AC49
:10C0300000A90199C200992A0085FE860820FEBB4E
:10C04000EE480760A008B92A00F00788C005D0F6BE
:10C05000A0088CB70660A2088608B52AF0560A9098
:10C060000620C3BA4CF4BBB42A88F01DF62AB59357
:10C07000186D75079593B57A6900957AB52AC93018
:10C08000D026A900952A4CF4BB8A18690DAAA9509C
:10C090008500A90685024A8501A90020D7BFA60808
:10C0A000B5ACC905D002F62A2048F1209BF1203614
:10C0B000E22086E6CA10A160171D0B110213A90128
:10C0C0008D3901AE5307BCF8BB205F8FEE5E07AD24
:10C0D0005E07C964D00CA9008D5E07EE5A07A9401F
:10C0E00085FEA9028D3801AE5307BCFABB205F8FD5
:10C0F000AC5307B9FCBB20068FAC0003B9FB02D0E0
:10C1000005A92499FB02A60860A92E851BB5768592
:10C1100073B58F858CA90185BBB5D738E90885D45F
:10C12000A90185238514A9038D9F04A539C902B0EF
:10C130000AAD5607C90290014A8539A9208DCA0364
:10C14000A90285FE60A2058608A523F05D0A90235A
:10C15000AD4707D043A539F011C903F00DC902D08E
:10C160003720F9CA2063E14CD8BC2077CA20C1DF50
:10C170004CD8BCA5092903D019C6D4A523E623C9E8
:10C1800011900FA9109558A98085230A8DCA032AFA
:10C190009546A523C90690122052F120AFF1204305
:10C1A000E220D2E62053D8207AD660041248A911A2
:10C1B000AEEE03AC5407D002A9129526206B8AAECE
:10C1C000EE03A5029DE403A8A5069DE603B10620A3
:10C1D000F6BD8500AC5407D001989025A011942697
:10C1E000A9C4A400C058F004C05DD015ADBC06D0F1
:10C1F00008A90B8D9D07EEBC06AD9D07D002A0C41B
:10C20000989DE8032084BDA402A9239106A9108D5E
:10C210008407688505A000AD1407D005AD5407F06C
:10C2200001C8A5CE1879EBBC29F095D7B426C0116A
:10C23000F0062002BE4C7BBD209BBDADEE03490144
:10C240008DEE0360A58618690829F0958FA56D69A4
:10C250000095769DEA03A5B595BE60201FBEA90294
:10C2600085FFA90095609D3C04859FA9FE95A8A522
:10C270000520F6BD903198C9099002E90520048E89
:10C28000D2BD38BB38BBD8BDD2BDDFBDD5BD38BBF4
:10C29000D8BDA9002CA9022CA90385394C49BCA200
:10C2A00005ACEE03201EB960C1C05F6055565758FB
:10C2B000595A5B5C5D5EA00DD9E8BDF0048810F8AA
:10C2C0001860201FBEA9019DEC0385FD2041BEA979
:10C2D000FE859FA9058D39012027BCAEEE0360AE17
:10C2E000EE03A402F01A9838E9108502A8B106C935
:10C2F000C2D00DA9009106204D8AAEEE032051BB9D
:10C3000060B58F9DF103A9F095609562A9FA95A893
:10C31000A9FC95AAA9009D3C049D3E04B57695789C
:10C32000B58F9591B5D718690895D9A9FA95A860E0
:10C33000B526F05D290F48A88A186909AA88F03344
:10C3400020A4BF200FBF8A186902AA20A4BF200F13
:10C35000BFA6082059F120B6F12053EC68B4BEF016
:10C360003048A9F0D5D9B00295D9B5D7C9F06890B1
:10C3700020B01C20A4BFA6082059F120B6F120D17E
:10C38000EBB5D7290FC90568B007A9019DEC03A932
:10C3900000952660A2018608AD0103D021BDEC0303
:10C3A000F01CBDE6038506A9058507BDE4038502EB
:10C3B000A8BDE803910620618AA9009DEC03CA107C
:10C3C000D560E8200FBFA60860AD0E07D03EAAB525
:10C3D000570A0A0A0A8501B5574A4A4A4AC90890C3
:10C3E0000209F08500A000C9001001888402BD0088
:10C3F000041865019D0004A9002A486AB5866500F5
:10C400009586B56D6502956D6818650060A200ADF2
:10C410004707D005AD0E07D0F3AD09078500A90485
:10C420004CADBFA03DB51EC905D002A0204C94BFA5
:10C43000A0004C77BFA001E8A9038500A9068501EB
:10C44000A9028502984CD1BFA07FD002A00FA902FB
:10C45000D004A01CA9038400E820ADBFA608600694
:10C4600008A0002CA001A9508500B99FBF8502A992
:10C47000004CD7BFA9002CA90148B416E8A905C0F3
:10C4800029D002A9098500A90A8501A903850268A6
:10C49000A820D7BFA6086048BD1604187D33049DA8
:10C4A0001604A000B59F100188840775CE95CEB5FF
:10C4B000B5650795B5BD33041865009D3304B59F78
:10C4C0006900959FC5023010BD3304C9809009A54D
:10C4D00002959FA9009D330468F02BA50249FFA88F
:10C4E000C88407BD330438E5019D3304B59FE900D6
:10C4F000959FC5071010BD3304C980B009A50795E5
:10C500009FA9FF9D330460B50F480AB01268F0037D
:10C510004C82C8AD1F072907C907F00E4CCCC06874
:10C52000290FA8B90F00D002950F60030306060675
:10C53000060606070707050904050608090A060B8B
:10C540001040B0B08040408040F0F0F0A56D38E978
:10C5500004856DAD250738E9048D2507AD1A073828
:10C56000E9048D1A07AD1B0738E9048D1B07AD2AB6
:10C570000738E9048D2A07A9008D3B078D2B078D0D
:10C5800039078D3A07B9F89B8D2C0760AD4507F048
:10C590005EAD2607D059A00B883054AD5F07D96B2C
:10C5A000C0D0F5AD2507D976C0D0EDA5CED981C0D4
:10C5B000D023A51DC900D01DAD5F07C906D023EE4D
:10C5C000D906EEDA06ADDA06C903D01EADD906C922
:10C5D00003F00FD007AD5F07C906F0E6208CC0203E
:10C5E00071D0A9008DDA068DD906A9008D4507AD59
:10C5F000CD06F0109516A901950FA900951E8DCDB9
:10C60000064C26C2AC3907B1E9C9FFD0034C16C2AB
:10C61000290FC90EF00EE005900AC8B1E9293FC9FB
:10C620002EF00160AD1D0718693029F08507AD1B9C
:10C630000769008506AC3907C8B1E90A900BAD3B24
:10C6400007D006EE3B07EE3A0788B1E9290FC90F7C
:10C65000D019AD3B07D014C8B1E9293F8D3A07EE98
:10C660003907EE3907EE3B074CCCC0AD3A07956E63
:10C67000B1E929F09587CD1D07B56EED1B07B00B0D
:10C68000B1E9290FC90EF0694C50C2A507D587A59D
:10C6900006F56E9041A90195B6B1E90A0A0A0A9514
:10C6A000CFC9E0F04CC8B1E92940F005ADCC06F0A7
:10C6B0006DB1E9293FC9379004C93F9031C906D00F
:10C6C00007AC6A07F002A9029516A901950F20266A
:10C6D000C2B50FD04960ADCB06D009AD9803C901F2
:10C6E000D00BA92F9516A900951E206CC2604C1B7B
:10C6F000C7C8C8B1E94A4A4A4A4ACD5F07D00E883E
:10C70000B1E98D5007C8B1E9291F8D51074C5BC2B3
:10C71000AC3907B1E9290FC90ED003EE3907EE395C
:10C7200007EE3907A9008D3B07A60860B516C915A5
:10C73000B00DA8B5CF690895CFA9019DD803982061
:10C74000048E0EC30EC30EC31EC3F0C228C3F1C2B3
:10C7500042C36BC3F0C275C375C3F7C287C7D1C7E5
:10C760004AC33DC385C3A0C7F0C2A0C7A0C7A0C726
:10C77000A0C7B8C7F0C2F0C25CC45CC45CC45CC4EF
:10C7800059C4F0C2F0C2F0C2F0C2DFC712C83FC83D
:10C7900045C80BC803C80BC84BC857C849C560BCBF
:10C7A0001EB9F0C2F0C2F0C2F0C2F0C207C381C825
:10C7B00060200EC34C46C3A90295B695CF4A9D96FC
:10C7C000074A951E4C46C3A9B895CF60F8F4A0015E
:10C7D000AD6A07D00188B90CC395584C5AC3200ED6
:10C7E000C3A901951E608050A9009DA2039558AC75
:10C7F000CC06B926C39D9607A90B4C5CC3A9004C77
:10C8000019C3A9009558A909D012A030B5CF9D0130
:10C81000041002A0E09875CF9558A9039D9A04A929
:10C82000029546A90095A09D340460A9029546A9E9
:10C83000099D9A04602046C3BDA70729109558B5E5
:10C84000CF9D340460ADCB06D00BA9008DD106205E
:10C850003DC34CD9C74C98C9262C323820222426F7
:10C8600013141516AD8F07D03CE005B038A9808DA4
:10C870008F07A004B91600C911F02B8810F6EED16D
:10C8800006ADD106C907901DA204B50FF005CA1068
:10C89000F93010A900951EA9119516208AC3A92068
:10C8A00020D8C5A60860A5CEC92C90F9B91E00D025
:10C8B000F4B96E00956EB987009587A90195B6B950
:10C8C000CF0038E90895CFBDA7072903A8A202B970
:10C8D00098C39501C8C8C8C8CA10F4A608206CCF70
:10C8E000A457C008B00EA8BDA8072903F0059849B1
:10C8F000FFA8C8982046C3A0029558C900300188F7
:10C900009446A9FD95A0A901950FA905951E60283B
:10C910003828382800001010002075C5A900955847
:10C92000B51638E91BA8B94FC49D8803B954C495FE
:10C9300034B5CF18690495CFB5871869049587B5C4
:10C940006E6900956E4CD9C7803040803050507071
:10C95000204080A0704090680E05060E1C20100C30
:10C960001E22181410602048AD8F07D0A12046C3A6
:10C97000BDA8072903A8B9A4C48D8F07A003ADCC17
:10C9800006F001C88400E400B084BDA70729038530
:10C99000008501A9FB95A0A900A457F007A904C030
:10C9A0001990010A481865008500BDA8072903F001
:10C9B00007BDA907290F850068186501A8B998C4A3
:10C9C0009558A9019546A557D012A400982902F0C0
:10C9D0000BB55849FF1869019558F646982902F099
:10C9E0000FA586187988C49587A56D69004C3CC54C
:10C9F000A58638F988C49587A56DE900956EA901CB
:10CA0000950F95B6A9F895CF602075C58E6803A9D6
:10CA1000008D63038D6903B5878D6603A9DF8D9053
:10CA2000079546A9208D64039D8A07A9058D830477
:10CA30004A8D650360A0FFC8B90F00D0FA8CCF06FD
:10CA40008A0980990F00B56E996E00B587998700A5
:10CA5000A901950F99B600B5CF99CF00609080706D
:10CA600090FF01AD8F07D0F49D3404A5FD09028528
:10CA7000FDAC6803B91600C92DF03120D9D1186971
:10CA800020ACCC06F00338E9108D8F07BDA707292D
:10CA9000039D1704A8B99DC595CFAD1D0718692042
:10CAA0009587AD1B076900956E4C1FC6B987003886
:10CAB000E90E9587B96E00956EB9CF001869089593
:10CAC000CFBDA70729039D1704A8B99DC5A000D510
:10CAD000CF9001C8B9A1C59D3404A9008DCB06A98A
:10CAE000089D9A04A90195B6950F4A9D0104951ECB
:10CAF00060003060600020604070406030AD8F07A3
:10CB0000D047A9208D8F07CED706A00688B916007A
:10CB1000C931D0F8B9870038E93048B96E00E9006A
:10CB20008500ADD70618791E00A868187931C6951A
:10CB300087A5006900956EB937C695CFA90195B64E
:10CB4000950F4A9558A90895A06001020408102085
:10CB50004080403090502060A0700A0BAD8F07D00D
:10CB60006FAD4E07D057E003B066A000BDA707C960
:10CB7000AA9001C8AD5F07C901F001C8982901A8B2
:10CB8000B99AC69516ADDD06C9FFD005A9008DDDA1
:10CB900006BDA7072907A8B98AC62CDD06F007C875
:10CBA0009829074CD6C60DDD068DDD06B992C62044
:10CBB000D8C59D1704A9208D8F074C6CC2A0FFC853
:10CBC000C005B00DB90F00F0F6B91600C908D0EFD6
:10CBD00060A5FE090885FEA908D0A8A00038E9379D
:10CBE00048C904B00B48A006AD6A07F002A002686D
:10CBF0008401A0B02902F002A0708400AD1B07855B
:10CC000002AD1D078503A002684A9001C88CD306B7
:10CC1000A2FFE8E005B02DB50FD0F7A5019516A548
:10CC200002956EA50395871869188503A50269000A
:10CC30008502A50095CFA90195B6950F206CC2CEAF
:10CC4000D306D0CC4C5EC2A90195584A951E95A03A
:10CC5000B5CF9D340438E9189D1704A9094CDBC7EA
:10CC6000B5168DCB0638E91220048EA4C3B7C7A829
:10CC7000C4A3C53DC69CC660A005B91600C911D0A5
:10CC800005A901991E008810F1A9008DCB06950F0A
:10CC900060A9029546A9F89558A9039D9A0460D603
:10CCA000CFD6CFACCC06D005A0022071C8A0FFAD76
:10CCB000A003951E10028AA88CA003A9009546A87F
:10CCC0002071C8A9FF9DA2034C28C8A90095584C03
:10CCD00028C8A040B5CF100749FF186901A0C09D22
:10CCE0000104981875CF95582063C3A905AC4E0769
:10CCF000C003F007ACCC06D002A9069D9A046020C0
:10CD00004BC84C48C82057C84C2BC8A9109D3404A8
:10CD1000A9FF95A04C60C8A9F09D3404A90095A076
:10CD2000A0012071C8A9049D9A0460080CF80000B5
:10CD3000FFB58718796BC89587B56E796EC8956E03
:10CD40006060A608A900B416C015900398E91420E5
:10CD5000048EE0C835C995D2D6C8D6C8D6C8D6C8BC
:10CD600047C947C947C947C947C947C947C947C943
:10CD7000D6C865C965C965C965C965C965C965C9D3
:10CD80004DC94DC965D085BC4BB9D6C8D9D2BAB842
:10CD9000D6C8A4B7D7C86020AFF12052F14C7DE8C7
:10CDA000A9009DC50320AFF12052F1207DE820436A
:10CDB000E220C1DF2033DA2053D8AC4707D003206C
:10CDC00005C94C7AD6B51620048E77CA77CA77CAB9
:10CDD00077CA77CAD8C977CA89CB36CC34C94ACC86
:10CDE0004ACCB0C9B0D3F9CAFFCA25CB28CF77CA7D
:10CDF00034C9DFCE6020EBD120AFF12052F12043C7
:10CE0000E22053D84C7AD6203CCD4C7AD620AFF1D4
:10CE10002052F1204CE2207BDB2052F12066ED20F5
:10CE200055D64C7AD620AFF12052F12073E220453E
:10CE3000DBAD4707D0032082C92052F120C8E54C62
:10CE40007AD6B51638E92420048E32D4D3D54FD6FD
:10CE50004FD607D631D63DD6A900950F9516951E0B
:10CE60009D10019D96079D25019DC5039D8A076024
:10CE7000BD9607D01620F7C2BDA80709809D3404CF
:10CE8000290F09069D9607A9F995A04C92BF301C61
:10CE900000E8001808F80CF4B51E2920F0034CE552
:10CEA000CAB53CF02DD63CADD103290CD06ABDA249
:10CEB00003D017ACCC06B9CEC99DA2032094BA907A
:10CEC00009B51E0908951E4C58CADEA2034C58CA63
:10CED0002037B51E2907C901F03EA9008500A0FA38
:10CEE000B5CF3013A0FDC970E600900BC600BDA8F9
:10CEF000072901D002A0FA94A0B51E0901951EA52C
:10CF0000003DA907A8ADCC06D001A8B910CA9D8ADA
:10CF100007BDA80709C0953CA0FCA5092940D0027F
:10CF2000A0049458A0012043E1300AC8BD9607D060
:10CF300004A9F895589446A000B51E2940D019B50B
:10CF40001E0AB030B51E2920D05BB51E2907F0247B
:10CF5000C905F004C903B0302063BFA000B51EC9E5
:10CF600002F00C2940F00DB516C92EF007D0034C85
:10CF700002BFA001B558481002C8C81879D0C99599
:10CF8000582002BF68955860BD9607D01E951EA513
:10CF9000092901A8C8944688AD6A07F002C8C8B933
:10CFA000D4C99558602063BF4C02BFC90ED009B5E3
:10CFB00016C906D0032098C9602092BF4C02BFB5A5
:10CFC000A01D3404D0139D1704B5CFDD0104B009B2
:10CFD000A5092907D002F6CF60B5CFD55890034CEC
:10CFE00075BF4C70BF2045CB2066CBA001A5092999
:10CFF00003D011A5092940D002A0FF8400B5CF18A5
:10D00000650095CF60A9138501A5092903D00DB44A
:10D0100058B5A04AB00AC401F003F65860F6A06003
:10D0200098F0FAD65860B55848A001B5A02902D0AA
:10D030000BB55849FF1869019558A0029446200283
:10D04000BF8500689558603F03B51E2920D04DACC0
:10D05000CC06BDA8073987CBD0128A4A9004A445D4
:10D06000B008A0022043E1100188944620DFCBB530
:10D07000CF38FD3404C920900295CFB44688D00E35
:10D08000B5871875589587B56E6900956E60B58738
:10D0900038F5589587B56EE900956E604C8CBFB534
:10D0A000A02902D037A509290748B5A04AB01568BC
:10D0B000D011BD34041869019D34049558C902D0BB
:10D0C00002F6A06068D014BD340438E9019D340430
:10D0D0009558D007F6A0A9029D960760BD9607F067
:10D0E00008A5094AB002F6CF60B5CF6910C5CE9049
:10D0F000F0A90095A060B51E2920F0034C92BFA9AD
:10D10000E895584C02BF40800404B51E2920F00366
:10D110004C8CBF8503B51638E90AA8B946CC850200
:10D12000BD010438E5029D0104B587E9009587B586
:10D130006EE900956EA9208502E0029049B558C9B4
:10D14000109016BD17041865029D1704B5CF65032E
:10D1500095CFB5B669004CACCCBD170438E5029D3F
:10D160001704B5CFE50395CFB5B6E90095B6A00095
:10D17000B5CF38FD34041007A01049FF186901C964
:10D180000F900398955860000103040506070708EF
:10D19000000306090B0D0E0F100004090D101316E5
:10D1A000171800060C12161A1D1F2000070F161C58
:10D1B000212527280009121B21272C2F30000B15B1
:10D1C0001F272E333738000C18242D353B3E4000E6
:10D1D0000E1B28323B424648000F1F2D38424A4E54
:10D1E00050001122313E49515658010302000009F6
:10D1F000121B242D363F48515A630C1820AFF1AD55
:10D20000D1032908D074AD4707D00ABD8803201088
:10D21000D4291F95A0B5A0B416C01F900DC908F061
:10D2200004C918D00518690195A085EF2052F12096
:10D230008ECEBCE506ADB9039900028507ADAE03FD
:10D240009903028506A90185002008CEA005B51620
:10D25000C91F9002A00B84EDA9008500A5EF208EC8
:10D26000CE20BBCDA500C904D008ACCF06B9E506D9
:10D270008506E600A500C5ED90E260A5038505A43E
:10D2800006A5014605B00449FF6901186DAE039972
:10D2900003028506CDAE03B009ADAE0338E5064CFA
:10D2A000E6CD38EDAE03C9599004A9F8D015ADB953
:10D2B00003C9F8F00EA5024605B00449FF6901183C
:10D2C0006DB903990002850720EDEC9848AD9F07E2
:10D2D0000D4707D0708505A4B588D069A4CEAD549C
:10D2E00007D005AD1407F009E605E605981869189A
:10D2F000A89838E507100549FF186901C908B01C4E
:10D30000A506C9F0B016AD0702186904850438E512
:10D3100006100549FF186901C9089013A505C9023F
:10D32000F023A405A5CE18793ACDE6054C32CEA25D
:10D3300001A504C506B001E88646A200A500482064
:10D340002CD9688500681869048506A608604829F4
:10D350000FC9099005490F1869018501A400B92E6C
:10D36000CD186501A8B9C7CC850168481869082996
:10D370000FC9099005490F1869018502A400B92E4B
:10D38000CD186502A8B9C7CC8502684A4A4AA8B92F
:10D390002ACD850360F8A070BD002020200000B5D4
:10D3A0001E2920F008A9009DC5034C92BF2002BF92
:10D3B000A00DA9052096BFBD34044A4A4A4AA8B523
:10D3C000CF38F9D5CE100549FF186901C908B00E4C
:10D3D000BD34041869109D34044A4A4A4AA8B9DA8F
:10D3E000CE9DC50360153040B51E2920F0034C6367
:10D3F000BFB51EF00BA90095A08DCB06A910D013C8
:10D40000A9128DCB06A002B925CF9901008810F78B
:10D41000206CCF9558A001B5A02901D00AB5584974
:10D42000FF1869019558C894464C02BFA0002043DC
:10D43000E1100AC8A50049FF1869018500A500C9C7
:10D440003C901CA93C8500B516C911D01298D5A0F6
:10D45000F00DB5A0F006D658B558D0409895A0A5C7
:10D4600000293C4A4A8500A000A557F024AD750765
:10D47000F01FC8A557C9199008AD7507C9029001DA
:10D48000C8B516C912D004A557D006B5A0D002A0C1
:10D4900000B90100A40038E9018810FA601A589810
:10D4A000969492908E8C8A8886848280AE6803B52A
:10D4B00016C92DD0108608B51EF01A2940F006B501
:10D4C000CFC9E0900AA98085FCEE72074C71D0208C
:10D4D0008CBF4C7BD1CE6403D044A9048D6403ADD2
:10D4E000630349018D6303A9228505AC6903B9DD96
:10D4F000CF8504AC0003C8A20C20CD8AA608208FDB
:10D500008AA90885FEA90185FDEE6903AD6903C9F5
:10D510000FD00B2063C3A940951EA98085FE4C7BCC
:10D52000D121411131B51E2920F014B5CFC9E090A9
:10D530009EA2042098C9CA10FA8DCB06A60860A93D
:10D54000008DCB06AD4707F0034C39D1AD63031016
:10D55000034C0FD1CE6403D00DA9208D6403AD63BD
:10D560000349018D6303A509290FD004A90295463B
:10D57000BD8A07F01C2043E11017A9019546A902B6
:10D580008D6503A9209D8A078D9007B587C9C8B00E
:10D590003EA5092903D038B587CD6603D00CBDA7B9
:10D5A000072903A8B961D08DDC06B587186D65031E
:10D5B0009587B446C001F017A0FF38ED6603100749
:10D5C00049FF186901A001CDDC0690038C6503BDFD
:10D5D0008A07D028208CBFAD5F07C9059009A5092F
:10D5E0002903D0032094BAB5CFC980901CBDA707EA
:10D5F0002903A8B961D09D8A074C49D1C901D00936
:10D60000D6CF2063C3A9FE95A0AD5F07C907F0047C
:10D61000C905B027AD9007D022A9208D9007AD6332
:10D620000349808D630330E120D9D1ACCC06F003EF
:10D6300038E9108D9007A9158DCB0620BCD1A0101C
:10D64000B5464A9002A0F098187587ACCF06998726
:10D6500000B5CF18690899CF00B51E991E00B546D0
:10D66000994600A50848AECF068608A92D95162034
:10D67000BCD1688508AAA9008D6A0360EE6A032000
:10D68000D7C8B51ED0F5A90A9D9A042043E24C5391
:10D69000D8BF40BFBFBF4040BFAC6703EE6703AD1C
:10D6A000670329078D6703B9D1D160AD4707D03033
:10D6B000A940ACCC06F002A9608500BD010438E5A4
:10D6C000009D0104B587E9019587B56EE900956E67
:10D6D000BC1704B5CFD99DC5F006187D340495CF8D
:10D6E0002052F1B51ED0C3A9518500A002A5092979
:10D6F00002F002A0828401BCE506A200ADB9039944
:10D700000002A500990102E600A501990202ADAE52
:10D71000039903021869088DAE03C8C8C8C8E8E0B9
:10D720000390D9A60820AFF1BCE506ADD1034A4865
:10D730009005A9F8990C02684A489005A9F899083B
:10D7400002684A489005A9F8990402684A9005A918
:10D75000F899000260D6A0D00CA90895A0F658B59B
:10D7600058C903B0182052F1ADB9038DBA03ADAE5C
:10D77000038DAF03BCE506B5582017ED60A90095F1
:10D780000FA90885FEA9058D38014C36D300000885
:10D79000080008000854555657A9008DCB06AD4621
:10D7A00007C905B02C20048E11D3F2D212D34ED368
:10D7B000A2D3A005ADFA07C901F00EA003C903F07A
:10D7C00008A000C906F002A9FF8DD706941EEE46F8
:10D7D0000760ADF8070DF9070DFA07F0F1A5092963
:10D7E00004F004A91085FEA023A9FF8D3901205F54
:10D7F0008FA9058D3901A00BAD5307F002A01120B0
:10D800005F8FAD53070A0A0A0A09044C36BCB5CF2C
:10D81000C9729005D6CF4C65D3ADD706F0383036F7
:10D82000A9168DCB062052F1BCE506A203ADB903C3
:10D83000187DCDD2990002BDD5D2990102A92299B5
:10D840000202ADAE03187DD1D2990302C8C8C8C880
:10D85000CA10DAA608602065D3A9069D9607EE4691
:10D8600007602065D3BD9607D005ADB107F0EF6026
:10D87000B51ED056BD8A07D051B5A0D023B55830BB
:10D88000142043E11009A50049FF1869018500A58E
:10D8900000C9219035B55849FF1869019558F6A07F
:10D8A000BD3404B4581003BD17048500A5094A907F
:10D8B00019AD4707D014B5CF18755895CFC500D00E
:10D8C00009A90095A0A9409D8A07A9209DC50360CC
:10D8D0008507B534D00EA018B5581865079558B50A
:10D8E000A0690060A008B55838E5079558B5A0E9CB
:10D8F0000060B5B6C903D0034C98C9B51E100160CD
:10D90000A8BDA2038500B546F0034CBBD5A92DD513
:10D91000CF900FC400F00818690295CF4CB1D54CD8
:10D9200098D5D9CF00900DE400F0F418690299CF92
:10D93000004CB1D5B5CF48BDA2031018BD340418B2
:10D9400069058500B5A06900301AD00CA500C90B87
:10D95000900CB004C508F00C20B7BF4CA7D420B180
:10D96000D54CA7D420B4BFB41E6838F5CF1879CFF2
:10D970000099CF00BDA2033004AA2021DCA408B97D
:10D98000A000193404F077AE0003E020B070B9A015
:10D990000048482041D5A5019D0103A5009D020333
:10D9A000A9029D0303B9A000300DA9A29D0403A9FB
:10D9B000A39D05034CFFD4A9249D04039D0503B931
:10D9C0001E00A86849FF2041D5A5019D0603A500BA
:10D9D0009D0703A9029D080368100DA9A29D0903D4
:10D9E000A9A39D0A034C30D5A9249D09039D0A03D0
:10D9F000A9009D0B03AD000318690A8D0003A6085A
:10DA00006048B98700186908AECC06D003186910C1
:10DA100048B96E00690085026829F04A4A4A8500C3
:10DA2000B6CF6810058A186908AA8AAE00030A2AC8
:10DA3000482A290309208501A50229010A0A0501AE
:10DA400085016829E01865008500B9CF00C9E89014
:10DA500006A50029BF85006098AA20AFF1A906207D
:10DA600011DAADAD039D1701A5CE9D1E01A901954B
:10DA7000462063C399A000993404609848206BBF86
:10DA800068AA206BBFA608BDA2033004AA2021DC2F
:10DA9000A60860B5A01D3404D0159D1704B5CFDDD0
:10DAA0000104B00BA5092907D002F6CF4CFED5B56D
:10DAB000CFD558900620B7BF4CFED520B4BFBDA22D
:10DAC0000330032021DC60A90E2047CB2066CBBDAC
:10DAD000A203301CA5861865008586A56DA40030BC
:10DAE0000569004C28D6E900856D8CA1032021DC56
:10DAF00060BDA20330062088BF2021DC602002BF69
:10DB00008500BDA2033007A91095582014D66020C7
:10DB10005BD64CFED5205BD64C71D6AD4707D019ED
:10DB2000BD1704187D34049D1704B5CF75A095CF9B
:10DB300060BDA203F0032019DC60B516C914F055CE
:10DB4000AD1C07B416C005F004C00DD0026938E959
:10DB5000488501AD1A07E9008500AD1D07694885B4
:10DB600003AD1B0769008502B587C501B56EE500E9
:10DB70003020B587C503B56EE5023019B51EC9055D
:10DB8000F013C00DF00FC030F00BC031F007C03201
:10DB9000F0032098C960FFFFFFB524F0560AB05388
:10DBA000A5094AB04E8A0A0A18691CA8A20486016F
:10DBB0009848B51E2920D034B50FF030B516C924C9
:10DBC0009004C92B9026C906D006B51EC902B01C08
:10DBD000BDD803D0178A0A0A186904AA2027E3A629
:10DBE000089009A9809524A601203ED768A8A6011F
:10DBF000CA10BBA60860060002121107052D2052AC
:10DC0000F1A601B50F100B290FAAB516C92DF00CFE
:10DC1000A601B516C902F06BC92DD02DCE8304D054
:10DC2000622063C395588DCB06A9FE95A0AC5F0713
:10DC3000B936D79516A920C003B0020903951EA9CD
:10DC40008085FEA601A909D033C908F036C90CF0B9
:10DC500032C915B02EB516C90DD006B5CF691895C5
:10DC6000CF201BE0B51E291F0920951EA902B4165E
:10DC7000C005D002A906C006D002A9012011DAA968
:10DC80000885FF60A5094A9036AD47070DD603D039
:10DC90002E8A0A0A186924A82025E3A608901BBD2D
:10DCA000BE06D01BA9019DBE06B56449FF186901D7
:10DCB0009564AD9F07D0084C2CD9A9009DBE066085
:10DCC0002098C9A9062011DAA92085FEA539C90224
:10DCD000900EC903F024A9238D9F07A94085FB60FE
:10DCE000AD5607F01BC901D023A608A9028D56071F
:10DCF00020F185A608A90C4C47D8A90B9D100160FE
:10DD0000A9018D5607A909A0002048D96018E8305C
:10DD1000D008F8A5094AB0F42041DCB023BDD803EF
:10DD2000D01EA50EC908D018B51E2920D012205229
:10DD3000DC2025E3A608B009BD910429FE9D9104CD
:10DD400060B416C02ED0034C00D8AD9F07F0064C2F
:10DD500095D70A0604BD910429011DD803D059A9FD
:10DD6000011D91049D9104C012F04EC00DF07DC0C4
:10DD70000CF079C033F042C015B071AD4E07F06CB5
:10DD8000B51E0AB034B51E2907C902902CB516C9B4
:10DD900006F025A90885FFB51E0980951E2005DA25
:10DDA000B94FD89558A903186D8404BC9607C003D1
:10DDB000B003B992D82011DA60A59F3002D06AB5BD
:10DDC00016C9079009A5CE18690CD5CF905BAD9107
:10DDD00007D056AD9E07D03DADAD03CDAE03900349
:10DDE0004CF6D9B546C901D0034CFFD9AD9E07D03A
:10DDF00024AE5607F0228D5607A9088D9E070A8586
:10DE0000FF20F185A90AA001850E841DA0FF8C4783
:10DE100007C88C7507A608608657E886FCA9FC85AC
:10DE20009FA90BD0E102060506B516C912F0BDA9DF
:10DE30000485FFB516A000C914F01BC908F017C966
:10DE400033F013C90CF00FC8C905F00AC8C911F0A6
:10DE500005C8C907D01DB965D92011DAB5464820D3
:10DE60002FE0689546A920951E2063C39558A9FD0B
:10DE7000859F60C909901D29019516A000941EA9CF
:10DE8000032011DA2063C32005DAB951D895584C24
:10DE9000F1D9100BA904951EEE8404AD8404186D0D
:10DEA00091072011DAEE9107AC6A07B9D2D99D9695
:10DEB00007A9FC859F60B546C901D0034C2CD92029
:10DEC0001CDB4C2CD9A0012043E11001C8944688EA
:10DED000609D1001A9309D2C01B5CF9D1E01ADAEF6
:10DEE000039D170160804020100804027FBFDFEF10
:10DEF000F7FBFDA5094A90ECAD4E07F0E7B516C952
:10DF000015B06EC911F06AC90DF066BDD803D061B5
:10DF10002052DCCA305B86019848B50FF04CB5162C
:10DF2000C915B046C911F042C90DF03EBDD803D0A5
:10DF3000398A0A0A186904AA2027E3A608A40190CE
:10DF400020B51E191E002980D011B991043D25DA93
:10DF5000D018B991041D25DA99910420B4DA4CAA9D
:10DF6000DAB991043D2CDA99910468A8A601CA1087
:10DF7000A5A60860B91E00151E2920D033B51EC9FC
:10DF800006902EB516C905F027B91E000A900AA9F9
:10DF9000062011DA2095D7A40198AA2095D7A608C3
:10DFA000BD2501186904A6012011DAA608FE250185
:10DFB00060B91E00C906901DB91600C905F0F12010
:10DFC00095D7A401B92501186904A6082011DAA67D
:10DFD00001FE25016098AA201CDBA608B516C90D14
:10DFE000F022C911F01EC905F01AC912F008C90EB5
:10DFF000F004C907B00EB55849FFA8C89458B546F3
:10E000004903954660A9FF9DA203AD4707D029B5F6
:10E010001E3025B516C924D006B51EAA205FDB2008
:10E0200041DCB0148A2054DCB5CF85008A48202515
:10E03000E368AA900320BCDBA60860AD4707D03791
:10E040009DA2032041DCB02FA9028500A608205222
:10E05000DC2902D022B9AD04C92090052025E3B007
:10E0600019B9AD0418698099AD04B9AF0418698075
:10E0700099AF04C600D0D5A60860A608B9AF043889
:10E08000EDAD04C904B008A59F1004A901859FAD9A
:10E09000AF0438F9AD04C906B01BA59F3017A50021
:10E0A000B416C02BF005C02CF0018AA6089DA2036F
:10E0B000A900851D60A9018500ADAE0438F9AC0446
:10E0C000C908900DE600B9AE0418EDAC04C909B05A
:10E0D00003204BDFA608608000A8B5CF187916DCB6
:10E0E0002CB5CFA40EC00BF017B4B6C001D01138B8
:10E0F000E92085CE98E90085B5A900859F8D330478
:10E1000060ADD003C9F0B009A4B588D004A5CEC9CC
:10E11000D060A5080A0A186904A8ADD103290FC95F
:10E120000F602010AD1607D02EA50EC90BF028C920
:10E13000049024A901AC0407D00AA51DF004C9036A
:10E14000D004A902851DA5B5C901D00BA9FF8D90EA
:10E1500004A5CEC9CF900160A002AD1407D00CADCC
:10E160005407D00788AD0407D00188B9ADE385EB2B
:10E17000A8AE5407AD1407F001E8A5CEDD62DC902F
:10E180003520E9E3F03020A1DFB04FA49F1027A491
:10E1900004C0049021208FDFB010AC4E07F013AC08
:10E1A0008407D00E20EDBC4CF6DCC926F004A90291
:10E1B00085FFA901859FA4EBA5CEC9CFB06020E85B
:10E1C000E320A1DFB0144820E8E38500688501D092
:10E1D0000CA500F04920A1DF90034C05DE209ADF5A
:10E1E000B03CA49F3038C9C5D0034C0EDE20BDDE44
:10E1F000F02CAC0E07D023A404C0059007A54585DC
:10E20000004C4BDF20C4DEA9F025CE85CE20E8DE11
:10E21000A900859F8D33048D8404A900851DA4EB7E
:10E22000C8C8A9028500C884EBA5CEC9209016C92C
:10E23000E4B02820ECE3F00DC91CF009C96BF0052F
:10E24000209ADF9017A4EBC8A5CEC908900DC9D0BD
:10E25000B00920ECE3D005C600D0CB6020BDDEF0D5
:10E2600061209ADF90034C2EDE20A1DFB05720DD25
:10E27000DE9008AD0E07D04A4CFFDDA41DC000D0D3
:10E280003EA43388D039C96CF004C91FD031ADC465
:10E2900003D004A01084FF09208DC403A586290F94
:10E2A000F00EA000AD1A07F001C8B903DE8DDE063E
:10E2B000A50EC907F00CC908D008A902850E602078
:10E2C0004BDF60A034201CDEEE48074CFEBBA900EB
:10E2D0008D7207A9028D7007A9188557A402A9009D
:10E2E00091064C4D8AF907FF001822506890A4044B
:10E2F000C0069004C00A900160C924F004C925D06A
:10E3000039A50EC905F041A9018533EE2307A50EF5
:10E31000C904F01FA933201697A98085FC4A8D13E4
:10E3200007A204A5CE8D0F07DD29DEB003CAD0F801
:10E330008E0F01A904850E4C88DEC926D00AA5CE11
:10E34000C920B004A901850EA903851DA900855720
:10E350008D0507A58638ED1C07C910B004A90285F4
:10E3600033A433A5060A0A0A0A187924DE8586A58D
:10E3700006D009AD1B07187926DE856D60C95FF0F0
:10E3800002C9606020DDDE9013A9708D0907A9F92C
:10E390008DDB06A9038D86074A8D0E0760C967F0DD
:10E3A00005C96818D0013860A50B2904F05CA500E8
:10E3B000C911D056A501C910D050A9308DDE06A9CB
:10E3C00003850EA91085FFA9208DC403ADD606F0E4
:10E3D0003929030A0AAAA586C9609006E8C9A0904F
:10E3E00001E8BCF287888C5F07BEB49CBDBC9C8DE5
:10E3F0005007A98085FCA9008D51078D60078D5CB1
:10E40000078D5207EE5D07EE570760A900A457A6D7
:10E4100000CAD00AE8C0003028A9FF4C66DFA2027B
:10E42000C001101DA901A0108C8507A0008457C948
:10E430000010018884001865868586A56D650085B5
:10E440006D8A49FF2D90048D900460106188C4206E
:10E45000B0DFDD8BDF60246D8AC620B0DFDD96DFA4
:10E4600060C9C2F006C9C3F0021860A90185FE6048
:10E47000A829C00A2A2AAA986001010202020510EE
:10E48000F0B51E2920D0F1205BE190ECB416C0124B
:10E49000D006B5CFC92590E0C00ED0034C63E1C0D3
:10E4A00005D0034C85E1C012F008C02EF004C0076F
:10E4B000B07420AEE1D0034CE2E020B5E1F0F8C941
:10E4C00023D064A402A9009106B516C915B00CC9E1
:10E4D00006D003208EE1A9012011DAC9099010C9E4
:10E4E00011B00CC90A9004C90D900429019516B504
:10E4F0001E29F00902951ED6CFD6CFB516C907F052
:10E5000007A9FDAC4E07D002A9FF95A0A0012043AA
:10E51000E11001C8B516C933F006C908F0029446E7
:10E5200088B9BFDF955860A50438E908C905B072FD
:10E53000B51E2940D057B51E0A90034CFEE0B51E0B
:10E54000F0F9C905F01FC903B01AB51EC902D015EC
:10E55000A910B416C012D002A9009D9607A9039570
:10E560001E204FE160B516C906F022C912D00EA9CF
:10E57000019546A9089558A5092907F010A0012082
:10E5800043E11001C898D546D0032024E1204FE193
:10E59000B51E2980D005A900951E60B51E29BF951E
:10E5A0001E60B516C903D004B51EF038B51EA80A02
:10E5B0009007B51E09404CFCE0B9B9DF951EB5CFF8
:10E5C000C920901FA016A90285EBA5EBD546D00C5B
:10E5D000A9012088E3F00520B5E1D008C6EBC8C04A
:10E5E0001890E760E005F009B51E0A9004A90285BD
:10E5F000FFB516C905D009A9008500A0FA4C37CA95
:10E600004C36DBB58738E5868500B56EE56D602054
:10E6100063C3B5CF29F0090895CF60B5CF18693E1F
:10E62000C94460205BE1901AB5A0186902C9039043
:10E630001120AEE1F00C20B5E1F007204FE1A9FD7B
:10E6400095A04CFEE020AEE1F01DC923D008209536
:10E65000D7A9FC95A060BD8A07D00CB51E29889566
:10E660001E204FE14CFEE0B51E0901951E60A90079
:10E67000A0154C88E3C926F00EC9C2F00AC9C3F040
:10E6800006C95FF002C96060B5D5C9189021209C09
:10E69000E3F01C20B5E1F017B5A63018B53AD01458
:10E6A000A9FD95A6A901953AB5D529F895D560A9F2
:10E6B00000953A60A9809524A90285FF6002080EA2
:10E6C0002003140D2002140E2002090E150000185C
:10E6D000060000200D0000300D0000080806040AA6
:10E6E00008030E0D140002101504040C1C8A18698E
:10E6F00007AAA002D0078A186909AAA006209CE2EE
:10E700004CDEE2A0488400A0444C52E2A008840001
:10E71000A004B58738ED1C078501B56EED1A0730EA
:10E72000060501F002A400982DD1039DD803D0194D
:10E730004C7CE2E820F6F1CAC9FEB00D8A186901E6
:10E74000AAA001209CE24CDEE28A0A0AA8A9FF994D
:10E75000B00499B10499B20499B304608600B9B8C1
:10E76000038502B9AD0385018A0A0A48A8BD990448
:10E770000A0AAAA501187DFDE199AC04A501187D3E
:10E78000FFE199AE04E8C8A502187DFDE199AC044B
:10E79000A502187DFFE199AE0468A8A60060AD1C33
:10E7A000071869808502AD1A0769008501B586C51D
:10E7B00002B56DE5019015B9AE04300DA9FFBEACF0
:10E7C00004300399AC0499AE04A60860B9AC0410F7
:10E7D00011C9A0900DA900BEAE04100399AE049912
:10E7E000AC04A60860A2008406A9018507B9AC04A0
:10E7F000DDAC04B02ADDAE049012F042B9AE04D90B
:10E80000AC04903ADDAC04B035A40660BDAE04DDC6
:10E81000AC04902AB9AE04DDAC04B022A40660DDDD
:10E82000AC04F01ADDAE049015F013D9AE04900AD2
:10E83000F008B9AE04DDAC04B00418A40660E8C862
:10E84000C60710A938A40660488A186901AA684C4E
:10E85000A5E38A18690DAAA01B4CA3E3A01A8A1885
:10E860006907AAA90020F0E3A608C9006000070E06
:10E8700008030C02020D0D08030C02020D0D080323
:10E880000C02020D0D0800100414040404202008DA
:10E890001808180220200818081812202018181824
:10E8A0001818141406060810C8A9002CA901A20003
:10E8B000488404B9B0E31875868505B56D690029EB
:10E8C000014A05056A4A4A4A20E19BA404B5CE18CC
:10E8D00079CCE329F038E9208502A8B1068503A4A4
:10E8E0000468D005B5CE4C2BE4B586290F8504A568
:10E8F0000360FF00308400ADB903187933E4BE9A99
:10E9000003BCE506840220AEE4ADAE039903029990
:10E910000B02991302186906990702990F029917B9
:10E9200002A921990202990A029912020940990644
:10E9300002990E02991602A205A9E1990102C8C81E
:10E94000C8C8CA10F4A402A500D005A9E099010224
:10E95000A200AD9D0338F90002C9649005A9F89999
:10E960000002C8C8C8C8E8E006D0E7A40060A20654
:10E97000990002186908C8C8C8C8CAD0F3A40260C0
:10E980000400040000040004000800080800080057
:10E9900080828183818380820303C3C3BCF306AD7D
:10E9A0004707D008B52A297FC901F004A200F00763
:10E9B000A5094A4A2903AAADBE03187DC4E49900FB
:10E9C00002187DCCE4990402ADB303187DC0E4992C
:10E9D0000302187DC8E4990702BDD0E4990102BD85
:10E9E000D4E4990502BDD8E4990202990602A6086A
:10E9F000ADD60329FCF009A900952AA9F820C1E5A4
:10EA000060F950F750FAFBF8FBF6FBBCE506ADAE3B
:10EA100003990302186908990702990B0218690CF7
:10EA20008505B5CF20C1E56908990802AD0D0185BE
:10EA300002A90185038504990202990602990A0236
:10EA4000A97E990102990902A97F990502AD0F07D4
:10EA5000F0159818690CA8AD0F010AAABD41E5850B
:10EA600000BD42E520B2EBA608BCE506ADD1032906
:10EA70000EF014A9F8991402991002990C02990841
:10EA80000299040299000260BCE5068402C8C8C865
:10EA9000ADAE0320AEE4A608B5CF20BBE5AC4E0773
:10EAA000C003F005ACCC06F002A9F8BCE50699104D
:10EAB00002991402A95BAE4307F002A975A608C823
:10EAC00020B5E5A902C820B5E5E820F6F1CABCE505
:10EAD000060A489005A9F8990002680A489005A915
:10EAE000F8990402680A489005A9F8990802680A8A
:10EAF000489005A9F8990C02680A489005A9F89968
:10EB00001002680A9005A9F8991402ADD1030A9081
:10EB10000320B3E560A5094AB002D6DBB5DB20C10E
:10EB2000E5ADB303990302186908990702A9029990
:10EB30000202990602A9F7990102A9FB9905024C64
:10EB4000BDE660616263BCF306B52AC902B0C6B512
:10EB5000DB990002186908990402ADB30399030216
:10EB6000990702A5094A2903AABD82E6C820C1E582
:10EB700088A902990202A982990602A608607677FE
:10EB80007879D6D6D9D98D8DE4E476777879020173
:10EB90000201ACEA06ADB9031869088502ADAE03FF
:10EBA0008505A639BDCEE60DCA0385048A480A0A42
:10EBB000AAA90185078503BDBEE68500BDBFE62085
:10EBC000B2EBC60710F1ACEA0668F02FC903F02BD0
:10EBD0008500A5094A29030DCA0399020299060274
:10EBE000A600CAF006990A02990E02B90602094067
:10EBF000990602B90E020940990E024C64EBFCFC26
:10EC0000AAABACADFCFCAEAFB0B1FCA5A6A7A8A961
:10EC1000FCA0A1A2A3A469A56AA7A8A96BA06CA245
:10EC2000A3A4FCFC96979899FCFC9A9B9C9DFCFCE9
:10EC30008F8E8E8FFCFC95949495FCFCDCDCDFDFE2
:10EC4000DCDCDDDDDEDEFCFCB2B3B4B5FCFCB6B36F
:10EC5000B7B5FCFC70717273FCFC6E6E6F6FFCFCE0
:10EC60006D6D6F6FFCFC6F6F6E6EFCFC6F6F6D6D8A
:10EC7000FCFCF4F4F5F5FCFCF4F4F5F5FCFCF5F51E
:10EC8000F4F4FCFCF5F5F4F4FCFCFCFCEFEFB9B893
:10EC9000BBBABCBCFCFCBDBDBCBC7A7BDADBD8D843
:10ECA000CDCDCECECFCF7D7CD18CD3D27D7C89888B
:10ECB0008B8AD5D4E3E2D3D2D5D4E3E28B8AE5E5DF
:10ECC000E6E6EBEBECECEDEDEEEEFCFCD0D0D7D7CE
:10ECD000BFBEC1C0C2FCC4C3C6C5C8C7BFBECAC9C7
:10ECE000C2FCC4C3C6C5CCCBFCFCE8E7EAE9F2F23F
:10ECF000F3F3F2F2F1F1F1F1FCFCF0F0FCFCFCFCBE
:10ED00000C0C000C0CA8543CEA184848CCC018184D
:10ED1000189024FF489CD2D8F0F6FC0102030201AF
:10ED20000103030301010202210102010102FF02AA
:10ED3000020101020202081818191A1918B5CF8524
:10ED400002ADAE038505BCE50684EBA9008D090183
:10ED5000B5468503BDC5038504B516C90DD00AB4F3
:10ED6000583006BC8A07F00160B51E85ED291FA842
:10ED7000B516C935D008A000A9018503A915C93366
:10ED8000D013C602A903BC8A07F00209208504A09B
:10ED90000084EDA908C932D008A003AE0E07BD78E3
:10EDA000E885EF84ECA608C90CD007B5A03003EEC7
:10EDB0000901AD6A03F009A016C901F001C884EF8A
:10EDC000A4EFC006D01DB51EC9029004A20486ECB3
:10EDD00029200D4707D00CA5092908D006A503490D
:10EDE000038503B95BE805048504B940E8AAA4ECEF
:10EDF000AD6A03F030C901D013AD63031002A2DE87
:10EE0000A5ED2920F0038E09014C4BEAAD630329DF
:10EE100001F002A2E4A5ED2920F0EEA50238E910E8
:10EE200085024C46E9E024D011C005D00AA230A9E1
:10EE3000028503A90585EC4CCAE9E090D012A5ED46
:10EE40002920D009AD8F07C910B002A2964C37EA2D
:10EE5000A5EFC904B010C002900CA25AA4EFC002E2
:10EE6000D004A27EE602A5ECC904D01EA272E6027E
:10EE7000A4EFC002F004A266E602C006D00CA254C1
:10EE8000A5ED2920D004A28AC602A408A5EFC905D1
:10EE9000D00CA5EDF0242908F05DA2B4D01CE04808
:10EEA000F018B99607C905B04EE03CD00DC901F085
:10EEB00046E602E602E6024C29EAA5EFC906F0376B
:10EEC000C908F033C90CF02FC918B02BA000C91520
:10EED000D010C8AD5F07C907B01DA2A2A90385EC79
:10EEE000D015A5093976E8D00EA5ED29A00D470764
:10EEF000D0058A186906AAA5ED2920F00EA5EFC94C
:10EF0000049008A0018C09018884ECA4EB20AAEBF2
:10EF100020AAEB20AAEBA608BCE506A5EFC908D0FD
:10EF2000034C64EBAD0901F03DB902020980C8C889
:10EF300020B5E5888898AAA5EFC905F00DC911F09C
:10EF400009C915B0058A186908AABD010248BD059E
:10EF50000248B911029D0102B915029D0502689986
:10EF6000150268991102AD6A03D0B6A5EFA6ECC9E7
:10EF700005D0034C64EBC907F01DC90DF019C90C8D
:10EF8000F015C912D004E005D048C915D005A94232
:10EF9000991602E002903BAD6A03D036B90202290D
:10EFA000A3990202990A029912020940E005D002CF
:10EFB0000980990602990E02991602E004D013B94D
:10EFC0000A020980990A029912020940990E0299CF
:10EFD0001602A5EFC911D036AD0901D021B9120230
:10EFE0002981991202B916020941991602AE8F07BA
:10EFF000E010B030990E022981990A029026B902D8
:10F00000022981990202B906020941990602A5EF77
:10F01000C9189010A982990A029912020940990E02
:10F0200002991602A608ADD1034A4A4A489005A99A
:10F030000420C1EB684A489005A90020C1EB684A4A
:10F040004A489005A91020B7EB684A489005A908DE
:10F0500020B7EB684A901220B7EBB516C90CF0093F
:10F06000B5B6C902D0032098C960BD3EE78500BD92
:10F070003FE785014C82F2187DE506A8A9F84CC14E
:10F08000E5187DE506A8204AEC9910026085858682
:10F0900086ADBC038502ADB1038505A90385044A8D
:10F0A0008503BCEC06A200BDCDEB8500BDCEEB20F8
:10F0B000B2EBE004D0F1A608BCEC06AD4E07C901E6
:10F0C000F008A986990102990502BDE803C9C4D0D8
:10F0D00024A987C820BBE588A903AE4E07CAF00162
:10F0E0004AA60899020209409906020980990E026F
:10F0F0002983990A02ADD403482904F008A9F89994
:10F100000402990C02682908F008A9F899000299EC
:10F11000080260A9028500A975A40EC005F006A921
:10F12000038500A984BCEC06C820BBE5A5090A0A32
:10F130000A0A29C00500C820BBE58888ADBC0320A9
:10F14000C1E5ADB103990302BDF10338ED1C07859C
:10F150000038EDB10365006906990702ADBD03995A
:10F160000802990C02ADB203990B02A50038EDB26A
:10F170000365006906990F02ADD4032046ECADD4B7
:10F18000030A9005A9F820C1E5A5001010B90302F3
:10F19000D907029008A9F8990402990C0260BCF101
:10F1A00006ADBA03990002ADAF03990302A5094A5F
:10F1B0004A4829014964990102684A4AA902900211
:10F1C00009C099020260686766BCEC06B524F624A3
:10F1D0004A2907C903B04AAABD06EDC820BBE58885
:10F1E000A608ADBA0338E904990002990802186923
:10F1F00008990402990C02ADAF0338E9049903029F
:10F20000990702186908990B02990F02A90299023D
:10F2100002A982990602A942990A02A9C2990E027C
:10F2200060A900952460BCE506A95BC820B5E5C8C7
:10F23000A90220B5E58888ADAE03990302990F02B3
:10F24000186908990702991302186908990B02991D
:10F250001702B5CFAA48E020B002A9F820BEE568A1
:10F26000186980AAE020B002A9F8990C029910024E
:10F27000991402ADD103482908F008A9F8990002B1
:10F28000990C0268482904F008A9F8990402991019
:10F2900002682902F008A9F8990802991402A60840
:10F2A00060A4B588D020ADD3032908D019BCEE06E0
:10F2B000ADB003990302ADBB03990002A974990193
:10F2C00002A902990202602028C818004050588004
:10F2D00088B87860A0B0B8000102030405060708EA
:10F2E000090A0B0C0D0E0F10111213141516171816
:10F2F000191A1B1C1D1E1F20212223242526270826
:10F300000928292A2B2C2D08090A0B0C302C2D0832
:10F31000090A0B2E2F2C2D080928292A2B5C5D08A1
:10F32000090A0B0C0D5E5FFCFC080958595A5A0873
:10F330000928292A2B0E0FFCFCFCFC32333435FC47
:10F34000FCFCFC36373839FCFCFCFC3A373B3CFC17
:10F35000FCFCFC3D3E3F40FCFCFCFC32414243FCDB
:10F36000FCFCFC32334445FCFCFCFC32334447FCDF
:10F37000FCFCFC32334849FCFCFCFC32339091FC31
:10F38000FCFCFC3A379293FCFCFCFC9E9E9F9FFC8D
:10F39000FCFCFC3A374F4FFCFC00014C4D4E4E003C
:10F3A000014C4D4A4A4B4B3146AD9E07F005A5092D
:10F3B0004AB040A50EC90BF047AD0B07D03CAC04DA
:10F3C00007F031A51DC900F02B2034EFA509290451
:10F3D000D021AAACE406A5334AB004C8C8C8C8AD59
:10F3E0005407F009B91902CDB5EEF007E8BDE7EE14
:10F3F0009919026020ECEF4C45EF20B0F04C45EF3E
:10F40000A00EB907EE8DD506A90420BEEF20E9F0C5
:10F41000AD1107F025A000AD8107CD11078C1107B4
:10F42000B0188D1107A007B907EE8DD506A004A569
:10F4300057050CF001889820BEEFADD0034A4A4A28
:10F440004A8500A203ADE406186918A8A9F8460089
:10F45000900320C1E59838E908A8CA10EF60580168
:10F460000060FF04A205BD9EEF9502CA10F8A2B885
:10F47000A00420DCEFAD260209408D220260850742
:10F48000ADAD038D55078505ADB8038502A5338560
:10F4900003ADC4038504AED506ACE406BD17EE8506
:10F4A00000BD18EE20B2EBC607D0F160A51DC90360
:10F4B000F052C902F03EC901D011AD0407D051A0ED
:10F4C00006AD1407D022A0004C28F0A006AD14070A
:10F4D000D016A002A557050CF00EAD0007C9099083
:10F4E0001BA5452533D015C82091F0A9008D0D0727
:10F4F000B907EE60A0042091F04C62F0A0042091C6
:10F50000F04C68F0A005A59FF0DE2091F04C6DF066
:10F51000A0012091F0AD82070D0D07D00BA50A0ABE
:10F52000B006AD0D074CD0F0A9034C6FF0A90285D1
:10F53000002062F048AD8107D015AD0C078D810722
:10F54000AD0D07186901C5009002A9008D0D07686F
:10F5500060AD5407F00598186908A8600001000123
:10F56000000102000102020002000200020002008B
:10F57000AC0D07A5092903D00DC8C00A9005A0004D
:10F580008C0B078C0D07AD5407D00CB99CF0A00F65
:10F590000A0A0A7907EE609818690AAAA009BD9CB0
:10F5A000F0D002A001B907EE60ACE406A50EC90BCD
:10F5B000F013ADD506C950F01EC9B8F01AC9C0F095
:10F5C00016C9C8D024B91202293F991202B91602ED
:10F5D000293F0940991602B91A02293F991A02B91E
:10F5E0001E02293F0940991E0260A200A0004C4261
:10F5F000F1A00120A8F1A0034C42F1A00020A8F145
:10F60000A0022071F1A60860A00220A8F1A0064C7B
:10F6100042F1A901A0014C65F1A909A0042065F1FE
:10F62000E8E8A909C88600186500AA2071F1A608B3
:10F6300060B5CE99B803B58638ED1C0799AD036067
:10F64000A200A0004CC0F1A00020A8F1A0024CC074
:10F65000F1A00120A8F1A0034CC0F1A00220A8F164
:10F66000A0064CC0F107160D8A1879A5F1AA60A969
:10F6700001A0014CBAF1A909A0048600186500AAEE
:10F68000984820D7F10A0A0A0A0500850068A8A54B
:10F690000099D003A6086020F6F14A4A4A4A85003C
:10F6A0004C39F27F3F1F0F0703010080C0E0F0F8E4
:10F6B000FCFEFF070F078604A001B91C0738F5867A
:10F6C0008507B91A07F56DBEF3F1C9003010BEF415
:10F6D000F1C9011009A9388506A908206DF2BDE31A
:10F6E000F1A604C900D0038810D06000080C0E0FEA
:10F6F00007030100040004FF008604A001B937F2EB
:10F7000038F5CE8507A901F5B5BE34F2C900301031
:10F71000BE35F2C9011009A9208506A904206DF2A1
:10F72000BD2BF2A604C900D0038810D1608505A5C1
:10F7300007C506B00C4A4A4A2907C001B002650550
:10F74000AA60A5034A4AA500900C990502A5019953
:10F750000102A940D00A990102A501990502A90058
:10F760000504990202990602A50299000299040271
:10F77000A505990302186908990702A502186908E6
:10F78000850298186908A8E8E860FFFFFFFFFFFFFF
:10F79000AD7007D0048D154060A9FF8D1740A90FEB
:10F7A0008D1540ADC607D006A5FAC901D05DADB232
:10F7B00007D023A5FAF0668DB2078DC607A9008D84
:10F7C000154085F185F285F3A90F8D1540A92A8D85
:10F7D000BB07A944D011ADBB07C924F008C91EF06E
:10F7E000F1C918D009A964A284A07F2088F3CEBBF8
:10F7F00007D02AA9008D1540ADB207C902D005A9CE
:10F80000008DC607A9008DB207F012201BF4207CE2
:10F81000F52067F62094F6A90085FB85FCA90085F4
:10F82000FF85FE85FD85FAACC007A5F42903F00726
:10F83000EEC007C030900698F003CEC0078C114090
:10F84000608C01408E0040602081F3A200A8B901C5
:10F85000FFF00B9D0240B900FF09089D0340608E38
:10F8600004408C054060209FF3A204D0E0A208D0A1
:10F87000DC9F9B989695949290909A97959392A9D5
:10F88000408DBB07A962208BF3A299D025A926D071
:10F8900002A918A282A0A72088F3A9288DBB07ADD2
:10F8A000BB07C925D006A25FA0F6D008C920D02981
:10F8B000A248A0BC2081F3D020A905A099D004A91A
:10F8C0000AA093A29E8DBB07A90C2088F3ADBB07AD
:10F8D000C906D005A9BB8D0140D060A4FFF02084EB
:10F8E000F130AA46FFB0AA46FFB0D446FFB02C467E
:10F8F000FFB04A46FFB07F46FFB0BE46FFB080A5CE
:10F90000F1F017309A4AB0974AB0C24AB01B4AB0D9
:10F910003C4AB0674AB0B64AB04860A90E8DBB07F2
:10F92000A09CA29EA9262088F3ACBB07B9B0F38D9A
:10F930000040C006D005A99E8D0240D025A90EA08A
:10F94000CBA29F8DBB07A9282088F3D015ACBB079D
:10F95000C008D009A9A08D0240A99FD002A9908D0E
:10F960000040CEBB07D00EA20086F1A20E8E15403D
:10F97000A20F8E154060A92F8DBB07ADBB074AB003
:10F98000104AB00D2902F009A091A29AA94420883A
:10F99000F34CA2F4580254564E444C524C483E3656
:10F9A0003E3630284A504A643C323C322C243A6479
:10F9B0003A342C222C221C1414042224160424264B
:10F9C000180426281A04282A1C042A2C1E042C2E6B
:10F9D00020042E3022043032A935A28DD004A9068D
:10F9E000A2988DBD07A07FA94220A6F3ADBD07C98F
:10F9F00030D005A9548D0640D02EA9208DBD07A07A
:10FA000094A95ED00BADBD07C918D01CA093A9184E
:10FA1000D07FA9368DBD07ADBD074AB00BA8B9D9B7
:10FA2000F4A25DA07F20A6F3CEBD07D00EA2008673
:10FA3000F2A20D8E1540A20F8E154060A5F229404E
:10FA4000D065A4FEF02084F2303E46FEB08A46FE29
:10FA5000B06A46FEB06A46FEB0A046FEB08046FEE2
:10FA6000B0B046FEB03CA5F2F01730274AB0134ABA
:10FA7000B05D4AB05A4AB08D4AB0074AB0994AB010
:10FA800026604C2CF54C68F5A9388DBD07A0C4A99B
:10FA900018D00BADBD07C908D08EA0A4A95AA29F4B
:10FAA000D083A9308DBD07ADBD07A2034AB0D6CA29
:10FAB000D0FAA8B9D3F4A282A07FD0E4A910D002D2
:10FAC000A9208DBD07A97F8D0540A9008DBE07EE39
:10FAD000BE07ADBE074AA8CCBD07F00CA99D8D049A
:10FAE00040B9F8F420A9F3604C6DF5010E0E0D0B32
:10FAF000060C0F0A09030D080D060CA9208DBF077F
:10FB0000ADBF074A9012A8BE2BF6B9EAFF8D0C4094
:10FB10008E0E40A9188D0F40CEBF07D009A9F08DD9
:10FB20000C40A90085F360A4FDF00A84F346FDB003
:10FB3000CA46FDB00BA5F3F0064AB0C44AB0066051
:10FB4000A9408DBF07ADBF074AA8A20FB9C9FFD012
:10FB5000BC4C3AF7A5FCD00CA5FBD02CADB10705E9
:10FB6000F4D0EE608DB107C901D00620A7F4207152
:10FB7000F5A6F48EC507A0008CC40784F4C940D054
:10FB800030A2088EC407D029C904D00320A7F4A04E
:10FB9000108CC707A0008CB10785F4C901D00EEE08
:10FBA000C707ACC707C032D00CA011D0E4A00884AE
:10FBB000F7C84A90FCB90CF9A8B90DF985F0B90E4F
:10FBC000F985F5B90FF985F6B910F985F9B911F983
:10FBD00085F8B912F98DB0078DC107A9018DB40759
:10FBE0008DB6078DB9078DBA07A90085F78DCA07AD
:10FBF000A90B8D1540A90F8D1540CEB407D05FA479
:10FC0000F7E6F7B1F5F004103DD02FADB107C940CC
:10FC1000D005ADC507D01D2904D01CA5F4295FD09F
:10FC200013A90085F48DB1078D0840A9908D00407F
:10FC30008D0440604CD4F64CA4F620CBF88DB3076D
:10FC4000A4F7E6F7B1F5A6F2D00E20A9F3F0032051
:10FC5000D8F88DB507209FF3ADB3078DB407A5F293
:10FC6000D01AADB1072991D013ACB507F003CEB5CA
:10FC70000720F4F88D0440A27F8E0540A4F8F05AC6
:10FC8000CEB607D032A4F8E6F8B1F5D00FA9838D2F
:10FC90000040A9948D01408DCA07D0E920C5F88D98
:10FCA000B607A4F1D0348A293E208BF3F00320D884
:10FCB000F88DB7072081F3A5F1D01FADB1072991C9
:10FCC000D00EACB707F003CEB70720F4F88D004094
:10FCD000ADCA07D002A97F8D0140A5F9CEB907D0E2
:10FCE0004CA4F9E6F9B1F5F041101320CBF88DB82A
:10FCF00007A91F8D0840A4F9E6F9B1F5F02C20AD55
:10FD0000F3AEB8078EB907ADB107296ED006A5F4DA
:10FD1000290AF0198AC912B00FADB1072908F004F9
:10FD2000A90FD006A91FD002A9FF8D0840A5F4296C
:10FD3000F3F051CEBA07D04CACB007EEB007B1F536
:10FD4000D008ADC1078DB007D0EE20C5F88DBA0739
:10FD50008A293EF024C930F018C920F00C2910F08F
:10FD600018A91CA203A018D012A91CA20CA018D07C
:10FD70000AA91CA203A058D002A9108D0C408E0E17
:10FD8000408C0F4060AA6A8A2A2A2A29071865F03F
:10FD90006DC407A8B966FF60ADB1072908F004A9D2
:10FDA00004D00CA5F4297DF004A908D002A928A24A
:10FDB00082A07F60ADB1072908F004B996FF60A565
:10FDC000F4297DF004B99AFF60B9A2FF60A55954E7
:10FDD00064593C314B695E464F368D364B8D6969AF
:10FDE0006F756F7B6F756F7B8187818D6969939963
:10FDF000939F9399939F8187818D9399939F087285
:10FE0000FC271820B8F92E1A4020B0FC3D2120C450
:10FE1000FC3F1D1811FD0000081CFA0000A4FB9314
:10FE20006210C8FE24141845FC1E140852FDA07070
:10FE3000680851FE4C241801FA2D1CB81849FA2004
:10FE400012701875FA1B1044189DFA110A1C18C27A
:10FE5000FA2D105818DBFA140D3F18F9FA150D2178
:10FE60001825FB18107A184BFB190F541874FB1E39
:10FE7000122B1872FB1E0F2D842C2C2C82042C04A8
:10FE8000852C842C2C2A2A2A82042A04852A842A56
:10FE90002A001F1F1F981F1F989E981F1D1D1D942D
:10FEA0001D1D949C941D861885263084042630865A
:10FEB0001485222C8404222C21D0C4D031D0C4D06B
:10FEC00000852C221C84262A822826048722343A84
:10FED00082400436843A34822C30852A005D554DA8
:10FEE00015199615D5E3EB2DA62B279C9E59852237
:10FEF0001C14841E2282201E04871C2C348236048B
:10FF00003034042C04262A85228404823A3836327E
:10FF100004340424262C04262C300005B4B2B02B63
:10FF2000AC849C9EA284949C9E851422842C851E65
:10FF3000822C842C1E8404823A38363204340464C1
:10FF4000046486640005B4B2B02BAC8437B6B64501
:10FF500085141C8222842C4E824E844E2284048579
:10FF6000328530862C040005A4059E059D858414E9
:10FF70008524282C822284221421D0C4D031D0C4DC
:10FF8000D000822C842C2C822C3004342C04268625
:10FF90002200A42525A429A21D9C95822C2C042C8A
:10FFA000042C308534040400A42525A4A86304850A
:10FFB0000E1A8424852214840C8234843434822CD6
:10FFC0008434863A0400A02121A0212B05A38218A5
:10FFD00084181882181804863A22319031903171B1
:10FFE00031909090008234842C852284248226369D
:10FFF0000436862600AC275D1D9E2DAC9F8514829D
:020000040803EF
:100000002084222C1E1E822C2C1E04872A40404055
:100010003A3682342C0426862200E3F7F7F7F5F10E
:10002000AC279E9D8518821E84222A2222822C2C97
:1000300022048604822A36043687363430862C041D
:100040000000686A6C45A231B0F1EDEBA21D9C95F1
:100050008604852282228722262A842C2286145115
:1000600090311100802228222622242226222822B2
:100070002A22282226222822262224222622282238
:100080002A22282226202620242026202820262036
:100090002820262024202620242026202820262030
:1000A0002820262024283028322830282E283028BE
:1000B0002E282C282E283028322830282E28302888
:1000C0002E282C282E0004706E6C6E7072706E706C
:1000D0006E6C6E7072706E6E6C6E706E706E6C6E3A
:1000E0006C6E706E706E6C767876747674727476F0
:1000F00078767476747274841A831820841E831C34
:1001000028261C1A1C822C0404220404841C872622
:100110002A26842428248022009C0594050D9F1EF5
:100120009C989D822204041C04048414861E80165C
:100130008014811C30043030041E3204323204201A
:100140003404343404360484360046A464A448A637
:1001500066A64AA868A86A442B812A42044242043F
:100160002C64046464042E4604464604220484225B
:100170008704060C141C22862C228704600E141A95
:1001800024862C2487040810181E288630308064AA
:1001900000CDD5DDE3EDF5BBB5CFD5DBE5EDF3BDAA
:1001A000B3D1D9DFE9F1F7BFFFFFFF340086048741
:1001B000141C228634842C04040487141A248632E6
:1001C000842C04860487181E2886368730303080B9
:1001D0002C82142C62261028800482142C62261093
:1001E00028800482081E5E18601A800482081E5E41
:1001F00018601A8604831A181684141A180E0C161E
:100200008314201E1C282687241A1210620E8004D4
:10021000040082181C20222628812A2A2A042A0463
:10022000832A822286343234810422262A2C308684
:10023000348332823684348504812286302E3081A4
:100240000422262A2C2E863083228236843485048A
:100250008122863A3A3A823A81408204813A86364D
:1002600036368236813A82048136863482262A36B0
:100270008134348534812A862C008490B084505097
:10028000B000989694929496585858445C449FA312
:10029000A1A385A3E0A623C49F9D9F859FD2A623EB
:1002A000C4B5B1AF85B1AFAD85959EA2AA6A6A6BA0
:1002B0005E9D840404822286228214222C12222A29
:1002C00014222C1C222C14222C12222A14222C1C24
:1002D000222C18222A16202818222A12222A182212
:1002E0002A12222A14222C0C222C142234122230FC
:1002F00010222E16223418263616263614263612CA
:1003000022365C22340C2222811E1E851E8112861A
:1003100014812C221C2C221C852C04812E241E2EA0
:10032000241E852E048132282232282285328736E7
:100330003636843A005C544C5C544C5C1C1C5C5C4F
:100340005C5C5E564E5E564E5E1E1E5E5E5E5E627D
:100350005A50625A5062222262E7E7E72B861481E4
:100360001480141481141414148616811680161621
:1003700081161616168128221A28221A2880282863
:100380008128872C2C2C84308304840C8362108475
:1003900012831C221E2226181E041C00E3E1E31D0A
:1003A000DEE023EC7574F0F4F6EA312D83121404C8
:1003B000181A1C1426221E1C181E220C14FFFFFFE4
:1003C0000088002F000002A60280025C023A021A96
:1003D00001DF01C401AB0193017C016701530140BE
:1003E000012E011D010D00FE00EF00E200D500C945
:1003F00000BE00B300A900A00097008E0086007721
:10040000007E007100540064005F005900500047F6
:100410000043003B0035002A00230475035702F90E
:1004200002CF01FC006A050A1428501E3C02040891
:1004300010204018300C03060C1830122408360324
:100440000906121B240C240206040C1218081201BF
:10045000030206090C0498999A9B9094949595969A
:100460009798909192929393939494949494949552
:100470009595959595969696969696969696969621
:100480009696969696969595949315161617171810
:1004900019191A1A1C1D1D1E1E1F1F1F1F1E1D1C91
:1004A0001E1F1F1E1D1C1A181614151616171718B6
:1004B00019191A1A1C1D1D1E1E1F82800080F0FFB4
:1004C000030F1F1F1C242666000000001F3F3F7FF4
:1004D000E0C080FC80C0002000206000F0FCFEFE38
:1004E000607018070F1F3F7F7F7F1F07001E3F7F31
:1004F000FC7C0000E0F0F8F8FCFCF8C0C2672F3785
:100500007F7FFFFF07070F0F7F7EFCF0F8F8F0708A
:10051000FDFEB4F8F8F9FBFF37365C000001031F5D
:100520001F3FFFFFFC7070380824E3F0F87070384C
:10053000FFFFFF1F000000001F1F1F1F0000000023
:10054000000001070F0F0E120000000000000F1F37
:100550000000F0E0C0FE4060000000103000F8FE37
:1005600013333018040F1F1F1F3F3F1F07081717B3
:1005700000107E3E0000C0E0FFFFFEFEFCE040A059
:100580003F3F3F1F1F1F1F1F37272303010000008E
:10059000F0F0F0F8F8F8F8F8CCFFFFFFFF70000873
:1005A000FFFFFFFEF0C08000F0F0F0F0F0C0800030
:1005B000FCFCF87878787E7E1060800078787E7E0B
:1005C00000030F1F1F1C242600000000001F3F3FD8
:1005D00000E0C080FC80C0000000206000F0FCFE55
:1005E000666030180F1F3F3F7F7F3F1F00162F2F81
:1005F00020FC7C0000E0E0F0FEFCFCF8C060203055
:100600003F3F3F3F3F3F3F1F2F2F2F0F070300006C
:10061000F09000080C1CFCF810F0F0F0F0E0C0E0E6
:100620000F0F0707070F0F0301030104070F0F0345
:10063000F8F0E0F0B080E0E0F8F0E070B080E0E0EA
:10064000033F7F190909285C0030707FFFFFF7F333
:10065000F8E0E0FC2630801000181000F8F8FEFFEB
:100660003E1E3F383030003AE70F0F1F1F1F0F07A5
:10067000781E80FE7E7E7F7FFFFEFCC68EEEFFFF33
:100680003C3F1F0F073F21200300000E073F3F3F65
:10069000FFFFFFFEFEFEFC70FF7F3F0EC0C0E0E0EC
:1006A0000F9FCFFF7F3F1E0E0080C8FE7F3F1E0EB4
:1006B00020C0808000000000E0000000000000007A
:1006C0000000030F1F1F1C240000000000001F3F3C
:1006D0000004E6E0FFFF8F830E1F1F1F1F03FFFFB5
:1006E00026266078180F7FFF3F3F7F7F1F007EFF29
:1006F0000121FE7A06FEFCFCFFFFFEFEFEDE5C6CC6
:10070000FFCF8707070F1F1FFFFFFEFCF8B0600039
:10071000F8F8F0B8F8F9FBFF283018400001030F93
:100720001FFFFFFFFFFEC08010ECE3E0E0E0C080B1
:10073000FFFFFF3F000000000F0F0F0F0000000041
:1007400013333018040F1F1F1F3F3F1F07091317D4
:1007500000107E30E0F0F0E0FFFFFEFFFEFCF8E06E
:100760001F1F0F0F0F1F1F1F171703000000000090
:10077000F0F0F8F8B8F8F8F8D09018084000000049
:100780003FFFFFFFF6C6840030F0F0F1F6C68400AC
:10079000F0E0800000000000000000000000000009
:1007A0001F1F3F3F1F0F0F1F1F1F3F3E7C78F0E0B2
:1007B000F0F0F8F8B8F8F8F0B09018084000000031
:1007C000E0F0F0F0F0F0F8F0C0E0FCFEFF7F030096
:1007D0001F1F1F3F3E3C3818000010383E3C3818A1
:1007E000000307070A0B0C00000000070F0F0F03A0
:1007F00000E0FC2020103C00000000F0FCFEFCF8B3
:100800000707071F1F3E2101070F1B18103021018A
:10081000E0E0E0F0F0E0C0E0A8FCF8000000C0E09C
:10082000070F0E141618003F00000F1F1F1F073C74
:10083000C0F84040207800C00000E0F8FCF8F0C0AC
:100840003F0E0F1F3F7C7038FCEDC0000060703819
:10085000F0F8E4FCFC7C00007E1E040C0C0C000094
:10086000070F0E141618000F00000F1F1F1F070D93
:100870001F1F1F1C0C0707071E1C1E0F0700070762
:10088000E060F070E0E0F0806090008000E0F080D8
:10089000071F3F1213081F3100103F7F7F3F030FD8
:1008A000C0F040003018C0F80000E0F8FCF8B038A4
:1008B00031391F1F0F5F7E3C1F07000E0F537C3C1A
:1008C000F8F8F0E0E0C00000F8F8F0000080000068
:1008D00000E0FC2727113E04070703F7FFFFFEFC9B
:1008E0003F7F3F0F1F3F7F4F3E7FFFE250387040FA
:1008F000F8F9F9B7FFFFE000E871014B03030000CE
:1009000007070F3F3F3F2604050301303030260420
:10091000F0F0F0E0C0000000FEFCE000000000008D
:1009200007070F1F3F0F1C1805030110300C1C1880
:10093000E0E0E0E0C0800000C0E0F07818080000CF
:10094000070F1F0F3F0F1C18070F3E7C300C1C18A1
:10095000E0E0E040C08000006060608000000000D7
:100960007FFFFFFB0F0F0F1F73F3F0F4F0F07060C9
:100970003F7E7C7C3C3CFCFC000000003C3CFCFCE2
:10098000607018080F1F3F7F7F7F1F070B1B3B7B8B
:10099000FC7C0020F0F8FCFEFCFCF8E0D0D8DCDEAB
:1009A0000B0F1F1E3C3C3C7CC4E0E040003C3C7C08
:1009B0001F3F0D070F0E1C3C1D3C3A3830001C3CFD
:1009C00000000000000000002255555555557722C3
:1009D00000071FFF071F0F060000000000000000B7
:1009E0003FFFFFFFFFFFFB760000CF077F00000007
:1009F00020F8FFC3FDFEF04000003CFCFEE00000DC
:100A000040E0404041414F4740E0403F3E3E3038AB
:100A1000000000000000E0C0000000F8F8F81838FE
:100A200043464440404040403C393B3F00000000CA
:100A300080C04000000000007838B8F800000000D6
:100A40003130387C7FFFFFFB3F3F0F7777F7F7F7B9
:100A5000107E3E001EFEFFFFFFFEFEFEFAFAF3E7E9
:100A6000FFFFE3C387483CFCF0F8FC7C78383CFC93
:100A700000FFC38383FFFFFFFF00C38181C3FF002B
:100A80001F1F0F0701000000000000000000000011
:100A9000F0FBFFFFFE3E0C04000B1F1F1E3E0C046C
:100AA0001F1F0F0F070000000000000000000000E3
:100AB000FBFFFFFFFF000000030F0F0F0F00000000
:100AC00000183C7E6EDFDFDF00183C7E76FBFBFB10
:100AD0000018183C3C3C3C1C00101020202020201A
:100AE000000808080808080000080808080808089E
:100AF000000808040404040400101038383838389A
:100B00003C7E77FB9F5F8E2000183C0E0E04000099
:100B10005C2E8F3F7B777E3C000004061E3C180055
:100B2000134F3FBF3F7AF8F80000010A170F2F1F3D
:100B30000008050F2F1D1C3C0000000005070F07D3
:100B400000000000020B070F00000000000001037E
:100B500000000000000804040060F0F87C3E7E7F86
:100B600002020205717F7F7F3F5F7F3E0E0A5120A8
:100B700000000000000000040000000000000E1F44
:100B800002020001133F7F7F3F7F7FFEECCA5120AE
:100B90000040607073270F1F004063777C38F8E4D3
:100BA0000000000003070F1F000003070C18F8E403
:100BB0007F7F3F3F1F1F0F070344281008040304D3
:100BC00003070F1F3F7777F503070F1F277B78FB7E
:100BD000C0E0F0F8FCEEEEAFC0E0F0F8E4DE1EDFBF
:100BE000F1FF780000181C0EFFFF7F0F0F070300B6
:100BF0008FFF1E000C3E7E7CFFFFFEF0F0C08000E9
:100C0000000000000000000000001824241800006C
:100C1000000241416133063C3C7EFFFFFFFF7E3C0A
:100C200003070F1F3F7F7FFF03070F1F3F6341C174
:100C3000C0E0F0F8FCFEFEFFC08000008CFEFEF37A
:100C4000FFFFFF7800000000C1E3FF470F0F0F0711
:100C5000FFFFFF1E00202040F1F9FFE2F0F0F0E07E
:100C6000161F3F7F3D1D3F1F161F0000050D3F1F34
:100C70008080C0E0F0F0F0F88080000000A0A0E0EC
:100C80003CFAB172F2DBDF5F00044E8C0C7FFFFF99
:100C9000000000010101061E00000000000001012B
:100CA0000000000000000000FF7F3F1F0F0703014E
:100CB000007CD692BAEEFE38FF83296D451101C73C
:100CC00000153F625FFF9F7D0808021F220202009D
:100CD00000000000000000000808080808080808D4
:100CE0002F1E2F2F2F150D0E101E10501008000054
:100CF0000000000000000000000000FE00000000F6
:100D00001C3E7FFFFFFE7C381C2A77EEDDAA74288C
:100D100000FFFFFFFFFFFFFFFFFEFE00EFEFEF0012
:100D2000FFFFFFFFFFFFFFFFFEFEFE00EFEFEF0004
:100D30007FFFFFFFFFFFFFFF007F5F7F7F7F7F7FE2
:100D4000684EE0E0E0F0F8FCB89E80C0E0F0F87C8F
:100D50003F5C393BBBF9FCFE0023574F5727C321AB
:100D6000C0F0F0F0F0E0C00000307070F0E0C000C3
:100D7000FEFC610FFFFEF0E0130F1EF0FCF8F0E048
:100D80006E40E0E0E0E0E0C0BE9080C0C0800000C7
:100D900001010303077F7F3F01010303077F7D3DBF
:100DA00006073F3C197B7F3F060430230664600042
:100DB0003F7F7F1F3F3F0706006060002030040632
:100DC00003070F0F0F0F07030001010000000000D1
:100DD000F8F8F8A0E1FFFFFFFEFFFF400103030367
:100DE0000F0F0F1F1F1F0F07010100000000000061
:100DF000E0F8F8F8FFFEF0C0E0FEFF7F030200001D
:100E0000010F0F1F3933377F010D0800362C0860A2
:100E10007F3F3F3F1F0F0F016000203000080D0192
:100E200000000303476777770101034367777B7807
:100E3000000000008898F8F000008084CCDCBC3C06
:100E40007E7FFF1F07301C0C330707E3383F1C0C65
:100E50007E38F6EDDF38706098C7C89230F8706061
:100E60000000000303476777000101034367777BB6
:100E700000000000008898F80000008084CCDCBCF2
:100E8000777E7FFF1F0770F078330707E3387FF026
:100E9000F07E38F6EDDF383C3C98C7C89230F83C1D
:100EA00003070A1A1C1E0B0800107F7F7F1F0F0FFD
:100EB0001C3F3F3D3F1F00000333393A3818000004
:100EC0000000044C4E4E466F10383C7476767E7DA2
:100ED000001F3F3F4F5F7F7F0000110A342A5120DF
:100EE0007F67A3B0D8DEDCC87F676370383E7CB80C
:100EF0007F7F7F1F47707039510A04EA797F70390C
:100F0000E8E8E0C01070E0C058381030F0F0E0C001
:100F1000000000206666666200081C3C7A7A7A7ED1
:100F200000001F3F7F4F5F7F000000110A342A51ED
:100F3000777F3FB7B3DBDAD87F7D3F37333B3A78F3
:100F40007F7F7F7F1F0770F020510A04EA397FF00E
:100F5000CCE8E8E0C0187C3EBC58381030F8FC3EC5
:100F6000030F1F3F3B3F7F7F000000060E0C000079
:100F700080F0F8FCFEFEFFFE0000000000000F18ED
:100F80007F7F7F7FFF0F030000000000F83E3B18CB
:100F9000FEFBFFFFF6E0C000101410103878F830A8
:100FA00000030F1F3F3B3F7F00000000060E0C00B8
:100FB00000C0F0F8FCFEFEFF000000000000000F83
:100FC0007F7F7F7F7FFF0F030000000000F87EF32C
:100FD000FEFEFBFFFFF6E0C01810141010387CDE98
:100FE0000001010101000008000D1E1E1E1F0F0759
:100FF00078F0F8E4C0CACAC078F0001A3F35353F2F
:101000000F1F9FFFFF7F7420000080E0E0707321BE
:10101000E4FFFEFC9C1E00001A070C1878FEFCF092
:10102000000103030703010000010200387C7E3F3A
:10103000005F7F7F3F3F14003F406060203013011E
:10104000C0E0F030383C3CFCC0E030D0D0D0D00024
:10105000070F1F222025251F070F021D1F1A1A0226
:10106000FEFE7E3A02014141387CFCFCFCFEBEBE25
:101070001F3F7E5C408082821C3E3F3F3F7F7D7DE4
:101080008280A0444340211E7D7F5F3B3C3F1E0089
:101090001C3F3E3C408082821C3E3F1F3F7F7D7D47
:1010A00000008080929DC7EF0000006062653F1FD6
:1010B0000023333F3F7F7F7F703C3C1800000207D6
:1010C000FEF8A00000008080CF7A5A100000C08097
:1010D0007E7F7D3F1E8F8F19858486C6E77373E1FF
:1010E000E00E73F3F9F9F870804E77F3FBF9FA78B4
:1010F0000E66E2F6FFFF1F9811397D390000E0E728
:10110000000000040F0F1F0700000707161000382B
:10111000F3E7EEECCDCFCFDFCF1F17103330302009
:10112000273F3F783C1F1F73383040C70766E06C8D
:101130009F3E7CFCF8F8C04060C080049EFFF0F841
:101140007F7E7801071F3C7C240107FEFF7F3F7FE5
:10115000FCF8A0FEFCF08000CF7A0AFEFC00000044
:101160007E7F7F3F1F8F8F18858683C3E17070E07D
:101170009F3E7CF8F83C18F860C0800098FCFEFFA9
:101180007F7F78010713F103240007FEFF7FFF0331
:1011900000001C1D1BC3E3E1030F2362643C1C1E03
:1011A000E0CD1D4FEEFF3F3F1F3D6D4FEEF320039F
:1011B0003F3F000070B8FCFC07071F3F0F470300CC
:1011C000070F1F3F3E7C7878000003070F0F1F1F9B
:1011D0003F5C393BBFFFFEFE0023574F572FDF21F7
:1011E000C0C080808080000000000000808000007F
:1011F000FEFC610F7F3F1F1E230F1EF01C3F1F1EB2
:10120000F078E4C8CCBEBE3E0080183034FEFEFE4E
:10121000000100070707071F000001040606070773
:1012200000000F3F3F0F00000F3F7FF8F87F3F0F98
:10123000787C7E7F3F3F1B091F1F1F0B01010000B1
:101240000C000000077F7C00031F3F3F780003FF76
:1012500001E171793D3D1F03000000000000000026
:101260003F3F1F1B36307F3F23271F070F1F7F3F46
:10127000F8F8F8B818D8D8B8E0808040E0E0E0C0CE
:10128000010204040808101003070F1F3F7FFF1F0F
:10129000000F130D0D130C201F100C12122C3F3FCA
:1012A00000240024000400003736363616161202D9
:1012B0000F41008800440000107EFFFFF6763A1AC6
:1012C000387CFEFE3B0303030000380400000000EE
:1012D00003337B7FFFFB0303000000384000000066
:1012E000DCC0E0E0E0E0E0C0FCA0808000000000A6
:1012F0003F5F3F3FBBF8FEFE0727574F5727C121EF
:101300001F0F0F1F1F1E38301D0F0F1F1F1E3830DD
:101310000020606070F0F8F8000038104C18862447
:10132000F8FCFC7E7E3E1F0700420A4010020802C5
:1013300000C070B8F4F2F57B00008040080C0A840D
:1013400000DF10FFDFFFFFF90000CF202020262E56
:101350001F1F3EFCF8F0C000E0E0C00000000000ED
:10136000F8FCFEFFFFDFDF002F232120200000001C
:10137000C1F1797D3D3F1F03C1B1596D353B1F035D
:1013800002060E0E1E1E3E3E00020008020028004D
:101390003E3E3E3E1E1E0E020410021004000A00D5
:1013A000C1F1797D3D3F1F03C1B1596D353B1F032D
:1013B0007C0000FFC37F1F03000F1FFFFC631F03A0
:1013C000FFFF7C00007CFFFF0000FEC6C6FE0000A1
:1013D000FFFF00040C183000000006060C187060B7
:1013E000FFFF0004040408080000060604040808BF
:1013F00008101000001010080810303030301008AD
:101400007F3F3F3E1F0F030000000103010000006B
:10141000030FFF7F7F7F7F7F030EF8000000000037
:1014200000000000000000002265252525257772B8
:101430000000000000000000629515254585F7F2C8
:101440000000000000000000A2A5A5A5F5F52722D8
:101450000000000000000000F28585E51515F7E2A8
:10146000000000000000000062955565B595976288
:10147000000000000000000020505050505070202C
:10148000000000000000000000000000000000005C
:10149000000000000000000066E666666667F30074
:1014A00000000000000000005E5959595ED8980005
:1014B00000000000007C380000000000000408006C
:1014C000384CC6C6C66438000000000000000000AA
:1014D0001838181818187E000000000000000000DE
:1014E0007CC60E3C78E0FE0000000000000000001A
:1014F0007E0C183C06C67C000000000000000000C6
:101500001C3C6CCCFE0C0C00000000000000000035
:10151000FCC0FC0606C67C000000000000000000C5
:101520003C60C0FCC6C67C0000000000000000005B
:10153000FEC60C1830303000000000000000000033
:101540007CC6C67CC6C67C0000000000000000000F
:101550007CC6C67E060C780000000000000000007B
:10156000386CC6C6FEC6C6000000000000000000C1
:10157000FCC6C6FCC6C6FC0000000000000000005F
:101580003C66C0C0C0663C000000000000000000D7
:10159000F8CCC6C6C6CCF800000000000000000071
:1015A000FEC0C0FCC0C0FE00000000000000000043
:1015B000FEC0C0FCC0C0C000000000000000000071
:1015C0003E60C0CEC6663E00000000000000000085
:1015D000C6C6C6FEC6C6C600000000000000000069
:1015E0007E18181818187E00000000000000000087
:1015F0001E060606C6C67C000000000000000000B3
:10160000C6CCD8F0F8DCCE000000000000000000DE
:101610006060606060607E0000000000000000000C
:10162000C6EEFEFED6C6C6000000000000000000A8
:10163000C6E6F6FEDECEC600000000000000000098
:101640007CC6C6C6C6C67C000000000000000000C4
:10165000FCC6C6C6FCC0C0000000000000000000C0
:101660007CC6C6C6DECC7A00000000000000000088
:10167000FCC6C6CEF8DCCE00000000000000000072
:1016800078CCC07C06C67C00000000000000000092
:101690007E1818181818180000000000000000003C
:1016A000C6C6C6C6C6C67C0000000000000000001A
:1016B000C6C6C6EE7C381000000000000000000026
:1016C000C6C6D6FEFEEEC600000000000000000008
:1016D000C6EE7C387CEEC600000000000000000072
:1016E0006666663C18181800000000000000000044
:1016F000FE0E1C3870E0FE0000000000000000003C
:1017000000000000000000000000000000000000D9
:10171000FFFFFFFFFFFFFFFF0000000000000000D1
:101720000000000000000000FFFFFFFFFFFFFFFFC1
:10173000FFFFFFFFFFFFFFFFFFFFFFFFFFFFFFFFB9
:101740000000007E7E00000000000000000000009D
:1017500000004428102844000000000000000000A1
:10176000FFFFFFFFFFFFFFFF7F7F7F7F7F7F7F7F89
:10177000183C3C3C18180018000000000000000055
:10178000FF7F7F7F7FFFE3C1FF80808080001C3E62
:10179000808080C1E3FFFFFF7F7F7F3E1C0000FF52
:1017A000387C7C7C7C7C3800080404040404080039
:1017B00003060C0C0808040303050B0B0F0F0703AB
:1017C00001020408102040800103070F1F3F7FFF24
:1017D00000000000000738C00000000000073FFFC5
:1017E0000000000000E01C030000000000E0FCFF1F
:1017F000804020100804020180C0E0F0F8FCFEFFE9
:10180000040E0E0E6E646060FFFFFFFFFFFFFFFF20
:10181000070F1F1F7FFFFF7F0708100060808040B9
:1018200003071F3F3F3F79F7030418202020468815
:10183000C0E0F0F4FEBFDFFFC02010140A41210118
:1018400090B8F8FAFFFFFFFE90A8480A05010102D0
:101850003B1D0E0F070000002412090807000000BE
:10186000FFBF1CC0F3FF7E1C0040E33F0C81621CE5
:10187000BF7F3D83C7FFFF3C4080C27C3800C33C34
:10188000FCFEFFFEFEF86000040201000698600006
:10189000C0201010101020C0C0E0F0F0F0F0E0C048
:1018A000000000003F7FE0C00000000000001C3E80
:1018B000889C8880808080807F7F7F3E1C00000025
:1018C000FEFEFEFEFEFEFEFEFFFFFFFFFFFFFFFF30
:1018D000081424C40340A12600081838FCBF5ED9B0
:1018E000FFFFFFFF7F7F7F7F8181818181818181F8
:1018F000FFFFFFFFFFFFFFFF0101010101010101E8
:101900007F8080989C8C8080007F7F67677F7F7F4F
:10191000FF0101FF101010FF00FFFFFFFFFFFFFF9F
:1019200080808080808080807F7F7F7F7F7F7F7FBF
:10193000010101FF101010FFFFFFFFFFFFFFFFFF7E
:10194000FF0000000000000000FFFFFFFFFFFFFF9F
:10195000FE0101191D0D010100FFFFE7E7FFFFFF79
:101960000101010101010101FFFFFFFFFFFFFFFF77
:101970003F7F7FFFFFFFFFFF3F6040C08080808090
:10198000FFFFFFFFFFFF7E3C808080808081423C24
:10199000FFFFFFFFFFFFFFFFFF0000000000000050
:1019A000FFFFFFFFFFFFFE7C000000000001827CC4
:1019B000FFFFFFFFFFFFFE7C00000000000183FF30
:1019C000F8FCFEFEFFFFFFFFF80402020101010127
:1019D000FFFFFFFFFFFF7E3C010101010181423C4F
:1019E0000008080810101000FFFFFFFFFFFFFFFFB7
:1019F000007F7F787373737F7F80A0878F8E8E8642
:101A000000FFFF3F9F9F9F1FFE0105C1E17171F124
:101A10007E7E7F7E7E7F7FFF8181808181A080FFAF
:101A20007F7FFF7F7FFFFFFFF1C1C181C1C501FF44
:101A30007F80A080808080807FFFFFFFFFFFFFFF0F
:101A4000FE01050101010101FEFFFFFFFFFFFFFF96
:101A50008080808080A0807FFFFFFFFFFFFFFF7FEF
:101A600001010101010501FEFFFFFFFFFFFFFFFE76
:101A700000000000FCFE0703000000000000387CAE
:101A80001139110101010101FEFEFE7C3800000048
:101A9000EF2828282828EF0020E7E7E7E7E7EF000E
:101AA000FE8282828282FE00027E7E7E7E7EFE003A
:101AB000808080989C8C807F7F7F7F67677F7F7F1F
:101AC000FFFF83F3F3F3F3F3FF80FC8C8C8C8C8C9F
:101AD000FFFFF0F6F6F6F6F6FF000F09090909090F
:101AE000FFFF000000000000FF00FFFFFFFFFFFFFF
:101AF000FFFF01572F572F57FF01FFA9D1A9D1A9E8
:101B0000F3F3F3F3F3F3FF3F8C8C8C8C8C8CFF3F5F
:101B1000F6F6F6F6F6F6FFFF090909090909FFFFCF
:101B2000000000000000FFFFFFFFFFFFFFFFFFFFBF
:101B30002F572F572F57FFFCD1A9D1A9D1A9FFFCAF
:101B40003C3C3C3C3C3C3C3C23232323232323239D
:101B5000FBFBFBFBFBFBFBFB04040404040404048D
:101B6000BC5CBC5CBC5CBC5C44A444A444A444A475
:101B70001F204040808080811F3F7F7FFFFFFFFE4E
:101B8000FF8080C0FFFFFEFEFF7F7F3F000001015E
:101B9000FF7F7FFFFF070303FF80800000F8FCFC4E
:101BA000FF0000000081C3FFFFFFFFFFFF7E3C003E
:101BB000F8FCFEFEE3C18181F80402021D3F7F7F35
:101BC00083FFFFFFFFFF7F1FFC8080808080601FFE
:101BD000FCFCFCFCFEFEFFFF03030303010100FF0E
:101BE00001010101030307FFFEFEFEFEFCFCF8FFFE
:101BF000FFFFFFFFFFFFFFFF00000000000000FFEE
:101C000081C1E3FFFFFFFFFE7F3F1D01010103FED6
:101C1000FFFFFFFFFFFBB5CE808080808084CAB1CC
:101C2000FFFFFFFFFFDFAD73010101010121538DB4
:101C300077777777777777770000000077FFFFFF78
:101C400000000000000000FFFFFFFFFFFFFFFFFF9D
:101C50007777777700000000FFFFFF777777777758
:101C6000010101191D0D01FEFFFFFFE7E7FFFFFE68
:101C700020787FFEFEFEFEFE0021214141414141D0
:101C8000049AFAFDFDFDFDFD00808080808080804B
:101C90007E38210001000100212101010101010123
:101CA000FA8A8480808080808080808080808080AC
:101CB000020400100040800001010608182020C026
:101CC0000B0B3B0BFB0B0B0A0404C4F4F4040405DC
:101CD00090101F101F10109070F0F0FFFFF0F070C8
:101CE0003F78E7CF58585090C08718B0E7E7EFEF3C
:101CF000B0FCE2C1C1838F7E6F435D3F3F7F7FFFBA
:101D0000FE030F917060203103FFF16ECFDFFFFF04
:101D10003F3F1D397BF386FEFDFBFBF7F70F7FFF8F
:101D2000FFFFFFFFFF8080FFFF80808080FFFF803C
:101D3000FEFFFFFFFF0303FFFE03030303FFFF0399
:101D400000FFFFFFFFFF000000FF00000000FFFF9B
:101D50003CFCFCFCFCFC040423F30B0B0B07FFFF17
:101D6000FFFFFFFF80FFFFFF80808080FF8080807B
:101D7000FFFFFFFF03FFFFFF03030303FF03030353
:101D8000FFFFFFFFFF00FFFF0000000000FF00005B
:101D9000FCFCFEFEFE02FEFE0707030303FF030337
:101DA000FF8080808080808080FFFFFFFFFFFFFF3B
:101DB000FF0303030303030303FFFFFFFFFFFFFF13
:101DC0000202020202020404FFFFFFFFFFFFFFFF07
:101DD0008080AAD5AAFFFFFFFFFFD5AAD58080FF8C
:101DE0000303AB57ABFFFFFEFFFF57AB570303FEE9
:101DF0000055AA55FFFFFF00FFAA55AA0000FF00EB
:101E00000454AC5CFCFCFC3CFFAF57AB0B0BF32366
:101E10003F3F3F3F000000FFFFFFFFFFFFFFFFFFCF
:101E20007E7C7C78000000FFFFFFFFFFFFFFFFFFCD
:101E30001F0F0F07000000FFFFFFFFFFFFFFFFFF67
:101E4000FEFCFCF8000000FFFFFFFFFFFFFFFFFFAD
:101E500000000000FFFF0000000000000000000084
:101E600018181818181818180000000000000000B2
:101E7000071F3FFF7F7FFFFFFFFFFFFFFFFFFFFF0A
:101E8000E1F9FDFFFEFEFFFFFFFFFFFFFFFFFFFF8A
:101E9000F0101010101010FF00E0E0E0E0E0E0E0D3
:101EA0001F101010101010FF000F0F0F0F0F0F0F4B
:101EB000929292FEFE00000048486C000000FE0076
:101EC0000A0A3A0AFB0B0B0B0505C5F5F4040404DA
:101ED00090909F909F9090907070707F7F707070C6
:101EE00001010101010101010000000000000000EA
:101EF00080808080808080800000000000000000E2
:101F0000088891D15353733FFFFFFFFFFFFEBECE02
:101F10000000070F0C1B1B1B00000000030404043F
:101F20000000E0F0F0F8F8F8000060303098989881
:101F30001B1B1B1B1B0F0F070404040404030000DE
:101F4000F8F8F8F8F8F0F0E0989898989830306041
:101F5000F111111F101010FF0FEFEFEFEFEFEFE097
:101F60001F1010F0101010FFE0EFEFEFEFEFEF0F8A
:101F70007FBFDFEFF0F0F0F0804020100F0F0F0F69
:101F8000F0F0F0F0FFFFFFFF0F0F0F0F1F3F7FFF7D
:101F9000FFFFFFFF0F0F0F0F0103070FFFFFFFFFF3
:101FA0000F0F0F0FF7FBFDFEFFFFFFFFFFFFFFFF10
:101FB00000000000000018180000000000000000F1
:101FC0001F3F7F7F7FFFFFFF1F20404040808282B6
:101FD000FFFFFF7F7F7F3F1E8280A0444340211E82
:101FE000F8FCFEFEFEFFFFFFF80402020201414181
:101FF000FFFFFFFEFEFEFC7841010522C20284784D
:102000007F80808080808080807F7F7F7F7F7F7FD8
:10201000DE616161715E7F6161DFDFDFDFFFC1DF94
:102020008080C0F0BF8F817E7F7FFF3F4F717FFF39
:102030006161C1C1818183FEDFDFBFBF7F7F7F7FA1
:102040000000030F1F3F7F7F0000030C1020404063
:102050000000C0F0F8FCFEFE0000C03008040202E0
:10206000FFFFFFFFFFFFFFFF808080808080808078
:10207000FFFFFFFFFFFFFFFF010101010101010160
:102080007F7F7F3F3F1F0F0740404020301C0F07DE
:10209000FEFEFEFCFCF8F0F0020202040C38F0F048
:1020A0000F0F0F0F0F0F070F08080808080C050A7D
:1020B000F0F0F0F0F0F0E0F0105050505030A05040
:1020C00081C1A3A39D818181004122221C000000C7
:1020D000E3F7C1C1C1C1F7E3E3143E3E3E3E14E362
:1020E0000000070F0C1B1B1BFFFFF8F0F0E0E0E007
:1020F0000000E0F0F0F8F8F8FFFF7F3F3F9F9F9F60
:102100001B1B1B1B1B0F0F07E0E0E0E0E0F3F0F8E8
:10211000F8F8F8F8F8F0F0E09F9F9F9F9F3F3F7F0F
:10212000E0FFFFFFFFFFFFFF00701F10707F7F7F4A
:1021300007FFFFFFFFFFFFFF0003F80003FBFBFBB0
:10214000FFFFFFFFFFFEFFEF7C7B7675757717675C
:10215000FFDFEFAFAF6FEFE73BFB7BFBFBF3F8F38A
:102160001F1F3F3F7063E7E50F0F1F1F3F3C787A4B
:10217000F0F0F8F80CC4E4A6F8F8FCFCFE3E1E5F94
:10218000E9E9E9EFE2E3F0FF767676707D7C7F7F28
:10219000969696F646C60EFE6F6F6F0FBF3FFFFF17
:1021A0000000000000007E3C3C7E7EFFFFFF4200FE
:1021B0003C4299A1A199423C0000000000000000AF
:1021C0000F1F1F3F3F7F7F7FF0E0E0C0C080808017
:1021D000F0F8F8FCFCFEFEFE0F0707030301010107
:1021E0007F7F3F3F3F3F1F1F8080C0C0E0F8FEFF62
:1021F000FEFFFFFFFCFCFEFEFF7F1F0703030181C4
:102200007F7F7F3F3F3F3F1F808080C0C0E0E0F086
:10221000FEFEFFFFFFFFFFFE010101030307070FA3
:102220001F0F0F0700000000FFFFFFFFFFFFFFFF72
:10223000FEFCFCF800000000FFFFFFFFFFFFFFFFB8
:102240007E7E7E7E7F7F7F7F818181818181818192
:10225000FFFFFFFFFFFFFFFE010101030307070F61
:10226000FEFEFEFEFFFFFFFF010101010101010172
:102270007F7F7F7F7F7F7F7F81818181818181815E
:10228000FFFFFFFFFCFEFE7EFF030303030303FFCC
:10229000FFFFFFFF00000000FFFFFFFFFFFFFFFF4A
:1022A0007F7F7F7F7F7F7F7F808080808080808036
:1022B000FFFFFFFFFFFFFFFE010101030703010115
:1022C0007E7E7F7F7F7F7F7F818181818181818110
:1022D0003F3F3F3F00000000FFFFFFFFFFFFFFFF0A
:1022E0007E7C7C7800000000FFFFFFFFFFFFFFFF08
:1022F000FEFEFFFF7F7F7F7F8181818181818181E0
:102300007F7F3F3F3F3F1F1F8080C0C0E0F8FEFF40
:102310003FBFFFFFFCFCFEFEFF7F1F0703030181A1
:102320007F7F7E7E7F7F7F7F8181818181818181AF
:102330007E7E7E7E7F7F7F7F8181818181818181A1
:1023400081C3C3E7E7FFFFFF7E3C3C181800000095
:102350000F435B5331190F07F2FEFEFFFFEFF7F853
:10236000C1C3C684FCFC0E02BFBEBD7B7B07F3FD70
:10237000102022BAE6E1C0C0FFFFFF67599EBFBF31
:1023800020A6542620C6542620E65426210654268C
:102390002085014420865448209A014920A5C94639
:1023A00020BAC94A20A60AD0D1D8D8DED1D0DADEE8
:1023B000D120C60AD2D3DBDBDBD9DBDCDBDF20E6D6
:1023C0000AD4D5D4D9DBE2D4DADBE021060AD6D7A9
:1023D000D6D7E126D6DDE1E1212614D0E8D1D0D14F
:1023E000DED1D8D0D126DED1DED1D0D1D0D12621B8
:1023F0004614DB4242DB42DB42DBDB4226DB42DBD4
:1024000042DB42DB4226216646DB216C0EDFDBDB52
:10241000DB26DBDFDBDFDBDBE4E526218614DBDB31
:10242000DBDE43DBE0DBDBDB26DBE3DBE0DBDBE629
:10243000E32621A614DBDBDBDB42DBDBDBD4D926A6
:10244000DBD9DBDBD4D9D4D9E721C5165F959595C7
:102450009595959595979878959695959798979839
:10246000957A21ED0ECF01090805241712171D0ECC
:10247000170D18224B0D012419150A220E1B2410CA
:102480000A160E228B0D022419150A220E1B241087
:102490000A160E22EC041D18192822F6010023C981
:1024A000565523E20499AAAAAA23EA0499AAAAAA39
:1024B00000FFFFFFFFFFFFFFFFFFFFFFFFFFFFFF2B
:1024C00010A000004E45531A020230000000000028
:1024D0000000000078D8A9008D00208D01208D100B
:1024E00040AE022010FBAE022010FBA2199500E8BE
:1024F000E0FF90F9A2FF9A20B8A3A2FFAD0301C9A3
:102500000FD009AD0401C903D002A2008E5101A968
:10251000AAA203DD4D01D005CA10F830159D4D016A
:10252000CA10FAE8A00784118896128810FBA2D07E
:1025300086102039A42030A4205E8520BCA720A5C9
:10254000C7A2008651865586328633864E86C4865B
:1025500022862186C886C9861B861EE886C286DC3E
:102560008628E886CF86DB8627E8862BA213861A84
:10257000861DA2878619861CA2408E17408E0001F8
:10258000A2808E0C0186C886D8200F9B2045A4A966
:10259000128D06018D0020A9008529852A8D0A014A
:1025A0008D0901207FA9207DA420B8A320E284A565
:1025B000C9F0032054862013A4AD0501290CF0585E
:1025C000A4C9D004A4C810132039A42030A4A900A1
:1025D00085C98D0A01A91085C8D0B62904F00EA5B9
:1025E000C549FF85C5AD0501D0FB4CE580A98485B3
:1025F000C2A99F8583A9F48582A90085C8A2969562
:102600002BCAD0FBA62B8636A213862E8639A205AE
:102610009513CA10FB4CC882A5C9C9FFD0034C5EF4
:1026200080C980D0182039A42030A4E6C9A2EF8642
:10263000CBA20086C88E0A01A9124CBD80A5C9D0C4
:102640000AA52AC9049004A98085C94CE580A5D1B2
:10265000D034A5C110034C9B8220E5A4AD0501290F
:102660000CF0EB2904D01CA5C749FF85C7F00AA5CB
:10267000C2D00620A5C72075CDAD0501290CD0F923
:102680004C7A814CA5812039A42030A420A5C7A96B
:102690000085C2209F88A532D009A52C18694085E5
:1026A0002CD00EA9008532E62CA52C2903C903B035
:1026B000034C7C82A0F0848F84908491A0008C0BCA
:1026C00001848284D5205BA9A90F20E8AB2045A412
:1026D000207DA4203ACEA98585C285548583A9F69C
:1026E00085532013A4A554C9F090FA2039A42030B2
:1026F000A420ACA7A90085CB8D0A018D0901A912E0
:102700008D06018D002085C9207FA9A90F20E8AB87
:10271000207DA42045A42075852013A4A5C9C9FF48
:10272000D0FA2080872013A420A6A720A6A7AD0159
:1027300001F0FB2039A42030A4E62DA52C29C0856A
:102740002CA98485C2A99F8583A9F48582209ECB6C
:10275000207FA9207DA42045A4A5C248A90F85C239
:102760002013A420AFA72039A46885C24CE782A516
:10277000C2C980D0034C5E80A5C5F020A536F01CF0
:10278000A52BD00320BEA8A5C449FF85C4A20AB5C5
:102790002B48B536952B689536CA10F320BEA82075
:1027A00039A4A52DD011A98485C2A99F8583A9F438
:1027B0008582E62D209ECBC62B30BA2030A4205E29
:1027C00085A0189942008810FAA03D9984008810CD
:1027D000FA85D185C185D585D3A97885538556A23B
:1027E0007F8654864BA2F0A5C2C984F002868386F8
:1027F0008F86908691A9FF85EA200F9B2031832048
:1028000013A44C7A81A93F8557A2208600A94020B5
:10281000DCA4A52C29C0D0034CC083C9C0D0034C74
:102820008684C940F04A2085E4A9FF8D0B01A904E4
:102830008530A9208500A900852F85E920DCA4A288
:1028400074A00420E4A5A200A0FD202AA6A900A24D
:1028500028860020DEA4A265A00520E4A5A2FBA096
:10286000FC202AA6A52C29030AA8206DA985DA60D8
:10287000A9FF8D0B01A9A78554A9098584A279A078
:10288000E220E4A5A2DEA0FC202AA6A52C29030AAA
:10289000A84C76A92019D40657A200A532F008A5A5
:1028A0002C2903F002A2FF8E0B01A29FA5C2C984AE
:1028B000D002A2E88654A20086308604CA862FA9D8
:1028C0000C8509A95D85DDA9D485DEA95C85DF8538
:1028D000E7A9D585E085E8A52E0AA8B983D6AAB9C7
:1028E00084D6A8A92085002084A6A2448603A2023B
:1028F0008604A52E0AA8B9F2FAAAB9F3FAA8204DBF
:10290000A6A9238D0620A9008D0620A2ABA0D62063
:10291000E4A5A9008504A90F8509A52E0AA8B95B1D
:10292000D6AAB95CD6A8A92885002084A6A2848648
:1029300003A2028604A52E0AA8B9CAFAAAB9CBFA3C
:10294000A8204DA6A52C29030AA82064A985DAA5EC
:1029500032F0062026AC4C32A9602019D4A91F857C
:1029600057A9008D0B018580A9AF8554A90F850952
:10297000A9F985DDA9E585DEA98285DFA9E685E0DF
:10298000A530D002A901850D4A9015AD06010902B6
:102990008D0601A50D206E87A50D1869014CD68402
:1029A000A50D186901206E87A50D205C87A52C292F
:1029B000030AA84C5BA9A9FF8D0B012045A4A9809F
:1029C000A220860020DEA4A9DF8501A9E28502A05D
:1029D00000B101C9FFF01DC9FED00BE601D002E62F
:1029E00002B101A8A9008D07208810FAE601D0DF06
:1029F000E602D0DBA2448603A2028604A207A0FD61
:102A0000204DA64C92A523475E00544149544F00E7
:102A1000434F52505F0031393836FF228D3100501C
:102A20004C41594552FF22CD3200504C415945523C
:102A300053FFAD060129FC8D0601A9008D09018D0A
:102A40000A01A90085CD85CE602039A42030A420BC
:102A5000A5C7A9FF8D0B012045A4207DA4A293A0AA
:102A60008520A8A54C728620465B4B4147455B00FC
:102A70005355434345535346554C4C59FF208553BA
:102A800041564544005052494E43455353005B4B19
:102A90004952495BFF20C846524F4D0054484500FB
:102AA000454E454D595FFF2103414C4C005448456C
:102AB000004556494C5300444953415050454152FA
:102AC0004544FF2149414E4400544845005045418A
:102AD0004345FF21865045525641444544004556E2
:102AE00045525957484552455FFF21E754484953DD
:102AF0000057415300410053544F5259FF22274F72
:102B000046004100594F554E47004E494E4A41FF3D
:102B10002266494E004F4C44004441595300494EEF
:102B2000004A4150414E5FFF2039A42030A420A527
:102B3000C7A9FF8D0B012045A4207DA4A280A086FB
:102B400020A8A5207286207586207886C820AEA58C
:102B5000C84CAEA5202D4C4547454E44FF206E4B3A
:102B6000414745FF20C54000434153540040FF21E9
:102B7000254B414745FF21364E494E4A41FF2185AD
:102B80004B49524948494D45FF21935052494E43C4
:102B9000455353FF21E55348494E4F4249FF21F623
:102BA0004E494E4A41FF2245595D425DFF22514D3B
:102BB00041474943004D4F4E4BFF22A559554B49C4
:102BC0004E4F53554B45FF22B64E494E4A41FF22C8
:102BD000C54B495249FF2325595D534849525DFF72
:102BE000233453414D55524149FF234559554B49D3
:102BF00047555341FF85010A1865010AA8A50D4AEA
:102C0000900AA900852EA9408552D008A902852ED8
:102C1000C8C8C8C89848A9008504BE0BE7B90CE726
:102C2000A8A5002084A668A8BED9FFB9DAFFA860CD
:102C3000A2208600202187A9448503A90285044C8F
:102C40004DA6A2288600202187A9848503A9028594
:102C5000044C4DA62039A42030A42045A4207DA4F6
:102C6000205E85A00084C9A9238D0620A9E38D06D6
:102C700020B9EB878D0720C8C00A90F5A90F85D42D
:102C8000A01F992D018810FAA9308D3001A2C7A08C
:102C90008720A8A5C820AEA54C758621EF2627FF62
:102CA000220E3D2829FF222E3E2A2BFF224E3F2CAA
:102CB0002DFF226EFD2E2FFF228EFC3A3B3CFF445F
:102CC000110000000000000C027F70007897710175
:102CD000789F720278FFA000AABD1288992D01E8A2
:102CE000C8C01C90F4600F0F07300F08050F0F05C8
:102CF0000A080F0A05060F060F0A0F070F060F0F27
:102D00000F070F0817300F1815060F151A180F1A8E
:102D100015160F16021A0F1702160F0206170F18B4
:102D200037300F2825160F252A280F2A25260F268B
:102D3000122A0F2712260F12162721294800212AAE
:102D40004F00212B5700212C4500212D5600212E0C
:102D50004500212F520021305C0021315C002132DE
:102D60005C0021335C0021345C0021355C0021369D
:102D70005C00FFA913852EA9048530A900852F8545
:102D8000318534604060488A489848A6C6F0034CB4
:102D900070998E0320A90785C68D1440E629D002BC
:102DA000E62AA5C8F0034C078AA5C9D023A5C210FE
:102DB00007A20086C74CF79DD05DA5C7D0034CA2E3
:102DC0008A2088A4A252A0A784EA20CDA64C5D98B0
:102DD0002088A4A4CBF01EC6CB889838E9308500A3
:102DE000A20EA0A720CDA6A5CB38E9208500A21B66
:102DF000A0A720CDA6A901186D0A01C9F09012ADB7
:102E0000060149028D06012902F004A9FF85C9A91E
:102E1000008D0A014C0D992088A4A5C2C901F003B8
:102E20004C048AA96FA4C5F002A97FA239A0A720EB
:102E3000CDA6A5CCC91EF01EA5CC38E906C91ED06A
:102E400013A0288453A0E88454A0038451A00084D4
:102E5000D7C8842185CCA021C9509006C9B0B00242
:102E6000A0018407857BA900857CA9248503A9A7E7
:102E70008504A23C2067B9A5CCC91ED058A553C96A
:102E8000E0B052A4D7A5212907D002E6D7A55485E2
:102E90007C1879CD998554A553857B18798D9985B2
:102EA00053A020C9509006C9B0B002A000844F843E
:102EB00007A5510A480A0A0AA8B9C0BA8503B9C1C8
:102EC000BA85042067B968A8B9A2BA8503B9A3BABC
:102ED00085042067B920F2BF4C0D993057A5214ACF
:102EE0009002E6C8A5C8C920F040C9409046293CD8
:102EF000A8B95CE4C9FFF01B8D0620B95DE48D061E
:102F000020B95EE48D0720A5C82903D0272059CC1D
:102F10004C608A20A5C7A232A08520A8A52078866B
:102F2000A9FC85CCA90085C8F00AA21FA0E420A8AE
:102F3000A52075862088A4A5C81038AD5101D015EC
:102F4000AD0301C901D00EAD0401C902D007A90A21
:102F5000852B8D5101A901186D0A01C9F09011ADA1
:102F6000060129FD8D0601A9108D510185C8A90012
:102F70008D0A014C4F992037A1A5CD1009297F1842
:102F80006D09014CB88AAD090138E5CD8D0901A55F
:102F9000CE100A297F186D0A01A2F0D008AD0A01EF
:102FA00038E5CEA210C9F0900E8600E50048AD06C7
:102FB0000149028D0601688D0A01ADD206C908D00B
:102FC000032097ABA54ED026ADD206C981D00AAD5D
:102FD000D006C9FFD0182055CBADE0062DD006C9CC
:102FE000FFD00BA5463007A5C2D0032030CBA202EC
:102FF000A441C002900AA5C2D006A5214AB001E8AA
:1030000086CF980A0AA8A211B98CAB9D2D01C8E8F9
:10301000E01490F4206E85A5461024ADE0062DD076
:1030200006C9FFD00320BECEA220A5212908D002C8
:10303000A6DA8A20E8ABA91F20729AA20BD020A59D
:103040004E101FC981B00A8545E643F00AA20ED092
:103050000EA20AE64E3008A900854EA98085C14C13
:10306000A68DA5422940F054204B9B85CE8544A0D7
:1030700002A541C9029020A5214A901BA5541865BC
:103080002F2907C9049010C906B00C204B9B297F3B
:103090001865CE85CEA003A544100CA206A5422932
:1030A00007C903F002A205A5422920F00CA5422978
:1030B00010F004980980A884CD4CA68DA550297FD6
:1030C000D016A549C980F004A5D2F00585454CC1AC
:1030D0008CA545F0034CC18CA002A550297FF003BC
:1030E0004C519DA4CFAD01012910F076A52C29C02B
:1030F000D00720D19CF04FD009C9C0D00520AC9B8F
:10310000F044A243A000AD010129C0F0272980D0DE
:1031100011A264A5422930C930D001E8A900A4CF8A
:10312000D012A274A5422930C920D001E8A5CF0948
:1031300080A8A9408552864284CD2013CBA9008562
:1031400043A2094CA68DA5CFD004A5CF098085CE7A
:10315000A208A5212918F007A20DC910F001CA4C38
:10316000A68DA9008542AD01012920F02DA52C29AD
:10317000C0D00720AC9CF0D2D009C9C0D00520B087
:103180009BF0C7AD01012980F002A9408552A20938
:1031900086454CA68DA2064CA68DAD010129C0D056
:1031A000034C668DA52C29C0D01420AC9CF008A53A
:1031B00054C99C901AB01B20D19CF065D014C9C092
:1031C000D010A5D3300C20B09BF056C900D0034CD2
:1031D000AF8CA4CFA90085EAAD01012980F0069843
:1031E0000980A8A940855284CDA52C29C0C940D00A
:1031F0001CA554C9A09016A6CFCA8AA5CD100CCA8A
:10320000A5212901D005E88A0980AA86CDA201A9B5
:10321000028580A5212908F005A9068580E84CA62D
:103220008DA4CF85EAAD01012980F006980980A818
:10323000A94085528884CD4C7C8CA52C29C0C940DE
:10324000D00EA554C9A09008A5212901F00285CD72
:10325000A52C29C0D00C20AC9CD01420D19CF00B04
:10326000D016C9C0D01220B09BD00DA207D00BA59C
:1032700054C99CB0034CAF8CA2008651A54E0546A4
:103280003034A5551037A551C908F008C90CF00411
:10329000C90DD008A90085CEA9078551C909D00458
:1032A000A9048551A5212903D010E655A555C98546
:1032B000F004C988D004A90085554C848EAD010165
:1032C0002901D0048558F01AA2814D02014AB008A4
:1032D000E658A558C91E900A2014CCA90085584C60
:1032E000828EAD01012902D0048559F0CDA2864D10
:1032F00002014A4AB00CE659A559C91E905AA900C4
:103300008559A5462940F0034C24C0A000B96500AA
:10331000C9F0B008C8B96500C9F0903CA551C90909
:10332000F007AD010129F0D009A5522940D002A92A
:10333000200A995A00A551C909F004C904D004A96A
:1033400010D002A907186554996500A5531869089B
:103350009970002059CC8655A200A52C29C0C9C05F
:10336000F0034C188FA550297FD006A542294005AF
:1033700045D07BA554C9AFD073A530C902906DA4C8
:103380002EA5531865569001C838E970B00188859C
:1033900000C000D028AD01012940F052AD01012943
:1033A00030D04BA530C904F00EC902F00AC903D0D1
:1033B0003DA96DA27CD02EA97FA201D028A52EC93F
:1033C00002D02BAD01012980F024AD01012930D0BC
:1033D0001DA530C903F00AC902D013A2FCA995D0DB
:1033E00004A983A28138E500C903B0028650A5452F
:1033F000F01BA282A541C9029011A55418652F297E
:1034000007C9049006C906B002A28486CEA52C295D
:10341000C0F011C9C0D0034CE28FC980D0034CA1C9
:103420008F4C84902075A0A20C20B4A0A50518791B
:1034300083D685DDB984D6650685DE2075A0A20F0A
:1034400020B4A0A50518795BD685DFB95CD66506E2
:1034500085E0A50029F8AA1879F2FA85E1B9F3FA0E
:10346000690085E28A1879CAFA85E3B9CBFA69005E
:1034700085E44C8490A430C8A5CE30028888A52F5E
:1034800029F8187924E585E5B925E5690085E6A5DB
:103490002FF020C904B01CA53085E9A6CE300D4A16
:1034A0009011C6E9A5E9098085E9D0074A9004E6AC
:1034B000E9D0F14C8490A5C2D035A2F0A530D02D32
:1034C000A5522940F013A52EF015A55638E9F8A508
:1034D0002EE900C901B0169016A52EC901D0EBA5A2
:1034E00056C9FAB0E5C9F790E18582A2AF8683A5F7
:1034F000301002A9018501D017A52C29030A0A184A
:103500006501A8A52F3002C8C8204DA9A9018501D1
:103510000A650185012075A0186501A20F20B4A0DD
:10352000A530F0124AB00FA2002093A0A202A5522B
:103530002940F01CD015A2022093A0A200A5303093
:103540000FC902900BA5522940D0059818690CA804
:103550009838E906A82093A0A5CD10034C3491D04B
:1035600058A5422940D043A545D03FA550297FD03A
:1035700039AD0101F0034C8391A553C9D8B031C9CD
:10358000189025A52C29C0C940D006A554C9A0B0C3
:103590006DA5EAC906B067E6EAA201A5522940F086
:1035A00002A28186CD4C8490E653A9FF85EAD04ED5
:1035B00085EAC653F0034C8391A553C96CB030A57E
:1035C0002C29C0C940F037C980F033A55638E5CD65
:1035D000AAB009A52E4AB00320619A18A52EE900C9
:1035E000A8C000D01CE078B018A5C2C983F012A50D
:1035F0005338E5CDA20086CDC910900285534C8387
:1036000091842E86564C8391297F8500A553C984C9
:103610009036A52C29C0C940F0E4C980F0E0A55639
:10362000186500AA9009A52E4A900320619A38A532
:103630002E6900A8A52C29C0F006C002D0C3F00452
:10364000C013D0BDE07890B9A90085CDA553186509
:1036500000C9E0B0028553A5CE10034C63928500EB
:10366000A52C29C0C940D024A200A55438E5CEC954
:103670001F9007855486CE4CE69386CEA5422940FE
:10368000F003CA8645A90085424CE693C900D019CB
:10369000A554C96FB0D2A5D3D0EFA52F38E5CEAAD7
:1036A000A530E90030C24C4693C9C0D024A55029AA
:1036B0007FD034A530A4C2C083D0ADA554C96FB0AB
:1036C000A7A52F38E5CEAAA530E9004C46934C9427
:1036D00091A554C96FB0F7A52F38E5CEAAA530E95A
:1036E0000030EB8A4C5492C93FB0034C9491F025C2
:1036F000A5CEF021E654E654E6CEE6CEA554C9AFF9
:10370000D01AA900852F85508D0A01A530C901D096
:1037100004C630C62FA90085CE4CE693A5001869D3
:10372000028500A52F38E500852FC9F090EBE91040
:10373000852FC6304CE693297F8500A52C29C0C96A
:1037400040D06EA5D2F008A55429FEC982F00FA57D
:103750005418650029FEC982D00AA44ED006A000E4
:1037600084D2F025A9A78509A554186500C509B01C
:10377000098554A20086CE4CE69320399AA54E10B6
:1037800002E64EA90085D2A5098554A551C909F0C4
:1037900011C904F00DA5422940D004A545F003202D
:1037A0009ACCA200864586CEA54229BF85424CE62A
:1037B00093C900D031A54E05D2D00BA549C980F0E0
:1037C0000520989CF0C5A99F8509A554C96E9098BD
:1037D000A52F186500AAA5306900F03EAD070129A4
:1037E00008F0374C9492C9C0D067A9AF8509A54E9F
:1037F000D00EA550297FF0034CB293201A9CF08B79
:10380000A5303006D01BA5C2F0C0A554C96E903EAD
:10381000A52F186500AAA53069008530862F4CE6D3
:1038200093AD0A01F0281865008D0A01C9F0B009AE
:10383000A52F186500852F9011AD060149028D0650
:1038400001A900852F8D0A01E630A90085004C945E
:1038500092A54ED00B20839BD00620399A4CB7926C
:10386000A97F8509A554C9609006A00084D2842E42
:10387000C97890DAA52F186500AAA5306900C90497
:10388000B0CC8A4CD993C93F90C4F014C654C654E6
:10389000E6CEE6CEA554C9AFD00CA900852F855041
:1038A000A90085CEF014A500186902652F852FC9DF
:1038B000F09007186910852FE630A902850CA50F36
:1038C0002903C903D002A900AA203FAC20E5A4CA5D
:1038D0001002A202C60C10F1A9008585A5D5F049F9
:1038E000C9FFF04538E90285D5B014A5C2C984D016
:1038F00004A9018554A9FF858385D5858FD02AA584
:10390000214A900AA5D51004E6D6D002C6D6A5D580
:10391000858CA5D6858FA9228589A9008595A52D99
:10392000F004A5C2F0034C2097A002B9AA0010062B
:1039300018690199AA008810F2A200B5A11061B51A
:10394000A1291FC91EB002F6A1B5A10A3009D6A44B
:10395000D6A4D6A44C8994F6A4F6A4F6A4B5A4855E
:10396000B7B5A785B820E09AA5B7C9F7B02E95A43A
:10397000A5B8C9F0B02695A7A54E05C1D027B5A713
:1039800018690638E554C92CB01BB5A41869043869
:10399000E553C918B00F20229B4CD194A90095A1E2
:1039A000A9FF8DF006A59E1026A5A085B8A59F8528
:1039B000B720E09AA5B8C9F0B00885A0A5B7C9F0AE
:1039C0009006A900859EF004859FE69E4C2195A552
:1039D000624A9021A54E05C1D01BA024A551C9095A
:1039E000D002A0148401A9048500207699B0062095
:1039F000229B20E9B6A00AB96500C9F0B009A90266
:103A000085088509201FB688C008B0EBB96500C9D4
:103A1000F0B00BA9038509A5CF8508201FB6881033
:103A2000EBA54E05C1D053A224A004A551C909D0CD
:103A300004A212A0EE86018400A200A5624A9001B1
:103A4000E8B56DC9F0B02E207699B029A555101EA5
:103A5000C985B01AA9E895AAB56D38E90495B0B53D
:103A60007838E90495AD20FDCDE61F4C9D952022C8
:103A70009BA9009562E8E00390C7A533F021C90136
:103A8000D020E67FA57F38E910857CA57E857B2048
:103A900018B5D004C0FFF0034C5A96A90085334CEA
:103AA000A496A007B96500C9F0B01C690438E57F89
:103AB000C918B013B97000690438E57EC918B00799
:103AC000A9F0996500D02F8810DAA55529FEC98480
:103AD000D029A57F18690438E554C918B01DA5522E
:103AE0000A381007A57EE5534C1B96A553E57E18B2
:103AF0006908C91CB005C6332026ACA521A008C999
:103B000001D002A0108407A5212507F00AA50F29DE
:103B10000318657F4C4E96A50F29038500A57F38B5
:103B2000E500C9F09006A900857EA930857FA00335
:103B3000A533C902B002A001840CA67EE020B00427
:103B4000A940D006E0E09004A900857DA57DF00A9B
:103B5000A50F250C18657E4C9196A50F250C8500A8
:103B6000A57E38E500857E85B7A57F85B820E09ADB
:103B7000A5B8857FA5B7857EA548F078A5541869B6
:103B80002038E5B4C930B04BA55318691838E5B3EF
:103B9000C920B03FA548C901D009A52018690985E9
:103BA00020D028C903D018A040A5214A9002A02007
:103BB0009805468546A90C8547A90585D9D00CE608
:103BC0002B20BFCCA51F18690A851FE620A90085F8
:103BD00048F021E6B3A5B385B7A5B485B820E09A2F
:103BE000A5B8C9F0B00885B4A5B7C9F09004A9007C
:103BF000854885B3203FB720BCA720E5A4A549C9C7
:103C0000FFD016A004207B9AD00F204A9AB00AA9B0
:103C1000808549E620E620E620A54B1022A5C2D0EB
:103C20001EA000207B9AD017204A9AB012A541C945
:103C300002F002E641A97F854BE620E620E620A5BA
:103C400046F0252920F00EA5D9C902B008A52129E2
:103C50001FD002C647A521D00FC6D9D00BA546104C
:103C60000320A5C7A9008546A532D047A52C29C0A9
:103C7000D041A54DC9049004A23F8657C9089004BD
:103C8000A21F8657A54CC9039026A900854CA910F0
:103C900085B3A21BA5C4D002A207BD0D01290FA2A6
:103CA00001C901F0054A9002E8E88648A93085B4C8
:103CB0004C5D98A52C29C0C980D00EA554C962B00E
:103CC00070A982201BAC4C5D98C940D02BA5B630A2
:103CD00014C9079010098085B6A91085B3A902857B
:103CE00048A93085B4A5841048C9F09044A9812022
:103CF0001BACA9C08584D039A583C9AFD033A555E5
:103D0000102FC985B02BA551C903B025A58218690C
:103D10001838E553C930B019A5C2D022A98385C28D
:103D2000A900854EA9028580E620E620E62020A590
:103D3000C7A5C2C985F004C980D0034C0D99A2174C
:103D40008607A5C4D002A203A001840888A9108513
:103D500009BD0D01F007860020F0A6A600A50918F0
:103D600069088509E8C8C00690E7A282A0A720CD0F
:103D7000A6A521291FC912B00FA901A6C4F002A946
:103D800002A267A0A720CDA6A5C7D055A274A0A760
:103D9000A52BC90A901220F4A4A274A0A7A5022002
:103DA000CDA6A503A27DA0A720CDA6A52C29C0C97C
:103DB00040F012C980D02AA521293FC9209022A213
:103DC00087A0A7D019A294A484C898A0A7C90A90D4
:103DD0000DD009A90120CDA6A2A1A0A7A90020CDA0
:103DE000A6A000A9F0990007C8C8C8C8C03C90F5B3
:103DF000A4D0C03DB00C88302AB900029900074C0D
:103E00002299A521290F0A0AC5D09002E5D0AAA0BF
:103E100000BD0002990007C8E8E4D09002A200C0EB
:103E20003C90EE20B8A3E621D002E622A521290786
:103E30000A0A0A0A0A8D00018D0C0120B188A90026
:103E400085D085C668A868AA6840B56D1865003831
:103E5000E554C501B00AB57818690C38E553C9189E
:103E600060000000000000000000000000000000F2
:103E7000000000000001020202020202020202012E
:103E80000000000000000000000000000000000032
:103E90000000000000000000000000000000010120
:103EA00001FCFCFEFEFFFF00000101020200000019
:103EB0000000000000FCFCFEFEFEFF000102020309
:103EC00000000000000000000000000000000000F2
:103ED00000000000000000000000000000FEFEFEE8
:103EE000FEA530850AB58F18652F9002E60A38E9DD
:103EF00010B002C60A99BB00A50A99BC00B58C187F
:103F0000655699B900A52E690099BA0060A549C9FE
:103F100080D0218546A905854985D94CBECEA5010D
:103F200018690838E554C930B00AA500186908387E
:103F3000E553C92060A07FA52C29C0F008A01FC9A7
:103F4000C0F002A03F988557A900854D854C60A51B
:103F500032D060A52C29C0C980D00CB9B90038ED89
:103F6000090185004CA29AB9B90038E5568500B917
:103F7000BA00E52ED03DB9BC008502B9BB0038E5DA
:103F80002F8501B00BA52C29C0D00FC6024CCF9AAB
:103F9000C9F0900FA52C29C0F00FA50138E91085B4
:103FA00001C602A502C530D00AA500857BA5018502
:103FB0007CA00060A5CE3008A5B81865CE4CF59A57
:103FC000297F8500A5B838E50085B8A5CD3008A5BE
:103FD000B71865CD4C0C9B297F8500A5B738E50047
:103FE00085B760A00084A1888CF006A9F0A00A998A
:103FF00065008810FA60A554C9F0B0F9A549C980D8
:10400000F0F3A54629A0D0EDA541F006A900854111
:10401000F00AA5D8854EF004A90085434CD6CBE61E
:1040200043A54348C910B00DAD01012910D006A524
:10403000420980854268A44230014A4AA209C90265
:104040009010A8C01F9002C643A5422907AAB9171D
:10405000A16068684CE58BAD01012920D021A554F1
:10406000857CA921850720FEA0A5082906D010B9C6
:104070001AE58501B91BE58502A408B101C987606D
:10408000A919D002A9218507A554857CA553857B54
:10409000A530D002A901850120429CC9FCB00BC902
:1040A0001BB004C917B003A0FF60A00060A5D3C96E
:1040B000C0B03AA9008507A430A554186912186544
:1040C0002FB004C9F09004186910C8857CC002B0F4
:1040D0001C8401203E9CF015C901D011A5D33004E9
:1040E000A98085D320B1CBA9008530852F60AD0193
:1040F000012920D08AA553857BA9218507A5C2D097
:10410000ACA554857CA530D002A901850120FEA074
:10411000A5082906D0D7A5010A1865018501A52E95
:104120008502A57B1865569002E60238E970B00258
:10413000C60248A5011865020AA8684A4A4A8501CC
:1041400020C3A0A50518790BE78501B90CE7650622
:104150008502A57C1865072016ACA8B101A8B00699
:10416000B9F9E5C90460B982E6C90460AD01012965
:1041700020D0F8A554857C20FEA0A5082906D0EB08
:10418000A554857CA553857BA921850720EC9CC976
:104190005FB029C9109025C9479007A5072016AC24
:1041A000901AA00060A554857CA553857BA9118534
:1041B0000720EC9CC947B004C910B0E6A0FF986086
:1041C000A5D3D0F8A57C186507652F8507B00CC965
:1041D000F0B008A20FA05BA9D6D01218691085070D
:1041E0002016ACC90CB0D5A20CA083A9D684088532
:1041F00009A42EA57B1865569001C838E970B00156
:10420000884A4A4A8501860220BFA0980AA8B108B8
:10421000C81865058501B10865068502A507201641
:10422000ACA8B10160AD010129F0D004AA4CA68D63
:10423000A550101B297FC93FF042B019AD010129DB
:1042400090F006E650A902D021C650A982D011C92B
:104250003FF047B0E7AD01012950F00AE650A9024E
:1042600085CEA900F008C650A98285CEA940855206
:10427000F004980980A88884CD4C158DA653E0CC15
:10428000B031E0C8900BA9408500AD01012920F0B4
:104290002EE0BCB01EC6504C158DA653E0249013E2
:1042A000E028B00BA9808500AD01012920F010E0C5
:1042B00034B0E2AD010129C0D002A0004C008DA5B0
:1042C000002D0101F0EDE6504C158D297FF013C94A
:1042D00001D02C204CCF200F9BA5D2F008A9008D37
:1042E00001014CA28AA553C9FC90034C03A0C653FC
:1042F000A201A5212908F001E88651A900F020C9F2
:1043000002D029204CCFA9008D0101200F9BA5D2FE
:10431000D0D0A52E10034C03A0E62EA90085512075
:1043200088A4206E85855585524CE693C903F00319
:104330004CFB9EA532F0034C12A0A90085D2200FA1
:104340009BA4D31059A5214A9002E6D3A200C090A5
:104350009077A240C0D09071C0E0D03EA9E885D34C
:10436000A90320E8ABAD070129F78D0701A9018555
:1043700032A52C2903852C0AA82064A985DAA91561
:10438000852EAD090138E9A08D0901A55638E9A0AF
:104390008556A9008530A910852FA250D02B203733
:1043A000A1A280A5566553E970C9F0B006A555F0E5
:1043B00012D00EA210ADB206C9B6D007ADB006300D
:1043C00002A2008E01014CA58A8E01014CA28AC96D
:1043D00004D048A583C9F0B01AA582C980D008A925
:1043E000F985D5A97C85D6A5214A9002C682A90067
:1043F0004C4B9EA554C99FB012E654E654C99DF09B
:1044000006A2038651D0E7A201D0BEA9008551A61D
:1044100055F0034CA28A86C24CF59EC905F0034CA8
:10442000FC9FA554C9F0B044ADC006C9FFF013A568
:104430005338E582C90EB01AA9008551A9048580B8
:10444000D025C653A553C9F8900CA9F0855485838F
:10445000D015C653E682A201A002A5212908F003C7
:10446000A006E886518480A9004C4B9EA5D4C9F8CB
:10447000B051E6D4A6D4E080901EA52DC902904389
:10448000A938E0F0B00CA91CE0E8B006A900E0E013
:1044900090312002884CEF9FE01090278A38E91075
:1044A00029784AAABD6688C9FFF0188D0620BD6725
:1044B000888D0620BD68888D0720A5D42907D003E4
:1044C0002059CC2088A4A2F5A08720CDA64C0D9918
:1044D000C940D0034CA28AA2FF86D1E8865286C288
:1044E0002088A44C2097AD0A01D017AD06012902FF
:1044F000F010AD070109088D0701A9008530A9104A
:10450000852FA5D5D00EA52EC90FB008A9F985D540
:10451000A97C85D6A52EC90DB02AA20086D386C255
:10452000E88635A98085322032A9A9068533202660
:10453000ACA930857FA553857EA52C2903F005A95C
:10454000FF8D0B01A2404CF59EA5522940F00CA511
:10455000561869888500A52E690060A55638E97847
:104560008500A52EE90060A50518790BE795DDB952
:104570000CE7650695DEA50029F81879D9FF95E1C5
:10458000B9DAFF690095E2600AA8A5004A4A8500E9
:104590004A8501E00FD01EA9008506A5010A26065E
:1045A0000A26060A26060A260638E5018505A50616
:1045B000E900850660A9008506A5010A26060A26E7
:1045C0000685050A26061865058505A50669008580
:1045D0000660A57CA430186920652FB004C9F0904E
:1045E00004186910C88508980AA86000000404042B
:1045F000030303030202020202020202010101019B
:104600000000008080808282828282A52C29C0F0F6
:1046100051C9C0D0034C97A2C980D0034C52A34CBF
:1046200088A4A9238D0620A43288980A0A0A0A0AB7
:104630008D0620A207C002900CA21FA9038D07209F
:10464000CA10FA3018B941E58D072069018D07209D
:1046500069018D072069018D0720CA10E8E6324CF8
:1046600088A4A532F004C90790B8A5DDC5E7D00637
:10467000A5DEC5E8F05BA9148D0020A5DD85E7A5C2
:10468000DE85E8A9208D0620AD09014A4A4A850049
:104690008D0620A000B1DDAABD5DD48D0720BD5CD4
:1046A000D58D0720C8C00C90ECA9288D0620A50048
:1046B0008D0620A000B1DFAABD5DD48D0720BD5CB2
:1046C000D58D0720C8C00F90ECA9108D00204C8814
:1046D000A4A202A00AA5CD1004A205A00D860C84F8
:1046E0000DAD0901290FC50C90E4C50DB0E0A00087
:1046F000A52C29C0C9C0D002A4D3840CAD09014A9D
:104700004A482938AA684A4AA0CC4A9002A0338471
:104710000909C085009849FF8505A000A9238D06D9
:1047200020A5008D0620A50531E18507BD440225A1
:104730000905078D07209D4402A50CD01DA92B8DCE
:104740000620A5008D0620A50531E38507BD84025E
:10475000250905078D07209D8402E8C8A500186972
:1047600008850090B74C88A44CFDA1A5C2F053A5C4
:10477000D3304FAD0101C910D048AD06012902F078
:1047800041AD0A01C910903AA92B8D0620A9E08DF0
:104790000620A955A01F8D07208810FAA90A8500B8
:1047A000AD0A010A26000A260029E048A5008D0668
:1047B00020688D0620A01FA9028D07208810FA4CC2
:1047C00088A4AD0901290FC9069004C90A9099A9C6
:1047D000148D0020A9208D0620AD09014A4A4A8582
:1047E000008D0620A000B1DDAABDF9E58D0720BD32
:1047F00082E68D0720C8C00F90ECA5D3D020A92851
:104800008D0620A5008D0620A000B1DFAABDF9E528
:104810008D0720BD82E68D0720C8C00F90ECA9103F
:104820008D00204C88A4A5E91019297FA8B9E6FCC1
:104830008501B9E7FC8502A00084E9A9232033A6FD
:104840004C88A4AD06012902F03FA5CEF03BA90893
:104850008502AD0A010A26020A2602A6028E062059
:1048600029E08D0620A000B1E5297FAABD2AE58DAB
:104870000720BD44E58D0720BD5EE58D0720BD788E
:10488000E58D0720C8C00890DE4C88A4AD01018DDD
:104890000201AD03018D0501A2018E1640CA8E16DC
:1048A00040A207AD16402903C9016E0301AD1740B0
:1048B0002903C9016E0401CA10E9A5C2301AAD036B
:1048C00001A6C4F003AD04018D0101AD03014D0546
:1048D000012D03018D050160C985D006A4D4C0F85F
:1048E000B0DCC980D0F160A218A52C29C0F006C99F
:1048F000C0F002A21E8E0701AD022010FBAD060122
:104900000980D00EA9008D07018D012060AD060140
:10491000297F8D06018D002060A9008D012020DCFB
:10492000A42063A4A228A90020DEA42063A4AD07CC
:10493000018D01204CC3A4A009A900A25F8D07200E
:10494000CA10FA8810F5A900A03F8D07208810FA38
:1049500060A200A9F09D0007E8D0FA60208EA44C68
:10496000BBC7A0008C0120A93F8D06208C0620B972
:104970002D018D0720C8B92D018D0720C8C02090BA
:10498000EEA93F8D0620A9008D06208D06208D06FC
:1049900020AD07018D0120AD06018D0020AD09017C
:1049A0008D0520AD0A018D0520AD0B018D008060C5
:1049B000A2208E06208D062060A50F850E0A0A18FB
:1049C000650E186911850F608501A201A900A00775
:1049D00006012AC90A9004E90AE6018810F2950244
:1049E000CA10E960A0008407840884092046A5B0A5
:1049F000FB205DA5205DA5A201206DA5206DA5CAA7
:104A0000206DA5A5010507850760A50138F980A5DA
:104A10008504A502F986A58505602036A5A503F9BC
:104A20008EA5850690E38503A5058502A50485016D
:104A300060C82046A590D2A509798BA58509D0F23A
:104A400060C82036A590C22054A5B5077989A595E0
:104A500007D0EF6040A010E8640A428627030000F8
:104A60000F000F010060A000A96020DCA4B90D01B7
:104A70008D0720C8C02090F5A2C5A0A5860184029C
:104A8000A000B1018D0620C8B1018D0620C8B1017A
:104A9000C9FFF0D18D0720D0F42042504C41594538
:104AA000520031000048490053434F524500005026
:104AB0004C415945520032FF86018402A000B101E9
:104AC0001030C9FFF05AC9FEF01B297FAABD2AE5A4
:104AD0008D0720BD44E58D0720BD5EE58D0720BD17
:104AE00078E54C1EA6C8B101AAC8B1018D0720CA3D
:104AF00010FA8D0720E601D002E6024CEAA58601F5
:104B00008402A5001869038D0620A9C08D0620A087
:104B100000A207B1018D0720CA10FAC8C00890F1A1
:104B20006086018402A5001869038D0620A9C08D46
:104B30000620A000A200B1018D072098186908A8DE
:104B4000E8E00890F1982907A8C8C90790E6A03FB7
:104B5000B10191038810F9608503A9148D002086A6
:104B6000018402A200A000A5038D0620A504E6048E
:104B70008D0620B1018405A8B1DD8D0720B1DF8D40
:104B80000720A405C8C40990EAA501186509850194
:104B9000A50269008502E8E02090CAA9108D0020D6
:104BA00060186930850086018402A6D0A000B1019A
:104BB000C9FFF00DC9FED002A5009D0002E8C8D0D3
:104BC000ED86D0608506A6D0A5079D0002E8A50663
:104BD0009D0002E8A5089D0002E8A5099D0002E8E5
:104BE000D0DFFEBD0274FEBE027CFE3E0284FFFEEC
:104BF000BF0278FED10280FF30AFFF0048AFFF0058
:104C000070AFFF0088AFFF00B0AFFF0080FED200A2
:104C1000585FBD02745FBE027C5F3E02846FBF02BC
:104C2000786FD10280FF5F3A016C5F3B01745F3C9B
:104C3000017C5F3D01845F3E018CFF0FFE01100F80
:104C40003C01180F3A0120FFD7D20010D7FE0120F7
:104C5000FFD7FE0128FF17300140FFCF5A0278CF5F
:104C60005A4280D75B027CFFD7D00274D83F017DC7
:104C7000D7FE0184FFD7FE018CFF20A9A720ACA797
:104C800020AFA7A9008523E624D0FCE623D0F86056
:104C9000A6C4F002A203A5C2C980F02EA51FF0137E
:104CA000A90518751395139006F614D002F615C6CB
:104CB0001FD0EDA520F013A9641875139513900665
:104CC000F614D002F615C620D0EDA020A900990C4C
:104CD0000188D0FAB515C512901CD00EB514C511B7
:104CE0009014D006B513C510900CB5138510B514EB
:104CF0008511B5158512B51938F513B51AF514B522
:104D00001BF515B022B5191869889519B51A6913DC
:104D1000951AB51B6900951B9008A9FF9519951A5E
:104D2000951BE62B20BFCCA200A90D207AA8A203D8
:104D3000A903207AA8A206A917207AA8A200861F94
:104D40008620A9308D16018D20018D2A016048B57D
:104D5000108501B5118502B51285032010A568A83C
:104D6000A220A509209AA8A508209AA8A507482945
:104D7000F0D004E020F0092016AC0930AA990D010A
:104D8000C868D004E020F008290F0930990D01AA65
:104D9000C8602039A420A5C7A9FF8D0B01205E851E
:104DA000207FA92045A4207DA42030A4A9218D0620
:104DB00020A92C8D0620A231A5C4F001E88E072081
:104DC000A214A0A920A8A5A21DA0A920A8A5A52B32
:104DD000F007A22AA0A920A8A5A90285C22013A491
:104DE00020A9A7A90085C260212E504C41594552E7
:104DF000FF218B47414D4500004F564552FF219101
:104E00005354415254FFA52C2903F014A002C901A8
:104E1000F002A005A202B992A99D4A0188CA10F623
:104E200060BE50ABB951AB85028601A00FD02EBE3B
:104E3000EAAAB9EBAAA8D01FBE84AAB985AAA8D0AD
:104E400016BE1EAAB91FAAA8D00DBEB8A9B9B9A985
:104E5000A8D004A298A0A986018402A01FB101993C
:104E60002D018810F8603622083226070F303030C6
:104E70000F2818080F3016280F1B2A180F36160F88
:104E80000F3610300F3030120F303030BEA9DEA98F
:104E9000FEA9091A3418092232120918171A092210
:104EA00007120936160F0936103009361207092283
:104EB0002C12172834081712220217180728172255
:104EC00007121736160F173610301736120717222B
:104ED0002C12003034080022321200181030002248
:104EE00007120036160F0036103000361207002267
:104EF0002C1224AA44AA64AA091222020934100F0F
:104F00000934101A0905071A0936160F0936103028
:104F100009360F0709361607081222020834100F47
:104F200008341028081706280836160F08361030DF
:104F300008360F0708361607001222020034100F39
:104F400000341030001810300036160F00361030C4
:104F500000360F0700361607CAAA8AAAAAAA03179C
:104F6000270703170708030313020327160803364E
:104F7000160F0336103003361207033616070320C8
:104F80002018032010180303120203201000033618
:104F9000160F033610300336120703361607031BAD
:104FA0002A180328180803031302031B29080336D1
:104FB000160F033610300336120703361607F0AA11
:104FC00010AB30AB271828082703220F2700100F3B
:104FD000271626062736160F2736103027361207D3
:104FE00027361607181828081803220F1800100F64
:104FF000181626061836160F1836103018361207EF
:10500000183616071C1222011C03320F1C00100F49
:105010001C1020001C36160F1C3610301C361207D0
:105020001C361607F0AA5CAB10AB6CAB30AB7CAB9C
:10503000271828082703220F2700100F27033828D6
:10504000181828081803220F1800100F1803382802
:105050001C1222011C03320F1C00100F1C03201015
:1050600036160F00362A0F0036280FA52C29C0D07F
:105070000EA546300AA5C2D006A525F003C62560B8
:10508000A526291FD00CA521D0F5C627D0F1C6280A
:10509000D0EDA8C001D0062019CD4CD0ABC009D0AE
:1050A000032047CDE626A6DB8627A6DC8628A210AD
:1050B000B9F6AB3002A6DA297F85258AA000992DA2
:1050C00001C8C8C8C8C02090F56084048404840462
:1050D000846081018101810181018101810181015E
:1050E000810181018101810181014A4A4A4A608529
:1050F000C285D2A900854E854660A433A9368D4667
:1051000001B939AC8D4701A9078D4801600F1030F6
:10511000271216B58FC9E8900FA5323008A5C2F046
:1051200004C980D01E4C02AFB58F85B8B58C85B749
:1051300020E09AA5B7C9F8B004958CA5B8958FC999
:10514000E8900160A5D3F0034C44ADB59810034C32
:1051500090AEA532F004A533D06B8500A546100AA9
:10516000B58CC9209004C9D09055E600A007B96558
:1051700000C9F0B01F690438F58FC928B016B9709E
:1051800000690A38F58CC914B00AB58610312005BB
:10519000B64CF1AC8810D7C600A55529FEC984D0FD
:1051A00024B5AA3020A55418690838F58FC930B045
:1051B00014A55220FCB6186908C91CB008E6B62030
:1051C000AFB34C90AEB59B30082010B5D0034C194E
:1051D000B2B5863037B59B2920F01220D4B5C0FF78
:1051E000F006A9E09586D024A0044C56ADB59229CE
:1051F0000DF0062043B14C56ADA93FA432F002A9F0
:10520000FF8500208BB03010C97FD006F686A0073E
:10521000D003200AB74C56ADA002B589C980900AC8
:10522000A003B595559B0A1001C8B589C9A0905A2D
:10523000A5B5F01EE6B5F052A50F30082903187584
:105240008F4C79AD29038500B58F38E500958F4CDB
:1052500046AEB58F29FEC930D021B59B2920D01B81
:10526000A52185B5B58C3006B5950940D004B59516
:1052700029BF9595A920959B4C46AEA55418690663
:1052800038F58FC90CB0034C36B2B59B1015A5216B
:105290004A9002F69BB59B291FC91E900DB59B290C
:1052A0007F959BF68FF68F4CE8ADC918B00EC910EC
:1052B000B008C908B002D68FD68FD68FB59B2920EB
:1052C000D058B59BD004B595297F959B0A1027A58A
:1052D00032D00EB58929A0C920D008A5212903D034
:1052E0000EF68CB58929E0F008A5212901D002F637
:1052F0008CF68C4C46AEA532D00EB58929A0C920BB
:10530000D008A5212903D00ED68CB58929E0F00854
:10531000A5212901D002D68CD68C8400B58929E03C
:1053200005009589A00229A0C920D001C88400B534
:105330009529FC05009595A532F014A52C2903D0DC
:105340000EB598C981B014B59529400983D012B51E
:1053500098C981900EA5212904F008B59529FC096A
:1053600001959560B598C981B0182010B5D004C0DA
:10537000FFF020F68FF68FB58FC9E8B016A0014C6C
:1053800046AEF698F698F698301BA9009598A9F0C5
:105390004C69ACF698A532D00CE44BD008A98085B6
:1053A0004BA904854AA0004C46AEE002F057A53553
:1053B000C901F004E001F04D184CADAFA99C85097E
:1053C000A52C2903F0E4E000D03BA082C901F00243
:1053D000A0A2984CC4AFA5C2C980F00BADD206C93B
:1053E00008F004C919D01EA585D01AA5212557D0CB
:1053F00014A53230C7A52C29C0C9C0D00DA430D007
:1054000005E001D00560A42FD0FBA09C8409C90051
:10541000F01EC9C0F01AC940F07CA0828409A534EE
:10542000D00AA530C902D0048534F06CA922D06816
:10543000A44B3018E64AA44AC00CD008A000844A05
:10544000864BF008E44BD004A07F844BE000D041B1
:10545000C9C0F00CA548D004A531300DA922D03820
:10546000A5564A90F7A9808531A590C9E89096A5E0
:1054700091C9E89090A52C29C0D00CA531290FC95D
:1054800003A004A9429004A000A962209BB54CC4CB
:10549000AFA531100160A9029589A9009598958F53
:1054A0009586A9808585A52C29C0C940F0160A30AB
:1054B00023E000F01FA5564A901AA50F958C0A29E3
:1054C000404C1DB0A50FC91C9004C9889002A9A723
:1054D000958FD00AA50FC5099002A509958FA50F34
:1054E0004A9008A903958CA940D006A9F5958CA9E6
:1054F000009595959BA50E29A09592A54DC90CB038
:1055000013A52C290318652D6901850BA50E290704
:10551000C50BB006B59209029592B589C9409006AF
:10552000B5920980959260C9A0A001B96500C9F043
:10553000902A8810F6A55438F58F186908C930905C
:105540001BA55438F58F186908C930B05CB595496A
:10555000FF20FCB6C914B051C908904DA90160B52F
:1055600089C940902CC980B0BE20D4B5C0FFF007D7
:10557000A9E09586A97F60A5A1D02EA50F2500D012
:1055800028B59520FCB69006B59549409595A90893
:1055900060B58C29FCC930F013C9C0F00FB589C9BA
:1055A00020B09EA521290FF098A9FF60B59229028D
:1055B000F0F7A000B589C920901AA54DC90CB01309
:1055C000A52C290318652D6901850BA5212907C57F
:1055D0000BB001C89462B58F186904956DB58C182D
:1055E0006908957818691038E553C930900DB58C65
:1055F000C553A98090014A15629562B58F1869203C
:1056000038E554C940900DB58FC554A92090014A82
:1056100015629562A90260C904D018B589291FA82E
:10562000A5212907D0F0C898C90C90EAB59229F9AC
:105630004C14B2C901F03320D4B5C0FFF00F209C48
:10564000B0A9FF8DF006A90085A14C82B1B58929CA
:105650001FA8A5A130C0B59229F74C14B2B58C187B
:10566000691438E553C9284CBCB1B589291FA8A5D0
:105670004E05C1D063A55438F58F186908C928B004
:1056800057B589C980B0D6B59549FF20FCB6C91475
:10569000B046A555102FC985B02BB5AA303AA9E858
:1056A00095AAB58F18690495B0B58C38E90895AD01
:1056B000B5950A1007B5AD18691095AD20FDCDE67A
:1056C0001FE61FD013B589291FC909D00BA52129B1
:1056D0000FC908D00320229BA521290FD00EC898FE
:1056E000C90A9008B59229FE9592A00260A900957A
:1056F0009BB58610034C1EB3B592290DF0252043AF
:10570000B1B589C9A0B0034C46AEB5950A100AA53B
:10571000214A9002F68C4C1BAEA5214A9002D68CF1
:105720004C42AEB589C9A09015A553F58C300AB589
:10573000950A100AA9014C24B3B5950A10F6A9A040
:105740008500B589C980B013A9E08500B589C94035
:10575000B009A903C0FFD0010A8500A50FC50090BC
:10576000034C11B3B5952940C0FFF008A4213004C3
:10577000A40E100209808500A50F0A29270500B490
:105780008FC060B002297F959BB589C9809053A5D1
:1057900053F58CB00249FFC920B011B58C3006B565
:1057A0009B0940D01CB59B29BF4CEDB24A4A8500ED
:1057B000A91F38E500B002A9008500B59B29E005C6
:1057C00000959BB59B2920F007B59B29DF4C0CB3B6
:1057D000A553F58C9006B59B0940D004B59B29BF15
:1057E000959B4CFDACA9078500208BB03010C97F7C
:1057F000D006F686A007D003200AB74C46AEB58C7B
:10580000C9309004C9C09027B5921023A553D58CF8
:10581000900BB5950A3018A9401595D009B5950A91
:10582000100DA9BF35959595B5921869409592A030
:1058300002A5212908F001C8B5950A1023B58929C8
:10584000A0C920D008A5212903D00EF68CB589293E
:10585000E0F008A5212901D002F68CF68C4C46AE6A
:10586000B58929A0C920D008A5212903D00ED68C3E
:10587000B58929E0F008A5212901D002D68CD68C63
:105880004C46AEA500F02FB589C9409012C9809052
:1058900025291FA42DC0039002291EC906F0062940
:1058A0001EC908D011A541D00DA5460A3008200513
:1058B000B668684CF1ACA500F00BA532D004A54148
:1058C000D00320C8B6A5321013A52C2903D004C6D6
:1058D000351009A97F8532A981201BACA980959834
:1058E000E64DB58929E0C920D002E64CA500F006B6
:1058F00020EECB4C25B420E9CCC684A5842903D066
:1059000038A000A52C29C0D016A011A5312907F078
:105910000EA00EC901F008A00AC902F002A004847A
:1059200000A52EC500B012A546300EA548D00AA984
:105930001F8557A53109808531A52C29C0C980D084
:105940002BB58929E0D025A530850AB58F18652F9C
:105950009002E60AC9F09002E60A85BFA50A85C052
:10596000B58C186D090185BDA9FF8549B5890A1057
:1059700033E63120B5B5A531297F8531C904B01989
:10598000C903D020A9FF8549A94085BD85BFA42EA4
:105990008884BEA90185C0D00BA52C29C0D005A93B
:1059A00081201BACE000D00786A1A9FF8DF006E4A2
:1059B0004BD005A000200D9AB58929E02016ACA88F
:1059C000A500F001C8B904B5300618651F851F6031
:1059D000297F18652085206004020603810A8381DF
:1059E0008A85948AB58F857CB58C857BA52C29C04A
:1059F000C9C0F062C980F049C900F00EA57CA0FFC3
:105A0000C9AAB037C829FEC9866020FEA0A508290A
:105A100006D042A91E8507860020EC9C8501C0FFA8
:105A2000D006A507C9CBB013A600A501C947900EA3
:105A3000C95FB00AA5072016AC9003A90060A9FFB2
:105A400060A57C38E903857CA91E850720929BF020
:105A500004A0FFC99160A0FFA57C18652FC9B1B053
:105A6000DAA57C186904857CA91E85074C319C4801
:105A7000A902850DB9ADB5994601C8C60D10F568E6
:105A8000602738160027381600A000B9CEB5994611
:105A900001C8C00390F5B9CEB5994701C8C00690BA
:105AA000F560361207361607B58929C0C940D010EF
:105AB000A541D00CA001B96500C9F090068810F688
:105AC000A0FF6018690438F58FC928B0F3B97000D9
:105AD000691038F58CC920B0E7A9E895AAB9650026
:105AE00038E90495B0B9700038E90495AD20C8B61E
:105AF0004CFDCDA52DF004A5C2F0034CC8B6B95A93
:105B00000029F0C910F016C920F012C940F00EC9E2
:105B100080F00AA5212903D00485088509B95A0017
:105B200029F0F0782930F016C910F009B96500188D
:105B300065094C67B6B9650038E509996500B95A39
:105B40000029C0F018C940F00BB9700038650899F9
:105B50007000D009B9700018E508997000B96500A7
:105B600085B8B9700085B720E09AA5B8C9F0B02C07
:105B700099650038E918857CB97000857B984820C4
:105B800018B5D01EC0FFD01AA550297FC948B01241
:105B900068A8C008D006B95A004AB021A9F0996592
:105BA000006068A8A52C29C0C940D007B96500C904
:105BB000ACB0E9A5B7997000C9F7B0E060A56D85F4
:105BC000A0A578859FA9F0856DA9E0859E4CA7CDFD
:105BD000380A1005B58CE55360A553F58C6048185C
:105BE0007592959268A006C901F0F2A00AC902F068
:105BF000ECB595294008098085A1B58F1869048501
:105C0000A7B58C38E90828F00318691885A4A008FE
:105C10004CDBCDA23CA900854FA549C9FFD014A0FB
:105C200004207B9AD00D8407A9568503A9BE85045C
:105C30002067B9A54B1032A5C2D02EA521D00AC627
:105C40004AD006A97F854BD020A000207B9AD0198E
:105C5000C8840788A5212908F002A002B997C78542
:105C600003B998C785042067B9A002B9AA008400C7
:105C700010454A4A2906A8B960C78501B961C78598
:105C800002A400B9AD00857BB9B000857CA000B14D
:105C900001C980F02218657C9D0007E8C8B1019D0C
:105CA0000007E8C8B1019D0007E8C8B10118657B8D
:105CB0009D0007E8C8D0D8A4008810AFA00AA9C0EA
:105CC0008501A9C18502B96500C9F0B013C008D02B
:105CD0000CB95A004A9006A9C78501850220FFBF6A
:105CE00088C008B0D9A9AF8501A9D98502A541D03E
:105CF00014A5462940F006A5D9C902B008A9C08557
:105D000001A9C18502B96500C9F0B00320FFBF88B1
:105D100010F38601A202B5A1104748294049400965
:105D2000038507A58929E0C940F002C607A52129F6
:105D300004D006A5070980850768A008291CC9109A
:105D4000B0024AA8B927C78503B928C78504B5A7F3
:105D5000857CB5A4857B8602A6012067B98601A64D
:105D600002CA10B2A601A59EF023A0008407C9E8CC
:105D70009006C9FCB002A002B901C78503B902C7E9
:105D80008504A5A0857CA59F857B2067B9A551C901
:105D900008B0150A0A0A1865550AA8B9C0BA8503D9
:105DA000B9C1BA85042030B9A52C29C0C940D02377
:105DB000A554C9A0901DA5C23019A54E3015AD013E
:105DC000012920F00EA9998503A9BA85042030B9CC
:105DD0004C10B9A5510AA8B9A2BA8503B9A3BA85CE
:105DE000042030B94C5BBE8500A9A79D0007E89848
:105DF0009D0007E8A9039D0007E8A57B1865009DA5
:105E00000007E860A553857BA554857CA54629201D
:105E1000F012A5214A9007A57BE5474C4EB9A57B1A
:105E20006547857BA5528507A544300CA551C9055A
:105E3000D006A552494085072000BAA000B103C989
:105E400080F0C018657CC9E8900AC9F8B006C8C8D7
:105E5000C8C8D0E985009D0007E8C8B1039D0007C8
:105E6000E8C8B103C9FFF01C2903C901F012A50756
:105E70001005297F4CA7B9A941250751034CB2B998
:105E8000A940D0F5A5079D0007A52C29C0C940D081
:105E900008A500C9AA9012B004A54FF00CA54ED0D9
:105EA00008BD000709209D0007E8C8B10348A50701
:105EB0002940F009688506A90838E506486818658C
:105EC0007BC9F9B0089D0007E8C84C69B9CACACABD
:105ED000C84C69B9A52C29C0C9C0F01FC940D01849
:105EE000A57CC9889012C9A0B00EA900A05C20139F
:105EF000B9A908A05D2013B94C69BAA42EA55618FB
:105F0000657B9001C838E970B001888509C000F050
:105F100031C002D028A509C9809022A430F01EA566
:105F20007CC9AE9004C9B3903F18694090018818AD
:105F3000652FB004C9F09001C8984AB02BA900851C
:105F40004F60A509C980B0F5A430A57CC9AE900406
:105F5000C9B3901418694090018818652FB004C91E
:105F6000F09001C8984AB0D5A9FF854F60F85F034B
:105F700004005E03048040BB61BB82BB9FBBBCBB13
:105F8000D5BBEEBB51BC28BC6EBC83BC0BBC94BC67
:105F9000BDBCE6BC03BD08BD0DBD16BD1FBD60BBCD
:105FA00028BD31BD3ABD48BD4DBD56BD5FBD60BBCE
:105FB00068BD71BD3FBD48BD4DBD56BD5FBD60BB39
:105FC00068BD71BD7ABD7FBD84BD8DBD96BD60BB12
:105FD0009FBDA8BDB1BDB6BDBBBDC4BDCDBD60BB81
:105FE000D6BDDFBDE8BDEDBDF2BDFBBD04BE60BBEF
:105FF00044BE4DBE7ABD7FBD84BD8DBD96BD60BB28
:106000009FBDA8BD0DBE12BE17BE20BE29BE60BB7F
:1060100032BE3BBE0C5801FC000000040801000029
:106020000802000810030000100400081805000012
:1060300018060008800A0701F8005500000808004B
:106040000008090008100A0000100B0008180C00D6
:1060500000180D000880005500000808000008091D
:106060000008100F0000101000081811000018128E
:106070000008800C5801FC001300040814000008FC
:106080001500081018000010190008181A000080E8
:10609000145801FC08000004100100001002000860
:1060A0001816000018170008800C5801FC000000AA
:1060B000040801000008020008101B0004181C005E
:1060C00003800C5801FC001300040814000008159C
:1060D000000810184006101940FE181A40068000EB
:1060E000130004081F00000820000810180000100A
:1060F0001D0008181A0000181E000880FF5301FF39
:106100000652010B002100000022000808230000B5
:106110000824000810250000101D000818260000A3
:10612000181E0008800051410C00000004082700E0
:10613000000828000810290000102A0008182B0069
:1061400000800D130005112C0000112D0008192EE0
:106150000000192F000880184000F81841000018AE
:106160004200081843001080FE5101FBFE51410D12
:1061700000210000002140080823000008234008F7
:106180001025000010254008182600001826400899
:1061900080FF534109065241FD002240000021408A
:1061A000080824400008234008101D400010254026
:1061B00008181E400018264008800C58C10C0F45D6
:1061C000C1FC1800C0041002C0001001C008081B68
:1061D000C004001CC005800844010B800945010D66
:1061E000800846010A1047010A8009480105114943
:1061F000010580FB4A0106034B010680034D010D9A
:10620000034E011580034E41FD034D410580094CAD
:106210000108800956010511570105800A45010949
:10622000800946010611470106800A48010112490A
:10623000010180FC4A0101044B010180044D010869
:10624000044E011080064E41F9064D41018008447C
:10625000010B800945010C8009460109114701091C
:1062600080094801041149010480FB4A0106034BDF
:10627000010680FB500107034B0107800B4BC10B4C
:106280001350C10C800F44010B801145010C80118B
:1062900046010919470109801148010419490104FF
:1062A00080034A01050B4B0105800B4D010C0B4E81
:1062B0000114800B4E41FC0B4D4104800744010B3F
:1062C000800945010C80094601091147010980092F
:1062D0004801041149010480FB4A0105034B0105F3
:1062E00080085401FD800945010080084601061020
:1062F00047010680084801FF104901FF80FB4A0161
:1063000000034B010080044D0102044E010A800588
:106310004D41FC054E41F480034D010C034E011428
:1063200080034E41FC034D41048000CFFF0080A557
:1063300033F036ADD206C908D02FA008C901D0026B
:10634000A0108407A002A5212507F002A000B9E350
:10635000C68503B9E4C68504A57E857BA57F857CBB
:10636000A902057D85072067B9A548F02309408566
:1063700007A000A5212910F002A002B972C0850370
:10638000B973C08504A5B4857CA5B3857B2067B9A6
:106390008601A52C29C0F00AA5C2C9819004C99024
:1063A0009054A9028508A5212903C903D002A90098
:1063B000AAB58FC9E8B036857CB5894829E0201692
:1063C000ACA8B928C18504B929C1850568291F0A67
:1063D000A8B1048503C8B1048504B5958507B58CBB
:1063E000857B8602A6012064B98601A602CA100236
:1063F000A202C60810BBA601A583C9F090034CF207
:10640000BF857CA9008507A5C2D0034CD2BFA5815A
:106410008507A060A5C2C984F002A080840CA5D520
:10642000F01BC9FFD0034CF2BFC50CB010A5D66954
:1064300004857CA5D538E90585824CCEBFA5C2C9A7
:1064400084D00DA002A5212908F002A00698D058FA
:10645000A5548583857CA5C2C985D010ADA006C989
:10646000FFF009A9408507A5824CDFBFA55229404E
:10647000D018A58238E5533029C90C9025A55318AA
:10648000690CA00084818407F029A55338E5823087
:1064900011C90C900DA55338E90CA04084818407E4
:1064A000D011A904D002A9008580A58285B720E07B
:1064B0009AA5B78582857BA480B998C08503B999D0
:1064C000C085042064B9E0309008A9F09D0007E879
:1064D000D0FA60B965009D0007E8A5212904D00421
:1064E000A501D002A5029D0007E8A9019D0007E8CB
:1064F000B970009D0007E860A007B96500C9F09079
:106500003A8810F6A551C909F004C904D004A910AD
:10651000D002A9071865548501A55318690885029A
:10652000A007B96AC0995A00A501996500A502990A
:1065300070008810ED2059CC4C828E4C848E102037
:106540004050608090A076C087C000DCFF0000DD76
:10655000FF0808DEFF0008DFFF088000DCFF000006
:10656000DDFF0808DAFF0008DBFF0880A0C0C1C01B
:10657000E6C003C100F8030000F9030808FA0300AD
:1065800008FB030810FC030010FD030818FE0300BD
:1065900018FF03088000E0030408E703FA08E80393
:1065A0000208E9030A10EA03FA10EB030210EC03F5
:1065B0000A18ED030218EE030A8000E0030408E164
:1065C000030008E2030810E3030010E4030818E5E1
:1065D000030018E603088000E0030408E703FA0854
:1065E000E8030208E9030A10EA03FA10EF030210B5
:1065F000F0030A18F1030218F2030A8034C134C10F
:106600004CC14CC174C160C1EEC3FFC380C2A1C202
:10661000A8C3CDC3BAC256C37FC3DFC204C32DC350
:106620004EC25FC20CC24EC2EBC12DC288C1A9C10D
:10663000CAC14EC26CC57DC51EC5D0C4F5C443C514
:1066400020C445C476C49FC4B1C6C2C6A6C5CBC5C6
:10665000F0C5B1C611C636C65FC688C6FD60020069
:10666000FD61020805620200056302080D5C02007C
:106670000D5D0208155E0200155F020880FD8702AD
:1066800000FD88020805890200058A02080D8B02B8
:10669000000D8C0208158D0200158E020880016025
:1066A0000200016102080962020009630208116424
:1066B000020011650208196602001967020880FDD0
:1066C000680200FD68420805690200056A02080DBB
:1066D0006B02000D6C0208156D0200156E02088039
:1066E000FD8F0200FD590208055A0200055B0208F1
:1066F0000D6F02000D70020815710200157202087C
:1067000080FD8F0200FD590208055A0200055B0258
:10671000080D6F02000D7002081574020015750255
:106720000880157FFFF41580FFFC1581FF0415829A
:10673000FF0C80FD72C200FD71C2080570C2000529
:106740006FC2080D5BC2000D5AC2081559C2001570
:106750008FC20880FD900200FBB7010CFD98020873
:1067600005A002050DA102020DA2020A15A3020254
:1067700015A4020A80FD900200FBB7010CFD9802EF
:106780000805A002050DA5020515A6020580FD90CD
:106790000200FBB5010BFD91020805920200059372
:1067A00002080D9402000D95020815960200159737
:1067B00002088005B801F8FD900200FD9B02080563
:1067C0009E0200059F02080D9402000D9502081517
:1067D0009602001597020880FDB7010BFD9002009C
:1067E000FD9B02080592020005B0020805B10210E7
:1067F0000D9402000D9502081596020015970208E7
:1068000080FDB7010BFD900200FD9B020805B3025D
:106810000005B4020805B202F80D9402000D9502BD
:1068200008159602001597020880FD900200FBB63D
:10683000010CF3B70110FD98020805990200059AB2
:1068400002080DA102000DA2020815A3020015A462
:10685000020880F9B741F601B641FAFD900200FD49
:106860009B0208059C0200059D02080DA102000D77
:10687000A2020815A3020015A4020880FDA70200C9
:10688000FDB7010BFDA8020805A9020005AA020830
:106890000DAB02000DAB420815AC020015AC42086E
:1068A00080FBB7010CFD900200FD980208059202E2
:1068B00000059A02080DA5020315AD020015AE02EF
:1068C000088015B9FFF415BAFFFC15BBFF0415BC11
:1068D000FF0C8017B7C1FCFDAEC200FDADC20805BC
:1068E000A5C2030D9AC2000D92C2081598C20015E8
:1068F00090C20880F07E410FF87F410FFDE8030051
:10690000FDE9030805EA030005EB03080DEC0300AD
:106910000DED030815EE030880F37E01F8FB7F01FF
:10692000F8057A03100D7F81FD157E81FDFDEF03D3
:1069300000FDF0030805F1030005F203080DEC0368
:10694000040DED030C15EE030C80037301F00374CA
:1069500001F80B7B0310FD810300FDF003080582A5
:10696000030005F203080DEC03040DED030C15EE16
:10697000030C80EF7E410DF77F410D107FC10C1895
:106980007EC10C0B7B030EFDFE0300FD8303080597
:10699000840300058503080DEC03000DED030815C5
:1069A000EE030880FF7C01F8077D01F8FDFE03007F
:1069B000FDF3030805F4030005F503080D8003004B
:1069C0000DED030815EE030880FF7C0100077D0133
:1069D00000FDFE0308FDF3031005F4030805F503AD
:1069E000100DF603000DF7030815F8030015F90361
:1069F0000880017501F8FDE00300FDE1030805E2F0
:106A00000300057703080DFA03000DFB030815FCCE
:106A1000030015FD03088009790108017501F8FDDF
:106A2000E00300FDE1030805E20300057703080D1C
:106A3000FA03000DFB030815FC030015FD03088095
:106A4000158C03F4158D03FC158E0304158F030CB0
:106A500080137CC1080B7DC10815FEC30015F3C36C
:106A6000F80DF4C3000DF5C3F805F6C30805F7C328
:106A700000FDF8C308FDF9C30080FD000304096EA2
:106A800001FC0544010B05010300050203080D6F1D
:106A900001000D590108156001001561010880FD14
:106AA000550300070701F80644010805080300051F
:106AB0000903080D6201000D63010815640100154A
:106AC00065010880FD000304096E01FC0544010B0B
:106AD00005010300050203080D6601000D670108AA
:106AE0001568010080FD000304096E01FC064501E4
:106AF0000D05010300050203080D6F01000D59018A
:106B000008156001001561010880FD000304096E8D
:106B100001FC0546010A0D47010A050103000502B3
:106B200003080D6F01000D59010815600100156182
:106B3000010880FD000304096E01FC064801050EF2
:106B400049010505010300050203080D6F01000D51
:106B5000590108156001001561010880096E01FCEA
:106B6000F84A0106004B0106FD000304050103007D
:106B7000050203080D6F01000D59010815600100A1
:106B800015610108801540FFF4156BFFFC156C01C1
:106B900004156D010C801500C304096EC10C0D4471
:106BA000C1FD0D01C3080D02C3000566C1080567DC
:106BB000C100FD68C10880E7C6F4C600D3FF00002D
:106BC000D4FF0808D5FF088000D6FF0008D7FF00D3
:106BD00008D8FF088005C716C7FCC9C1FCFCC8C19E
:106BE0000404C801FC04C9010480FCCA01FCFCCBFC
:106BF000010404CC01FC04CD01048031C73AC74331
:106C0000C74CC755C700F6FF0500F5FF008000F729
:106C1000FF0500F6FF008000BDFF0500F7FF0080C4
:106C200000D1FF0500BDFF008000BFFF0D00BFFFCA
:106C30000800BEFF008068C779C786C700CE010084
:106C400000CE410808CE810008CEC1088000C601F0
:106C50000808C4010008C501088000C2010000C383
:106C6000010808C3C10008C2C108809BC7A0C700B3
:106C7000F3FF008000F4FF0080A2008E154086EB39
:106C8000A9FF9DA0068A186910AAC960D0F260A564
:106C9000C805C9D006A5C23002D0F3C980F0EFA95B
:106CA0000085EC85ED85EE85EFAABDA10685F2A8ED
:106CB000C9029008F0040940D002098085F3BDA004
:106CC00006C9FFF039B9EC0018690199EC00BDA0C4
:106CD00006F034FEAC06BDAC0638FDAB0690039D55
:106CE000AC06DEA506100EBDA4069DA5062071CA41
:106CF000DEA706F00620D2C94C2AC8208AC88A1806
:106D00006910C96090A360BDA20685F0BDA3068589
:106D1000F1A000B1F0290F9DA4069DA506C8203B57
:106D2000C9C8B1F005F49DA606C8B1F09DA806A992
:106D3000009DA9069DAA069DAD06A9029DA006D0AC
:106D4000BA290F1007290F49FF18690124F3300BE6
:106D50009DAD06B1F09DAE069DAF064CFEC8BDA030
:106D60000685F0A00084F106F026F1BDA20665F0CC
:106D700085F0BDA30665F185F1B1F0C8C9F0B01486
:106D8000C9E0B0C1C9D0B0B9C9C0B068C9B0B048D5
:106D9000C9A0B013C9FEF03AB0072051C9FEA00641
:106DA000609DA0064CC2C9D00E24F33025BDA606B6
:106DB00029C011F04CFBC8C9A1D008B1F09DA806AC
:106DC0004CFEC8203BC9B007BDA606291F05F49D8F
:106DD000A606FEA0064C8AC8290FC90FF00ADEA934
:106DE00006F0EF10039DA906B1F0187DA0069DA046
:106DF000064C8AC8290F85F424F330D6BDA606298F
:106E000010F0CFB1F09DAB06A5F49DAA0610C324E7
:106E1000F3300AB1F029036A6A6A85F460B1F02997
:106E20007F85F4386024F3705948290FC90CB05E8F
:106E30000AA8B9AFCA85F4B9B0CA85F56829F0F0D7
:106E40000C4A4A4A4AA846F566F488D0F9A001B12E
:106E5000F09DA706A9009DAC062065CAA5F548A52A
:106E6000F448B9C7CA05EB85EB8D154020D5C9BDDF
:106E7000A806990140689902406829070908990302
:106E80004060C910B00985F4A90085F5F0BF68A07D
:106E900001B1F09DA7062065CAB9C7CA49FF25EB15
:106EA00085EB8D1540602065CAC002F016BDAA06AC
:106EB000D01C980A0AA8BDA60629100A1DA6069984
:106EC000004060BDA6068D0840980A0AA86038E90F
:106ED000010A0A0A48BDAC0685F4A90085F5A0049C
:106EE00006F4A5F438FDAB06900285F426F588D0AB
:106EF000EF6846F5081865F584F5A8B9CBCA28905F
:106F0000040A0A0A0A85F4BDA606290F85F6A0041C
:106F100006F506F49006A5F565F685F588D0F1A589
:106F2000F20A0AA846F546F546F546F5BDA6062935
:106F3000C0093005F599004060A4F2B9EC00C90120
:106F4000F00268686024F3302CBDAD06F027DEAF98
:106F500006D022BDAE069DAF06BDA606291F85F44C
:106F60002910F011BDAD06300DDEAD06A5F4C91F28
:106F7000F003FEA60660FEAD06A5F4C910F0F6DE2D
:106F8000A60660AE064E06F4059E054D050105B940
:106F90000475043504F903C0038A0301020408FEE2
:106FA000DCBA98765432100123456789ABCDEFFEE9
:106FB000DCBA9889ABCDEF89ABCDEFFEDCBA98FD9A
:106FC000B97531ECA86420FEDCCDEDCA864210FD17
:106FD000B9AB976543211044444446678ACFB8FF54
:106FE000A8FFA877665542ADA006C9FFF00160A9C9
:106FF000848DB206A9CF8DB306A9038DB106A90071
:107000008DB00660A9A78DE206A9CF8DE306A90879
:107010008DD206A9D18DD306A9008DE1068DE0069B
:107020008DD006A9028DD10660A9198DA206A9D21C
:107030008DA306A93E8DC206A9D28DC306A9538D84
:10704000D206A9D28DD306A9668DE206A9D28DE318
:1070500006A9018DC106A9028DD106A9038DE106FD
:10706000A9008DA1068DA0068DC0068DD0068DE0ED
:107070000660A9818DD206A9D28DD306A9008DD133
:10708000068DD00660A9D68DE206A9D28DE306A9A9
:10709000638DD206A9D38DD306A9008DE1068DE0BC
:1070A000068DD006A9028DD10660A9068DD206A94B
:1070B000D48DD306A9008DD1068DD006A9FF8DE011
:1070C0000660ADA006C9FFF00160A90B8DB206A94C
:1070D000CC8DB306A9038DB106A9008DB006603032
:1070E0000000000F020C02FFADA006C9FFF0016016
:1070F000A9438DC206A9CC8DC306A94A8DB206A9A3
:10710000CC8DB306A9038DB106A9018DC106A900D6
:107110008DC0068DB0066012000E006801FF3000C1
:1071200014000701A01F0701A01D0701FFADA00665
:10713000C9FFF00160A9888DC206A9CC8DC306A93C
:10714000918DB206A9CC8DB306A9038DB106A90114
:107150008DC106A9008DC0068DB006601400170011
:107160006B016901FF3400000007010801FFADA0B9
:1071700006C9FFD014A9B68DB206A9CC8DB306A955
:10718000038DB106A9008DB00660330000000A012E
:107190000601FFA9D48DA206A9CC8DA306A9018D55
:1071A000A106A9008DA0066012010F00440245024D
:1071B00049024B0254015501B3FE5408FFADA0062D
:1071C000C9FFF00160A9068DB206A9CD8DB306A94D
:1071D000038DB106A9008DB0066032001F000901C1
:1071E000A01A0901A0180901A0140901FFA92E8DF8
:1071F000A206A9CD8DA306A9038DA106A9008DA085
:10720000066030001F000F010F010F01BEFEEF02EC
:107210000F010F010F010F01BEFDFFA95C8DA2063A
:10722000A9CD8DA306A9038DA106A9008DA0066096
:1072300031001A000C010D010D01BEFEEF020D011F
:107240000D010D010D01BEFDFFA9988DA206A9CD6E
:107250008DA306A9018DA106A9008DA006A9FF8D09
:10726000B0068DC0068DD0068DE0066010001F00B0
:1072700034033203340332033403FFADA006C9FFE5
:10728000F00160A9C48DB206A9CD8DB306A9038D06
:10729000B106A9008DB0066030001F000F010E017D
:1072A0000D010D010D010E010F01EF010F0AFFA9E4
:1072B000F08DF206A9CD8DF306A9038DF106A90084
:1072C0008DF0066033000F000F010E010F01BFFDAE
:1072D000FFADA006C9FFF00160A92C8DB206A9CEB2
:1072E0008DB306A9338DC206A9CE8DC306A9038D21
:1072F000B106A9018DC106A9008DB0068DC006603A
:1073000033001F000201FF13010F006401FFA97188
:107310008DA206A9CE8DA306A9868DC206A9CE8D03
:10732000C306A9A98DD206A9CE8DD306A9018DC108
:1073300006A9028DD106A9008DA1068DA0068DC0DB
:10734000068DD00660050103001F04340432022BB1
:107350000229022B0232023410FF15000900440CEE
:10736000450444084204490444041F0444024502FD
:1073700049024B0254015501B3FE5408FF25004059
:10738000003904350434042904B2FC3904350434CA
:1073900008FF20A5C7A9E68DE206A9CE8DE306A9C0
:1073A000198DD206A9CF8DD306A9018DD106A900CA
:1073B0008DE1068DE0068DD0066000021000DF0230
:1073C00030013001BEFE30013101BEFE310131011C
:1073D000BEFE31013001BEFEEF0A30013001BEFEBB
:1073E00030012B01BEFE2B012B01BEFEFF1002104F
:1073F00000DF0230023001BEFE30013101BEFE313D
:10740000013101BEFE31013001BEFEEF0A30013014
:1074100001BEFE30012B01BEFE2B012B01BEFEFF83
:10742000ADD206C969F01520A5C7A9698DD206A9F4
:10743000CF8DD306A9008DD1068DD006600400053E
:1074400000350139013B014401450149014B01541B
:1074500001550159015B08FF310011000A01A01319
:107460000901A0180801A01C0701A01F0501A01D0B
:107470000401A01A0301A0170201FF00000F001F62
:1074800018340335033906350C340C3518393C1FD4
:107490000C3B0C390C350C34301F3039181F0C44A0
:1074A000241F30300331033206320C340C35182BD4
:1074B00024320C340C350C2B18346C440C3B0C422D
:1074C0000C390C3B0C350C390C340C1F18340335BB
:1074D000033906350C340C3518393C1F0C3B0C397C
:1074E0000C350C34301F3039181F0C44241F303039
:1074F0000331033206320C340C35182B24320C3491
:107500000C350C2B18346C440642063B063906B188
:10751000FD34063B06390635063406B1FE32062B2D
:10752000063506340632062B1E1F18320334033587
:1075300006390C3B0C400C390C3B0C1F3035063423
:107540000632062B1E1F18320334033506390C3B56
:107550000C400C390C3B0C1F3029062B063206342C
:10756000061F30320334033506390C3B0C400C390E
:107570000C3B0C1F30440654064206520645065585
:107580000644065406420652063B064B0639064997
:10759000063B064B06420652063B064B0644065483
:1075A00006420652061F304406540642065206455D
:1075B00006550644065406420652063B064B06395B
:1075C0000649063B064B06420652063B064B06455D
:1075D000065506440654061F30B1A4FF20100000D3
:1075E00029063B0640063B06B7FC25063B0640063F
:1075F0003B06B7FC2206440645064406B7FC2406B3
:10760000440645064406B7FC29063B0640063B06F1
:10761000B7FC25063B0640063B06B7FC220644069F
:1076200045064406B7FC2406440645064406B7FC56
:10763000A00A250C350C250C350C250C350C250C19
:10764000350C250C42064206250C44064406250C42
:1076500045064506250C44064406240C340C240C2F
:10766000340C240C340C240C340C240C420642063A
:10767000240C44064406240C45064506240C440606
:107680004406220C320C220C320C220C320C220C3E
:10769000320C220C42064206220C44064406220CFE
:1076A00045064506220C44064406240C340C240CE2
:1076B000340C240C340C240C340C240C340C240C0A
:1076C000340C240C340C240C340C240C340C240CFA
:1076D000340C240C340C240C340C240C340C240CEA
:1076E000340C240C340C240C340CB1A3FF00010026
:1076F00000440642063A06390642063A063906377B
:10770000063A063906370634063906370634063295
:1077100006FF10010083140C100C100C140C100C3C
:10772000100C140C100CFF200005001F03270C1F69
:1077300018270C1F18270C1F0CFF30000100010335
:107740000109010C010C01030109010C010C0103E9
:107750000109010CFF00010F00340639063B064405
:107760000649064B06520654065506540652064B69
:1077700006490645063B063906B1F0340639063B94
:1077800006440649064B0652065406550654065250
:10779000064B06490C450E49124B1F340639063B71
:1077A00006440649064B065424FF04000400440125
:1077B0004501440244014501B1FD44024202400238
:1077C0003B0239043904390237021F0239021F0211
:1077D00039023904390237021F0239021F02390205
:1077E0003904390237021F0239021F0244024402DF
:1077F00044024402420240023902B1E4420442041B
:10780000420240021F0242021F024202420442029E
:1078100040021F0242021F02420242044202400290
:107820001F0242021F02490249024902490247025D
:1078300045024402B1E4FF243000001F121902295E
:1078400002270229021902290229012B01300132E3
:107850000119022902270229021902290229012BF2
:1078600001300132011902290227022902190229D5
:107870000229012B013001320119022902270229B4
:10788000021902290227022902B1DA220232023049
:107890000232022202320232013401350137012262
:1078A0000232023002320222023202320134013547
:1078B0000137012202320230023202220232023247
:1078C0000134013501370122023202300232022234
:1078D00002320230023202B1DAFF04010F003B0132
:1078E0003901350134012B0129012510FFA9C48577
:1078F00001A9028502A9308503A9DC8504A000B195
:1079000003C9FED00160C9FFD010204FD4B103AA33
:10791000A9002002E5CA10F830032002E5204FD468
:107920004C2BD4A5031869018503A50469008504BF
:107930006000B8B9BABBE2E5EAE4E5EBE0E3E4E510
:10794000E6D4D5D6D7D8D9E6E7E8E9EAEBE9DADB39
:10795000DCEFDEDFE0E4E5E9E0E0E9EFE9DEE4DFEB
:10796000E5DADAE0E4E5DBDBE1E1E1DCDCE2E2E21E
:10797000E9F5E3E3E6E0EAEBF2F3F4F5F6F7B2B7A4
:10798000A2B3B4B59E9FA0A1A2A3B7B49A9B9CA397
:1079900099ADB200AA00ABA2A2AAAFAAACB398B0AC
:1079A000A2AFA1B400B192B0A2FBEE93A1CDF1932E
:1079B0009BA1A09C97919FA1929B949DA1A2AD9CFD
:1079C0000098A3AE9DAAB2A1A2A1B0A200ADAEB391
:1079D000A1A1ADA2B493B5A292A1A2A19C9E98A090
:1079E000A29F9AA193A0A294B2B7920099B500F277
:1079F000E6DADA00A1F4E9DDDD9EF5DEDEA1F7DFEF
:107A0000DF989E0000A29A9BB6A3ABACA19B949C6E
:107A1000009DAA98F8B4B5B0A2EBF1B2B3B4B5A288
:107A2000A1E3B998950096E0E0E0E3E3E9E4E4EB54
:107A300000C0C1C2C3DCDFE4EAEBE5E0E3E4E5E675
:107A4000CECFD0D1D2D3E0E1E2EFE4E5E9E6E7E85A
:107A5000E9EAEBDADEDFE3E0DAE9E9DDE4E4E5E5F3
:107A6000E6E0E6EAEBE1E7E1E7DBE2E8E2E8DCF5C5
:107A7000E9E9DDE6E6EAEBECEDEEEFF0F100B6B7B2
:107A8000B7A5B7A4A5A6A7A8A900B2A6A7A800ADA8
:107A9000AEB699B2AAAFAFB7ABA5A1B0B7ACB7AB12
:107AA000A2B1A598B4ACA1A2F4E2A1A1F7E597A177
:107AB0009AA6A29B96A5A797A698A39CA8B2A894BD
:107AC0009DA9B7A9A299A2AEACB3A1AAA2A1A2B541
:107AD000AEABB1A1ACA1F9A1FAFB909ACCA1A19F48
:107AE000CDA097A29C9AA100B6A2ADAEB793ECE050
:107AF000E6E092FBEEE3E9E390EFEAE49FF1EBE5E9
:107B0000A2A4959D97A6A7AD00AEAFB09E939FA1EE
:107B1000A1AFB4B1ABACA29CDCDFAAA1A2F990CD1D
:107B2000DCC2B1A2919AE6DADAE9DDE9DEDFEBBF89
:107B3000D6C40250DA7AD8C40250DABFD6C4027A68
:107B4000D850DABFD6C4027AD850DABFD67AD85025
:107B5000DA7AD8C402BFD6A9DF29DEA9DCF9E02988
:107B6000DEA9DCA9DF29DEF9E0A9DCA9DF29DEF93D
:107B7000E0A9DCA9DFF9E0A9DCF9E029DEA9DF97BB
:107B8000979797979797979898989898989898FE16
:107B90007E03FF0000000000000000000000000065
:107BA00000000000000000000000000000000000D5
:107BB00000000000000000000000000000000000C5
:107BC00000000000000000000000000000000000B5
:107BD00000000000000000000000000000000000A5
:107BE0000000000000000000000000000000000095
:107BF0000000000000000000000000000000000085
:107C00000000000000000000000000000000000074
:107C100000000000008D00000000000000000000D7
:107C200000000062920000000000000000000062FE
:107C300094956A7B4D000000000000000000946FE6
:107C40007096974E0000000000000000647798993D
:107C50009A654F00009B00000000009C65777477D8
:107C60006B5000007300000000629D6B9E9FA09A05
:107C70005100000000000000A170A2A3966596527A
:107C800000000000000000A49996A5776BA6471697
:107C9000161D00000000A79A9A969A77A848171711
:107CA0001E000000007A779677967BA94918181F66
:107CB00000000000A79A9A7F9696AA4A191C2000F5
:107CC0000000007E7F96AB9A9AAC4B1A1A210000F6
:107CD0000000ADABAE96AF77B04C1B1B220000008E
:107CE0000073777777B180AE53000000000000008A
:107CF000008A7BB27F8396540000000000000000E1
:107D000000B39A82B4B555000000000000000000E6
:107D1000B67B967F835600000000000000000073D1
:107D20008A7A828B570000000000000000000000EB
:107D3000898A905800000000000000000000000048
:107D40000000000000000000000000000000000033
:107D50000000000000000000000000000000000023
:107D60000000000000000000000000000000000013
:107D70000000008D00000000000000000000000076
:107D800000629200000000000000000000626395A5
:107D90006A7BB7000000000000000000946F70963E
:107DA00097B8000000000000000000B998999A659B
:107DB0006700000000009B0000BA657774776B6C69
:107DC0000000000000730000BB6B9E9F7B9A720056
:107DD000000000000000BA66A2A3969696BC0000C0
:107DE0000000000000BD6B96A5779AA6BEBFBFC07D
:107DF000BFBFC100C2969A969A77C3C4C5C5C6C50F
:107E0000C5C700BD83969A9A9AC8C90707CA0707CB
:107E1000CB00738BAE77CC77B0CD0A0ACE0A0ACFEF
:107E20000000D07796B180AED10000D2D100000022
:107E300000D37BD47F839685000084D500000000AA
:107E400000B39A82B4B581000087D600000000001C
:107E5000B67B967F838600007A8E00D70000007381
:107E60008A7A828B8C000089D864D90000000000D7
:107E7000898A90910000000094DA00000000000060
:107E8000000000000000D29ADB00000000000000AB
:107E9000000000000084D9A20000000000000000E3
:107EA00000000000A76B9E00000000000000000022
:107EB000000000B3969A00000000000000000000DF
:107EC0000000D09A7B0000000000000000000000CD
:107ED00000B3D4DC0000000000000000000000003F
:107EE000DD96DE0000000000000000000000008FB2
:107EF000D07B00000000000000000000000000DF58
:107F0000820000000000000000000000000073E09C
:107F100000000000000000000000000000008F00D2
:107F200000000000000000000000000000008D00C4
:107F3000000000000000000000000000629200004D
:107F400000000000000000006294956A7B4D000074
:107F500000000000000000946F7096974E00BA4D2C
:107F6000000000000000B998999A654F00E159009F
:107F700000000000BA657774776B5000E25900008A
:107F8000000000BB6B9E9F7B9A5100E35A000000EB
:107F900000BA65A2E4709696520073520000000089
:107FA000BD6B96E5E69AA64716232300000000C2A3
:107FB000969A969A77C349191C1900000000BD8350
:107FC000969A9A9AC84A1A242400000000738BAE2D
:107FD00096AF77B04C1B25250000000000D07777C6
:107FE000B180AE530000000000000000D37B837B13
:107FF000839654000000000000000000B3E777B44F
:10800000B555000000000000000000B67B967F839D
:1080100056000000000000000000738A7A828B572F
:108020000000000000000000000000898A90580055
:108030000000000000000000000000000000000040
:108040000000000000000000000000000000000030
:108050000000000000000000000000000000000020
:108060000000000000000000000000000000000010
:10807000000000005F60610062630000000000001B
:108080000000646566670068690000000000000089
:10809000006A6B6B6C006D6E000000000000000059
:1080A0006F707172007374000000000000000075B2
:1080B000767778E8050505050500000000007A7769
:1080C0007B7CE9060606060600000000007E7F8035
:1080D0008100000000008400000000007A82838696
:1080E0000000000000870000000000898A8B8C00DF
:1080F000000000007A0000000000008F9091000056
:1081000000000089FF19D7EA4DFF0A64D9A04EFF8D
:108110000A94DA6B50FF09D29ADBEB51FF0984D93C
:10812000A2EC52FF09A76BD9ED4716FF08B3966B77
:10813000A9491CFF08AD9A96EE4A1AFF08B3B2DCB3
:10814000EF4C1BFF08DD96DE9A54FF098FD07B8031
:1081500055FF0ADF828356FF0A73E0E757FF0B8F54
:108160009058FF59D2FF0D84FF0DA7FF0DB3FF0DEF
:10817000ADFF0DB3FF0DDDFF0D8FFF3BFE000000D7
:1081800000000000000000000300000000000000EC
:1081900000000000040000000000000000000000DB
:1081A00001000000BA4D00000000000002000000C5
:1081B000E15900000000000003000000E259000047
:1081C0000000000004000000E35A0000000000006E
:1081D00001000000735200000000000002161D168E
:1081E000161D161D271627281019291929191929AE
:1081F0002A19192B131A211A1A2C1A212D1A2D2477
:10820000141B221B1B2E1B222F1B2F2515D25300A4
:10821000000000000000000003845B00000000007C
:108220000000000004875C00000000000000000067
:10823000017A5D00000000000000000002895E007D
:10824000000000000000000003000000000000002B
:10825000000000000400000000000000000000001A
:10826000010000000000000000000000020000000B
:1082700000000000000000000100000000000000FD
:108280000000000002000000626300000000000027
:108290000300000068690000000000000400000006
:1082A0006D6E00000000000001000000737400000B
:1082B0000000000002050505050505050505050585
:1082C00003060606060606060606060604850000E0
:1082D0000000000000000000018800000000000015
:1082E00000000000028E00000000000000000000FE
:1082F00003930000000000000000000004000000E4
:1083000000000000000000000100BA4D0000000065
:10831000000000000200E159000000000000000021
:108320000300E25900000000000000000400E35ACE
:108330000000000000000000010073520000000077
:1083400000000000021630161631163027163228AB
:10835000102929191929291A1919292B131A211A2F
:108360001A2C1A212D1A3324141B221B1B2E1B22FC
:108370002F1B342515000000D25300000000000020
:1083800003000000845B0000000000000400000007
:10839000875C000000000000010000007A5D000022
:1083A0000000000002000000895E000000000000E4
:1083B00003000000000000000000000004000000B6
:1083C00000000000000000000100D7EA4D0000BAE4
:1083D0004D0000000264D9A04E0000E159000000E9
:1083E0000394DA6B500000E259000000049ADBEBC2
:1083F000510000E35A00000001D9A2EC52000073C2
:1084000052000000026B9EED47161630161631160C
:1084100010969AA94919192019191926139A96EE36
:108420004A1A1A211A1A211A14B2DCEF4C1B1B2209
:108430001B1B221B157BDE9A540000D25300000048
:1084400003D07B80550000845B00000004DF828342
:10845000560000875C0000000173E0E75700007AD7
:108460005D00000002008F90580000895E0000004F
:1084700003000000000000000000000004000000F5
:1084800000000000000000000100000000000000EB
:1084900000000000020000000000000000000000DA
:1084A00003000000000000000000000004000000C5
:1084B00000000000000000000100000000000000BB
:1084C00000000000020000000000000000000000AA
:1084D0000300000000000000000000000400000095
:1084E000000000000000000001000000000000008B
:1084F0000000000002BA4D00000000000000000073
:1085000003BB4E00000000000000000004654F00A7
:108510000000000000000000016B5000000000009F
:108520000000000002F25100000000000000000006
:108530000373520000000000000000000416163112
:1085400016302716163032281017173517363717FA
:10855000173638391118183A183B3C18183B3D3E6D
:108560001219292A3F294019292A4142131A1A2C83
:108570001A212D1A1A213324141B1B2E1B222F1BE8
:108580001B2234251500625300000000000000008B
:108590000300F354000000000000000004F4F5554F
:1085A000000000000000000001C28356000000002F
:1085B0000000000002BD8B5700000000000000001A
:1085C000038F90580000000000000000040000002D
:1085D000000000000000000001000000000000009A
:1085E0000000000002000000000000000000000089
:1085F00003000000000000000000000004BAB70003
:10860000000000000000000001BBB80000000000F6
:10861000000000000265670000000000000000008C
:10862000036B6C00000000000000000004F2720008
:1086300000000000000000000173BC00000000000A
:108640000000000002BFC00BBFF6F6F70FF6F8F807
:1086500003C5C60CC5F9F9FAFBF9FAFA0407CA0D05
:10866000070808FCCA08FCFD010ACE0E0A09090623
:10867000FE090606020000000000848500000000DC
:1086800003000000000087880000000004000000D4
:1086900000007A8E0000000001EA4D00BA4D899377
:1086A0000000000002A04E00E159000000000000A0
:1086B000036B5000E25900000000000004EB510081
:1086C000E35A00000000000001EC52007352000069
:1086D0000000000002ED4743442844281644442883
:1086E00010A949292A2A29191929414213EE4A4574
:1086F000332433241A33332414EF4C4634253425E1
:108700001B343425159A540000D253000000000099
:108710000380550000845B000000000004835600C5
:1087200000875C000000000001E75700007A5D0050
:10873000000000000290580000895E000000000068
:1087400003000000000000000000000004FE3E15D1
:10875000FE1E05FE130406FE0804FE1E05FE0304AD
:1087600006FE1804FE1E05FE0A0406FE1104FE1E87
:1087700005FE190406FE0204FE1E05FE1E04FE1E72
:1087800005FE050406FE1604FE1E05FE1E04FE1E62
:10879000059696969696969696919191919191912D
:1087A000919292929292929292FE1E13FE1E14FE4B
:1087B0005E03FFE2F5E4EBFE17E0DDDEDFD8EFEA73
:1087C000E5FE17E6E9EAEBE2E9E4DFFE17E0DDEAC1
:1087D000EBDCE9E4EBFE17DAE9DEE5E8EFDEDFFEED
:1087E00017E6E3E4EBE8E9EAEBFE17E6E3EAE5DCAB
:1087F000E9EAE5FE17E0DDE4DFE2EFE4E5FE17E697
:10880000E9E4E5E8E9EAEBFE17E0DDEAEBE8E9E4B4
:10881000E5FE17DAE3E4E5E2F5DEDFFE17E0E9DE88
:10882000DFDCE9E4EBFE13AA980000E6DDE4EBE808
:10883000E9EAEBFE110099ABAC9800E0E3EAE5E26F
:10884000F5E4E5FE11ADAEAFB0B198DAE3DEE5E8F0
:10885000E9DEDFFE11B2B7A2B3B4B5E6E9E4EBE2BC
:10886000E9EAEBFE1100B6B7B7A5B7E0E3DEE5DC59
:10887000EFE4EBFE17E0E3EAEBE8E5E4E500009166
:10888000929394FE11E6E9E4E5E2E9EAEB009596BD
:1088900097A198FE11E0E3E4DFE8E9E4E599A29A04
:1088A0009B9C9DFE11E0DDEAEBE2E9EADF9E9FA0E2
:1088B000A1A2A3FE11E6E9E4EBDCEFE4E5A4A5A6A2
:1088C000A7A8A9FE11E0E9DEE5E8E9DEEBFE17E086
:1088D000E3EAEBE2E3EAE5FE17E6E9E4E5E8E9E4EA
:1088E000DFFE17E0E3DEDFE2E3EAEBFE17E6DDE4BE
:1088F000E500FF20CA606164650075787980818930
:10890000FF20EA6263666772767A7B82838AFF2140
:108910000A68696C6D73777C7D84858BFF212A6A78
:108920006B6E6F74887E7F86878CFF214C7071FF21
:1089300021AD4C0021AE450021AF470021B04500DC
:1089400021B14E0021B2440021EE4B0021EF410045
:1089500021F0470021F14500FFA9C48501A9028546
:1089600002A9928503A9E58504A000A207B103C965
:10897000F0B0178500C8B1033004AA204FD4A0007E
:10898000A5002002E5CA10F83046C9F8F057C9FF23
:10899000F03BC9F1F01C290738E902AAA9038500B8
:1089A000BD12E52002E5BD16E52002E5C60010F087
:1089B000301EA20BA9822002E5A9992002E5A98216
:1089C0002002E5A9822002E5CA10E930032002E571
:1089D000204FD44C95E49101A5011869018501A5AA
:1089E0000269008502608A89888B8D8E8F8CC40213
:1089F0006505A40365057404C402A403740400019E
:108A000002232221201F17191618181619171B0BDD
:108A10000F13140307C4C824000102232221201FBE
:108A200018161719191716181C0C1013140308C55B
:108A3000C925000102232221201F191718161A1A0E
:108A40001A1A1D0D1113140309C6CA0200010223CC
:108A50002221201F16181917171918161E0E121387
:108A600014030AC7CB02800FF18384F18384811F32
:108A700085860F870F88898A8B87898AF588898AF6
:108A80008B8889F28B87898A8B88F38A8789878B81
:108A900088898A8BF489878B8889F28B88878A8B6F
:108AA000F4898A9091929394951F800FFF88F38A9E
:108AB0008B88898AF588878A8B8889F28B87898A4F
:108AC0008B8889F28B888987898A8BFFF80001025D
:108AD0000400FCFD070169FDFC090A01010254556F
:108AE000565756591718191A570402FC62FD6302AB
:108AF00072760602737702797A1718191A0281883A
:108B000002828602838705025C5A5D5B605A5B5E67
:108B10005B43323C3D4C00454A5300444FFE0B0240
:108B2000026702026802020202081F2021225A1470
:108B300027151B2813161E001B001661FF3A423131
:108B40003B523A334849482E0A484E303D51560A66
:108B5000090100455E590001020E04FCFD04046990
:108B6000FFFEFEFF0E04545556570158FD17181905
:108B70001A04018F0C640D6470747B0071757C782D
:108B8000027D232425267E02897F848A80858B00AE
:108B90005D5B015C5A010460FC5F37388C414940E1
:108BA000474E002F464F0C046B65696C66696D6F0C
:108BB0006E6A041718191A01012A1B1D2B161C298D
:108BC0002C1B2D16010D3E36353F508E394C034B74
:108BD00003034A03348D4D61FDFC0440470C0DB185
:108BE000E628E89FE962EA42EC22EE48F519F7022E
:108BF000F0E2F119F786F348F519F7EAF8020202F4
:108C000002020202020202021181010102020202B8
:108C100002020202020210121B01010202020202FF
:108C20000202020202111308010102020202020200
:108C300002020210121408010102020202020202E0
:108C40000202118101080101020202020202020273
:108C500010121B01080101020202020202020211AB
:108C60001308010801010202020202020210126E40
:108C700008010801010202020202020211131C088B
:108C8000010801010202020202021012141C080172
:108C90000801010202020202021D1F1E0505050550
:108CA00005050202020202020221200606060A0649
:108CB0000602020202222324210E250000042500C0
:108CC00002020202262728210E00000004000002F2
:108CD000020202292A2B210E0000000400000202D9
:108CE0000202020202210E00000004000002020241
:108CF00002020202210E0000000400000202020231
:108D0000020202210E000000040000020202020220
:108D10000202210E00000004000002020202020210
:108D200002210E0000000400000202020202020200
:108D3000210E0000000400000202020202020221D1
:108D40000E00000004000002020202020202210ED4
:108D500000000004000002020202020202210E00D2
:108D6000000004000002020202020202210E0000C2
:108D70000004390002020202020202210E00000079
:108D800004050502020202020202210E0000000494
:108D9000060602020202020202210E000000042561
:108DA0000002020202020202210E00000004000082
:108DB00002020202020202210E0000000400000270
:108DC000020202020202210E000000040000020260
:108DD0000202020202212C171717171717020202AC
:108DE00002020202212D1818181818180202020295
:108DF000020202212E19191919191902020202027E
:108E00000202212F1A1A1A1A1A1A02020202020266
:108E100002210E000000040000020202020202020F
:108E2000210E0000000400000202020202020221E0
:108E30000E00000004000002020202020202210EE3
:108E400000000004390002020202020202210E00A8
:108E5000000004050502020202020202210E0000C7
:108E60000004060602020202020202210E000000B5
:108E700004250002020202020202210E0000000488
:108E8000000002020202020202210E0000000400A1
:108E90000002020202020202210E00000004000091
:108EA00002020202020202210E000000040000027F
:108EB000020202020202210E00000004000002026F
:108EC0000202020202210E0000000400000202025F
:108ED00002020202210E000000040000020202024F
:108EE000020202210E00000004000002020202023F
:108EF0000202210E000000040000020202023031D2
:108F000032210E0000000400000202020233343558
:108F1000210E000000040000020202023637382150
:108F20000E39000004390002020202020202211E70
:108F30000505050B050511150505050505050505BF
:108F40000505050505128806060A06060A06060630
:108F500006060606130F2500042500042500000060
:108F6000004C00140F00000400000400000000008A
:108F70004C00010F00000400000400000000004C41
:108F800000010F00000400000400000000004C007D
:108F9000051E00000400000400000000004C000654
:108FA0002000000400000400000000004C00010F3D
:108FB00000000400000400000000004C00010F004D
:108FC000000400000400000000004C00010F00003D
:108FD0000400000400000000004C44010F000004E5
:108FE00000000400000000004445010F00000400E0
:108FF000000400000000444546010F00000400008A
:109000000400000044454647010F0000040000042E
:1090100000004D4E484700010F000004000004000E
:1090200000494A4B4C00010F0000040000040000FE
:109030000000004C00010F39000439000439000021
:1090400000004C00050505050B05050B050505058C
:10905000058305060A06060606060A06060606062D
:109060000D0600042500000000042500000000514A
:1090700001000400000000000400525354090701DD
:1090800000040000000000040055565709070100C5
:1090900004000000000004005853540907010004B4
:1090A000000000000004005A5657090701000400A0
:1090B000000000000400525354090701000400009E
:1090C0000000000400585657090701000400000082
:1090D00000000400025354090701000400000000CE
:1090E00000040002565709070100040000000000B8
:1090F00004000253540907010004000000000004AA
:10910000005B56570907010004000000000004003E
:1091100052535409070100040000000000040055E8
:1091200056570907010004000000000004005853CE
:1091300054090701000400000000000400595657BC
:109140000907010004000000000004000253540954
:109150000701000400000000000400025657090740
:10916000010004000000000004005B5354090701E3
:1091700000040000000000040052565709070100D7
:109180000439000000000439000000005C01050BF8
:1091900005050505050B05050505050C05060A066B
:1091A000060606060606060606060D060004250047
:1091B0000000000000000000005101000400000059
:1091C0000000000000000000070100040000000093
:1091D0000000000000000007010004000000000083
:1091E00000000000000007011717171717171717BF
:1091F00017171717175D17181818181818181818B0
:10920000181818185E18191919191919191919198E
:109210001919195F191A1A1A1A1A1A1A1A1A1A1A6D
:109220001A1A601A0004000000000000000000008C
:109230000007010004000000000000000000000022
:10924000070100040000000000000000000000070B
:1092500001000439000000000000000000005C0173
:10926000050B05050505050505050505050C0506A0
:109270000A06060606060A06060606060D06000487
:10928000250000000004250000000051010004003A
:10929000000000000400025354090701000400000C
:1092A00000000004005B565709070100040000009D
:1092B000000004005253540907010004000000009C
:1092C0000004005556570907010004000000000083
:1092D0000400585354090701000400000000000472
:1092E000005A56570907010004000000000004005E
:1092F0005253540907010004000000000004005804
:1093000056570907010004000000000004005953EB
:109310005409070100040000000000040002565731
:109320000907010004000000000004000253540972
:1093300007010004000000000004005B5657090705
:10934000010004000000000004005253540907010A
:1093500000040000000000040055565709070100F2
:1093600004000000000004005853540907010004E1
:1093700000000000000400595657090701000400CE
:10938000000000000400025354090701000400001B
:1093900000000004000256570907010004390000CC
:1093A00000000439000000005C01050B05050505FF
:1093B000050B05050505050C05060606060A060645
:1093C0000A06060606060D06010F25000425000400
:1093D00025000000005101010F00000400000400FE
:1093E000000000000701010F00000400000400005D
:1093F0000000000701010F0000040000040000004D
:1094000000000701010F000004000004000000003C
:10941000000701010F00000400000400000000002C
:109420000701010F00000400000400000000000715
:1094300001010F000004000004000000000007010B
:10944000010F0000040000040000000000070101FB
:109450000F00000400000400000000000701051ECA
:1094600000000400000400000000000701062000C6
:10947000000400000400000000000701010F0000CC
:109480000400000400000000000701010F000004B8
:10949000000004000000000007013C0F0000040071
:1094A0000004000000000007013E0F3900043900ED
:1094B0000439000000005C013B8705050B05050B26
:1094C00005050505050C053D4306060606060606C8
:1094D000060606060D060103000004000004000055
:1094E000620163070101030000040000040000643E
:1094F00065660701010300000400000400006768BE
:109500006907010103000004000004000062016318
:10951000070101030000040000040000620163076A
:10952000010103000004000004006A646B66070187
:109530000103000004000004006C676D690701016D
:10954000030000040000040000620163070101033E
:109550000000040000040000620163070101030031
:1095600000040000040000646566070101030000B8
:10957000040000040000000000070101033900049A
:1095800039000439000000005C01055005050B0599
:10959000050B05050505050C05066F06060A0606FA
:1095A0000A060606060682060103250004250004B5
:1095B00025000000004C000103000004000004002E
:1095C000000000004C000103000004000004000043
:1095D0004D4E484C00010300000400000400004907
:1095E0004A4B7000010300000400000400000071F9
:1095F0007273700103000004000004000000007199
:1096000072730103000004000004000000000071F8
:1096100072010300000400000400000000004C710F
:10962000010300000400000400000000004C0001E1
:109630000300000400000400000000004C000103CF
:1096400000000400000400000000004C00010300C2
:10965000000400000400000000004C0001030000B2
:109660000400000400000000004C0001030000049E
:1096700000000400000000004C0001030000040092
:10968000000400000000004C000103390004390010
:109690000439000000004C00055005050B05050BC2
:1096A0000505050505050506200606060606060647
:1096B000060606060606051E05050505050505053B
:1096C0000505050505066F06060A06060A060606CE
:1096D00006060606010325000425000425000000F7
:1096E000004C000103000004000004000000000022
:1096F0004C00010300000400000400000000004CC6
:1097000000010300000400000400000000004C0001
:10971000010300000400000400000000004C0001F0
:109720000300000400000400000000004C000103DE
:1097300000000400000400000000004C00010300D1
:10974000000400000400000000004C0001030000C1
:109750000400000400000000004C44010300000469
:109760000000040000000000444501030000040064
:10977000000400000000444546010300000400000E
:1097800004000000444546470103000004000004B3
:1097900000004D4E48470001030000040000040093
:1097A00000494A4B4C000103000004000004000083
:1097B0000000004C000103390004390004390000A6
:1097C00000004C00055005050B05050B05050505BA
:1097D000058305066F06060A06060A06060606063D
:1097E0000D0601032500042500042500000000519A
:1097F0000101030000040000040000000000070154
:10980000010300000400000400006768690701010B
:10981000030000040000040000620163070101036B
:10982000000004000004000062016307010103005E
:109830000004000004006A646B6607010103000075
:1098400004000004006C676D690701010300000457
:10985000000004000062016307010103000004002E
:10986000000400006201630701010300000400001E
:1098700004000064656607010103000004000004A1
:10988000000067686907010103000004000004008C
:1098900000620163070101030000040000040000EE
:1098A00062016307010103000004000004006A6410
:1098B0006B6607010103000004000004006C676D83
:1098C0006907010103000004000004000062016355
:1098D00007010103000004000004000062016307A7
:1098E0000101030000040000040000646566070134
:1098F0000103000004000004000000000007010153
:109900000339000439000439000000005C010550EF
:1099100005050B05050B05050505050C05062006C7
:10992000060606060606060606060D0600000000E8
:1099300000000000000000000051010000000000D5
:10994000000000000000000007010000000000000F
:109950000000000000444507010000000000000076
:109960000000004445460701000000000000000020
:109970000044454647070170000000000000004415
:1099800045464700070173744F4F4F4F4F4F4F4F9E
:109990004F4F4F0701727370000000444546470067
:1099A00000000701717273700044454647000000D3
:1099B0000007010071727375454647000000000002
:1099C0000701000071727376470000000000000775
:1099D0000100008586777800000000000000070184
:1099E00000008586797A0000000000000007010071
:1099F000008586797A4F4F4F4F4F4F4F0701000038
:109A00008586797A000000000000000701000085CB
:109A100086797A000000000000005C01050505055C
:109A20000505050505050505050C050606060606DA
:109A300006060606060606067B0600004D4E797AE7
:109A400000000000000000510100004D4E797A0036
:109A5000000000000000070100004D4E797A4F4FD2
:109A60004F4F4F4F4F070100004D4E797A000000D5
:109A700000000000070100004D4E7C7D000000004A
:109A8000000000070100004445467E700000000011
:109A900000000701004445467F727370000000001B
:109AA00000070144454647007172737000000000D2
:109AB00007014546470000007172737000000007FF
:109AC0000146804F4F4F4F4F4F4F4F4F4F4F070162
:109AD0004700000000000000717273700007010071
:109AE00000000000000000007172737007010000A8
:109AF0000000000000000000717273070100000008
:109B0000000000000000000071720701000000006A
:109B1000000000000000000000070100000000003D
:109B200000000000000000005C01051E05050505A1
:109B3000050505050505050C05066F06060A06065A
:109B40000A06060606060D06010325000425000484
:109B50002500000000510101030000040000040082
:109B600000000000070101030000040000040000E1
:109B70006768690701010300000400000400006237
:109B800001630701010300000400000400006201FA
:109B90006307010103000004000004006A646B66AF
:109BA00007010103000004000004006C676D6907F1
:109BB00001010300000400000400006201630701CA
:109BC00001030000040000040000620163070101BA
:109BD000030000040000040000646566070101033F
:109BE0000000040000040000676869070101030029
:109BF000000400000400006201630701010300008B
:109C000004000004006A646B66070101030000049D
:109C1000000004006C676D69070101030000040087
:109C2000000400006201630701010300000400005A
:109C30000400006201630701010300000400000446
:109C400000006465660701010300000400000400D1
:109C50000000000007010103390004390004390045
:109C60000000005C01055005050B05050B05050509
:109C700005050C05066F06060A06060A0606060610
:109C8000060D060103250004250004250000000040
:109C9000510101030000040000040000000000075F
:109CA000010103000004000004000000000007019F
:109CB0000103000004000004000000000007011779
:109CC0002C17171717171717171717175D17182DB2
:109CD00018181818181818181818185E18192E19A6
:109CE000191919191919191919195F191A2F1A1A85
:109CF0001A1A1A1A1A1A1A1A1A601A0103000004F8
:109D0000000004000000000007010103000004003F
:109D1000000400000000000701010300000400002F
:109D200004000000000007010103390004390004A9
:109D300039000000005C01055005050B05050B0509
:109D4000050505050C05066F06060A06060A060641
:109D50000606060D06010325000425000425000063
:109D60000000510101030000040000040000000095
:109D70000007010103000004000004000067686997
:109D800007010103000004000004000062016307F2
:109D900001010300000400000400006201630701E8
:109DA0000103000004000004006A646B66070101FF
:109DB00003000004000004006C676D6907010103E3
:109DC00000000400000400006201630701010300B9
:109DD0000004000004000064656607010103000040
:109DE0000400000400006768690701010300000423
:109DF0000000040000620163070101030000040089
:109E00000004000062016307010103000004000078
:109E100004006A646B66070101030000040000048B
:109E2000006C676D69070101030000040000040075
:109E30000062016307010103000004000004000048
:109E400062016307010103000004000004000064D4
:109E50006566070101030000040000040000000023
:109E60000007010103390004390004390000000033
:109E70005C01055005050B05050B05050505050CE1
:109E800005066F06060A06060A06060606060D06FB
:109E900001032500042500042500000000510101F4
:109EA000030000040000040000000000070101039B
:109EB000000004000004000000000007010103008E
:109EC000000400000400000000000701010300007E
:109ED000040000040000000000070101030000046A
:109EE000000004000000000007010103000004005E
:109EF000000400000000000701010300000400004E
:109F00000400000000000701010300000400000439
:109F1000000000000007010103000004000004002D
:109F2000000000000701010300000400000400001D
:109F3000000000070101030000040000040000000D
:109F400000000701010300000400000400000000FD
:109F500000070101030000040000040000000000ED
:109F600007010103000004000004000000000007D6
:109F700001010339000439000439000000005C01CC
:109F8000055005050B05050B05050505050C050622
:109F90002006060606060606060606060D061AFB37
:109FA0004CFBB6FB8AFB4CFBB6FB1AFB4CFB8AFB5B
:109FB000B6FB1AFB4CFB8AFBB6FB1AFB8AFBB6FB13
:109FC0008AFB4CFB1AFBF6FB9EFC26FC66FC9EFC07
:109FD00026FCF6FB9EFC66FC26FCF6FB9EFC66FC63
:109FE00026FCF6FB66FC26FC66FC9EFCF6FB00AA43
:109FF000AA00AA00000000AAAA2222A22A22002265
:10A00000220000200200000000000000000000000C
:10A010000000005055550000000000101111000014
:10A0200000000000000000000000000000004044AC
:10A0300000000000000010110000000000000000FF
:10A040000000000000000000000000000000000010
:10A050000000000000000000000000000000000000
:10A0600000880000000000A8AAAA0A000088A0AA90
:10A07000AAAA8A8888AA20AAAAAA2AA22A2200A072
:10A08000AAAA0AA00A0000000000000000000000C8
:10A090000000000000000000000000000000005070
:10A0A0005555000000000000000000000000000006
:10A0B000000000008088088800000000A0AA8AAA8A
:10A0C00088880000A0AA0A0000AA00A00A0000F0E8
:10A0D000050022A22A2222F205000020020000F040
:10A0E00005000000000000F0050055555555555578
:10A0F00005001111111111D105000000000000F040
:10A1000005000000000000F0050055555555555557
:10A1100005000000000000F005000000000000F055
:10A1200005000080080000F0050088A88A8888F8EB
:10A1300005000A00000000F005000000000000F02B
:10A140000500AA00000000F00500AA88888888F8A9
:10A1500005002222A22A22F205000000200200F0BF
:10A16000050040444444447405001011111111D1FC
:10A1700005000000000000F005004444444444741D
:10A1800005001111111111D105000000000000F0AF
:10A1900005000000000000F0050000404444447445
:10A1A00005000010111111D105000000000000F0A1
:10A1B0000500AA000000005A5500ECFCF4FC00FD6C
:10A1C00050555055505555555AAAAA5AAA5AA5AA9B
:10A1D000AAA5AAA5AA5AAAA5AA0F00005555555581
:10A1E0005555550000000000FF0F0000AAAA00000E
:10A1F00033030000AAAA000000000000AAAA000081
:10A2000000000000AAAA00CC000000000000FFFF30
:10A210000000000055555555555555555555555542
:10A2200055555595AA555555555595AAAA5555555F
:10A230005595AAAAAA555555552A2222225555FFA9
:10A240005F0A000000555555550A00000055555548
:10A25000550A000000555555550A00000055555542
:10A26000558A888888555555552A22222255555594
:10A27000550A000000555555550A00000055555522
:10A28000550A0000005555FF5F0A0000005555555E
:10A29000558A8888885555555565AAAAAA55555591
:10A2A000555565AAAA55555555555565AA5555553F
:10A2B0005555555555A900000000CCCCCCAA00003E
:10A2C0000000FFFFFFAA00000000FFFFFFAA000040
:10A2D0000000FFFFFF220000000000808800000057
:10A2E000005055A5AA000000005055A5AA00000086
:10A2F000005055A5AA000000000000A0AA88888888
:10A30000888888A8AA222222222222A2AA0000004B
:10A31000000000A0AA000000005055A5AA000000FF
:10A32000005055A5AA000000005055A5AA880000BD
:10A33000000000A0AAAA0000000000A0AAAA000035
:10A34000000000A0AAAA0000000000A0AAA6000029
:10A35000000000A0AAAA00000000CCCCCCAA0000FB
:10A360000000FFFFFFAA00000000FFFFFFAA00009F
:10A370000000FFFFFFAA00000000008088AA000084
:10A3800000C044A4AAAA000000F055A5AAAA000093
:10A3900000F055A5AAAA0000003011A1AA220000D1
:10A3A000000000A0AAFFFFFFFFFFFFAFAAFFFFFF13
:10A3B000FFFFFFAFAAFFFFFFFFFFFFAFAA3333335B
:10A3C000333333A3AACCCCCCCCCCCCACAAFFFFFF8C
:10A3D000FFFFFFAFAAFFFFFFFFFFFFAFAAFFFFFFD7
:10A3E000FFFFFFAFAA880000000000A0AAAA00009B
:10A3F00000C055A5AAAA000000F055A5AAAA000011
:10A4000000F055A5AAAA0000003011A1AAAA0000D8
:10A41000000000E022AA00000000FFFFFFAA0000E9
:10A420000000FFFFFFAA00000000FFFFFFAA0000DE
:10A430000000333333AA000000F055A5AAAA00009B
:10A44000003011A1AAAA0000000000A0AAAACCCC4A
:10A45000CCCCCCACAAAA3333333333A3AAAA0000A2
:10A46000000000A0AAAA000000C044A4AAAA0000FC
:10A4700000F055A5AAAA000000F055A5AAAA000060
:10A48000003011A1AAAA0000000000A0AAAA0000A2
:10A49000000000A0AAAA0000000000A0AAAA0000D4
:10A4A000000000A0AAAA0000000000A0AA41FD71BF
:10A4B000FDA1FDE1FD11FE41FEF1FE61FF21FF81E5
:10A4C000FE61FFB1FEF1FE61FF99FFFFFFFFB28861
:10A4D0000080B08806037FFF8F7F7F7F060F7FBFDE
:10A4E000FF0B0B0F0307077333030307000C1E0E4C
:10A4F0000F1F0707C0C08080800000E0FCFEFEFE4A
:10A50000FCF8F0F0000000040E0E1E1C070F0F0BED
:10A51000010000000000006070707038E0F0F098FA
:10A52000880000003C1C1C0E0E070F1E001C000EB5
:10A530000007050A38181C0C0C0C1E3E0018000CF5
:10A54000000C0A1603030E386000000000030E38EA
:10A55000600000007FBCBC3C1C08040F0F6767E76D
:10A56000773F0F0F00000000000000C000808080D7
:10A570008080C0C0000070F8F070383C0F3F0F07BB
:10A580000370003C0000000020E0E0E0C0E0E0E0FC
:10A59000C00000001C0E060E1C000000000E02068B
:10A5A00008000000E0F0F0703818387800F0007013
:10A5B0000018283001010103060C181000000103E7
:10A5C000060C1810000070FC7E7E7F3F0F3F0F03CB
:10A5D000070812140000000000000080C0E0E0C086
:10A5E000800000800F01010103000000050100014F
:10A5F00001000000E0F0E0C000000000A07020407A
:10A60000000000001C0E7FFF877F7F7F1C3E7FCFF6
:10A61000FF0707070707173F3F06060F3C7CECC5FF
:10A62000477F0F0F80808080000000C0F8FCFCFC9A
:10A63000FCF0E0C003031F3F7F3F0003040F00074F
:10A6400002000001C0E0F0F8F0E0E0E030D828E0DF
:10A6500000E0E06000000000000E0E0E1F1F3F3FF4
:10A660001E00000040E0E0E0E0E0F07880E000E084
:10A6700000E0E0680E0E0E0E0E0E1E3E000E000EE6
:10A68000000E0E160000406C7E7E7C7E7E7F3F13A7
:10A69000010000063F3B327070E0C0003F01320015
:10A6A0007020C0000000000000E0E0E0E0F0F0F00A
:10A6B000F0000000E0E0E0E0E0E0F0F800E000E0C2
:10A6C00000E0A0F007070F7FFF07030F0C3C3000EE
:10A6D00000181C0F9080848C0CFCF8E0F0F8F8F067
:10A6E000F00000E00103070707070703010307075E
:10A6F00007073F3F80C0E0E0E0E0E0C080C0E0E06E
:10A70000E0E0E0E003030100000004031F1F0F0767
:10A710000707070FC0C08000000000C0F0F8F8F085
:10A72000E0E0E0C010183C7CF0E0F0700F0703019F
:10A7300000E0205038381C387000000020180C1839
:10A74000300000000000000000000000070F0F07AD
:10A750000707030170303000000030C0F8F8F0F057
:10A76000F0F0F0F8000000040E0F0E0E01030703D6
:10A77000010000000004040C1838383CF8F8FCF024
:10A78000F820303C0E0E0E0E0E1E3E000E000E0087
:10A790000E0E160007030303337B736104001C3C99
:10A7A0000E060607F8F8F8F8C0C6CEFE3828283896
:10A7B0007C78700063E0E01C3F3F1E0003070F033E
:10A7C00000000000FC9C1E3E3C7078000060FCC253
:10A7D000386070001C26636363321C001C266363B0
:10A7E00063321C000C1C0C0C0C0C3F000C1C0C0CE1
:10A7F0000C0C3F003E63071E3C707F003E63071E4B
:10A800003C707F003F060C1E03633E003F060C1E9B
:10A8100003633E000E1E36667F0606000E1E366679
:10A820007F0606007E607E0303633E007E607E033B
:10A8300003633E001E30607E63633E001E30607E18
:10A8400063633E007F63060C181818007F63060CD4
:10A85000181818003C62723C4F433E003C62723C48
:10A860004F433E003E63633F03063C003E63633F4D
:10A8700003063C007E6363637E6060007E63636307
:10A880007E6060001C3663637F6363001C36636315
:10A890007F6363006363636363633E006363636357
:10A8A00063633E003C66603E03633E003C66603E80
:10A8B00003633E003F30303E30303F003F30303E9B
:10A8C00030303F00000000000000000000000000E9
:10A8D00000000000000C3F7F7F7FBFBE000C3E7E6B
:10A8E0007F7FFFFF0101E8FCE2BE7F7F001EFF3F8C
:10A8F0007FC38080E0F0381C3E38E3FF007080DCCE
:10A90000C0C000000000000001C3FFFF0000000005
:10A9100001032B2F60E0F0180C0603010000101853
:10A920000C06030181C1E3E276341C180101030225
:10A930000604040000303838383830700000000059
:10A9400000000000E0E030180C06030100003018A1
:10A950000C0603010307070E1C38E0C000000000CE
:10A9600000000000C06030180C040000C060301807
:10A970000C04000080E0380E0307070380E0380E67
:10A9800003000000030303030307070300000000A4
:10A990000000000070FC7C1C78E0FF00000000005C
:10A9A00000003F0000000000007FFFF000000000FA
:10A9B000000000000000000000F0000000000000A7
:10A9C000007000000000000303037F3E0000000051
:10A9D0000000000000000202020203030000020265
:10A9E0000200000007FF06060606070700F8000041
:10A9F000000000003070782C2663E1C00000180CC5
:10AA00000603010007FF0E0C1C1C1C0000F00000D8
:10AA100000000000303C2E276340C0800000202052
:10AA20006040C0800006037FFF8F7F7F00060F7F9E
:10AA3000BFFF0B0B181C1E0E1EFCE03000000000B8
:10AA400000000030180C060301000000180C06037B
:10AA500001000000FC00000000000000FC000000FD
:10AA600000000000E0E0F8FEFFFCE0C0E0E0F8FEDF
:10AA7000FFFCF0307F781C3F7F2703071C091F0E67
:10AA80006F07070180030E0080C0C0F060F3FEF086
:10AA900070B0B000010101010103020202020202D2
:10AAA00006040505804040404000000070B0B0B092
:10AAB000B8F8F8F80607070707060C0001060707AD
:10AAC0000700023E08F8381C0C0C0C00F008381C7B
:10AAD0000C02021C01071F3F7F7F333B01071F3F12
:10AAE0001F0F1338E0F0F8F8FCFCFCFEE0F0F8F87B
:10AAF000FCFCFCFE1B1E0F3F77270207181D0E0EE5
:10AB000066000500BE030E00000000F07EF3FEF0BC
:10AB1000F0F0F000030206141C1C1C1C040D090BB1
:10AB2000131B1B1B0080808080000004F070707875
:10AB300078F8FCF81E193100000000001D0009F82B
:10AB40000000000018FCFCE000000000E61AFAE635
:10AB50000000000003070F1F3F7FFF0703070F1FC1
:10AB60003F7FFF001712117BF3F4F47F1C1F1F06B9
:10AB70004E7F7F90E04080E0FC7E3EFE30F87C7EA1
:10AB800072FCFC1C161515151514151E793A1A1AA7
:10AB90001A1B1A110C00003070F07030F2FCF0C07B
:10ABA000B878F8F01E1E1717030306001F1E1717AC
:10ABB0000300010F30480000000000000030780062
:10ABC00000000000010101333A3E1E1F060E1E0C5C
:10ABD00035391D1C804040402000020C78B8BCBCB8
:10ABE000DEFEFCF00F060E00000000000E05011E48
:10ABF00000000000FC1E0E0E06060E000C1E0E0EBF
:10AC00000605011E0000000000000000000000001A
:10AC1000000000001F1F3C387820C0001E1E3F1897
:10AC200008D020C0F00000000000000000800000FC
:10AC300000000000202030101000040E20203010F2
:10AC40001000040E7F781C0E0F0703071C091F0F4E
:10AC50000F070301800808080C8484F670F8F8F8E0
:10AC6000FCF4F406070A0A12121E0E060005050D72
:10AC70000D110D050282828080000838F27A7A7800
:10AC800078F8F0C80301020000000000030001078B
:10AC900000000000F8B838383818100038B8B8B8D4
:10ACA00000002C3E1B1E0F0F07070207181D0E0E7B
:10ACB000060005000808080C040404F6F8F8F8FC7F
:10ACC000F4F4F4061E7FFFFFFFFF7F3F1E7FFFFFB0
:10ACD000FFFF7F3F10BFC0C0C09FBF1F0087FCFFAA
:10ACE000FFEFDFEF00FF004163E3FFFF0EFF3FBE1A
:10ACF0009DFDF3F100F880C0E0F2FEB800F800C05E
:10AD0000E1F1F9BE000000000000000000000000BA
:10AD10000000000000000000000000000000000033
:10AD20000000000000000000000000000000000023
:10AD30000000000000000000000000000000000013
:10AD4000000000000001070F1F3F7F000001070FF8
:10AD50001F3F7F0000C0F0F8FCFEFFEC00C0F0F8E1
:10AD6000FCFEFF000303010202031F3F00070F1F49
:10AD70001F3F2F1FEE8E0E1E37F7F77D70F8FEFE79
:10AD8000DF8F8BE23C242811010302061F1B1707EB
:10AD90000707070742C0A0A0A080808CF8F8DCDC81
:10ADA0005C7C7C70040F0F0707060C00070C0F0774
:10ADB0000700023EFC9C1C1C0C0C0C000C1C1C1CF8
:10ADC0000C00021F03070F0F1F1F1F3F03070F0F6A
:10ADD0001F1F1F3F000000070700000003070700B8
:10ADE000000707030607038303030723C0E0F37389
:10ADF000F3F3EFFF000000010102141F0F1F3F3F9C
:10AE00003F1F0F0741408000000000E0FFFEFCF8FC
:10AE1000F8F0E0E000000000000000000F0F1F1F2E
:10AE20001F1E3E3C0000000000000000E0F0F0F8B3
:10AE3000F87C3C3C1C1E0E0E0603071F1C1E0E0E4B
:10AE40000603050B1C1C1C0C0C0C0E1F1C1C1C0CE4
:10AE50000C0C0C1A0000008000000818C0E0F07014
:10AE6000F0F0E0E00000003131120407070F1F0F7F
:10AE70000F0F0F073C4C8C0E060000E0E4FCFEFEBA
:10AE8000FEFEF0E00000008000000000C0E0F07076
:10AE9000F0F0E0E00000000161623F3F070F0F1F8C
:10AEA0001F1F070F204080000000E0E0F0F8FCFCCE
:10AEB000FCFCF8F000000001071FFC7F03070707F8
:10AEC000071F3F1F00000000000000E0F0F8F8F846
:10AED000F0F0E0E00F1327274747427E7CFFFFFF9B
:10AEE000FFFF7E7E00006070383C1C0E3F7F7F7F3E
:10AEF0003F3C1C0E0000000000000004E0F0F0F0F9
:10AF0000F0F8783C060E3E0000000000060E3E0001
:10AF1000000000001C1C0E0E06070E181C1C0E0E56
:10AF200006030608000000000000083C3F3F7F7E4B
:10AF3000FCF8F8FC3E0F0703070E00003E0F070366
:10AF400003040000000000040703000003070F0BC8
:10AF5000080C070300000020E8CC0C0CC0E0F0D087
:10AF60001030E0CC00000001120A0C0F0F1F1F1F51
:10AF70001F0F0F0F2E4E8E06000000E0FEFEFEFE9D
:10AF8000FCF0E0E0000000000000041C0F1F1F3F69
:10AF90003E3C3C1C1C0E0E060E1E00001C0E0E0637
:10AFA000061A00000F1F1D383070F0000F1F1D38EB
:10AFB00030305000C0E0E07818387000C0E0E07831
:10AFC00018183000080824C00324101018183CFF7B
:10AFD000FF3C181820408000000000E0FFFFFFFF4A
:10AFE000FCF8F0E03F3E600000000000FCF8E000EC
:10AFF000000000003F1F0000000000000F070000DD
:10B0000000000000C0C0C00002040407FFFFFF0FE3
:10B010000707070700000000000000E0F0F8F8F85C
:10B02000F0F0E0E003060C000000000003060C0056
:10B030002060400008181030206040C00818103010
:10B04000206040C000000000206040C00000000000
:10B05000206040C000000000000000FF0000000071
:10B06000000000FF00180C0C06040000002673F31B
:10B07000F9FB7F3E0000F00C020001010001FFFF20
:10B08000FFFFFFFF000C1E0F0000F8FCF0FCFEFFAE
:10B09000FFFFE7FB0000000001637F7F000000006E
:10B0A00000E1FEFF003CFA0F277B4E00003C467992
:10B0B0003D857E00010721160866012701043E0B2D
:10B0C000FF190728F8FEFFDF6D7BB6FCF80E432D55
:10B0D000F385CE7C000008381C1000000000083802
:10B0E0001C10000000002418182400000000241880
:10B0F00018240000000000080402011F00000008DE
:10B100000402011F000080808890A0C000008080A1
:10B110008890A0C00000000907030000000000099B
:10B1200007030000383878F0E0C00000383878F0C5
:10B13000E0C00000000000201018181800000020D7
:10B14000101818180000387C7C7C7C38000008043B
:10B1500004044C38070F0F0700000000070F1F0FF3
:10B1600006000000E0F8783810000000F0F8F878E9
:10B1700030000000070E1F3E3F1F0F77070E3F7F76
:10B180007F7F3F7F78FCFE7CB8DEDFFE78FCFEFE32
:10B19000FCFEFFFF7F7B77371B0F0600FFFFFFFFE3
:10B1A0007F3F1E0CFCD8BCFEFE7C3800FFFEFCFE80
:10B1B000FEFEFC38000003070F1F1F1F00000307DF
:10B1C0000F1F1F1F000000189918000000000066E4
:10B1D000E76600000000303000000041003C0C0C2D
:10B1E0003C183E3E38FE4F176B5FB63C380673394D
:10B1F000957B4E3C18083C3C7C38108218183C3437
:10B2000064006C7C000003038161180603070404DA
:10B2100086621B0700000060401030000080E09054
:10B22000B8E8C8C08030180000000000F84C643A4C
:10B2300001000000000080601804023900008060F6
:10B2400018047AC760081206000000009FF7EC7827
:10B25000380000000000406020000000C0F0BC9AF0
:10B26000D160000000201204204804000062361C57
:10B27000386C46000F070000000C1F3F090F0F0736
:10B28000070F1F3FF8F030787C7E3E9C9CFCFCFC56
:10B29000FCFE3E9C0000000000000F0B00000007B9
:10B2A0000F0F090D000000000000F0B8000000F0D2
:10B2B000F8FC9CDC0F273038383C1E00092F3F3F3C
:10B2C0003F3F1E00F8F00000001C3E3F9CFCFCFCD1
:10B2D000FCFC3E3F0000003C7EFFFFFF0000003C06
:10B2E0007EFFDF85070704040404040400040F1F25
:10B2F0003F3F3F3FF0F0404040C0604070F0F0F80A
:10B30000FC3C9CFC04001030210101017F7F6FCFC9
:10B31000DFFF7F1F4000000000000000F8F8F8FC8D
:10B32000FEFEFEFC0101030307070F1F1F1F1D3D4B
:10B330003B7B77EF00008080C0C0E0F0F8F8787CBD
:10B34000BCBEDEEF00000000381800000000000165
:10B35000070707071F1F12121212120201137FFFA5
:10B36000FFFFFFFFC0C0000000000000C0C0C0E041
:10B37000E0F0F0F00000000000000000070303010F
:10B3800000000000000103080808080CFFFEFC9FF5
:10B390001F1F1F1B0080000020203010F070F0E005
:10B3A000E0E0F0F01C1C3E3E3F3F1F031B1B3D3DF9
:10B3B0003E3E1F0F1000000000000000F0F0F0F80B
:10B3C000F8FCFEFF0000000404040404FFFFFF9FDC
:10B3D0001F1F1F1F00000060E0603010F8F8F89891
:10B3E00010A0F0F00E0E1E1F1F0F0F0715150D0EEB
:10B3F0001E0F0F07100000000080C0E0F0E0E0F03A
:10B40000F070B8DC3C4289858581423C003C767A0C
:10B410007A7E3C003C7EFFFDFDFB763C0000000296
:10B42000020408000000001E0306000000000000E7
:10B43000FC38000000001C7E273E000000001C02BB
:10B44000F94E000000003CFE2F6B4E0000003C0651
:10B45000319D76000000F0E0C3070F0F0000906000
:10B4600003C7EFFF00000F07C3E0F0F0000009067C
:10B47000C0E3F7FF0F0F0F0704040404FDFCF8FC02
:10B48000FFFFFFFFF0F0D04040404040FFFF7FFF54
:10B49000FFFFFFFF0404001011111313FF7F3F1F74
:10B4A0001F1F1D1D4040000808088888FFFEFCF88B
:10B4B000F8F8787803030707070F0F1F1D1D3B3BA4
:10B4C0003B7777EF8080C0C0C0E0E0F87878BCBC04
:10B4D000BCDEDEE70000000000000000000000000D
:10B4E000000000000000000000000000FFFFFFFF60
:10B4F000FFFFFFFFFFFFFFFFFFFFFFFF0000000058
:10B5000000000000FFFFFFFFFFFFFFFFFFFFFFFF47
:10B51000FFFFFFFFFF0000FF00FFFFFF00FFFF0036
:10B52000FF00FFFFFF412511090503010000000096
:10B5300000000000FF82A48890A0C08000000000EE
:10B5400000000000FF000000000000000000FFFFFE
:10B55000FFFFFFFFFF006030180C06030000DFEF65
:10B56000F7FBFDFEFF00E2E2E2E2E2E20000DDDDE9
:10B57000DDDDDDDDFF00FFFFFFFFFFFF00002F2F00
:10B580002F2F2F2FFF00060C183060C00000FBF794
:10B59000EFDFBF7FE2E2E2E2E2E2E2FFDDDDDDDDFE
:10B5A000DDDDDDFFFFFFFFFFFFFFFFFF2F2F2F2F51
:10B5B0002F2F2FFF00000000000000FFFFFFFFFF04
:10B5C000FFFFFFFFFF00C0C0606030300000BFBF62
:10B5D000DFDFEFEFFF00030306060C0C0000FDFDAC
:10B5E000FBFBF7F718180C0C06060303F7F7FBFB39
:10B5F000FDFDFEFE181830306060C0C0EFEFDFDFE9
:10B60000BFBF7F7FFF80808080808080FF80BFBF42
:10B61000BFBFBFBFFF00000000000000FF00FFFF32
:10B62000FFFFFFFFFF01010101010101FF01FDFD1E
:10B63000FDFDFDFD8080808080808080BFBFBFBF1A
:10B64000BFBFBFBFFEFEFEFEFEFEFEFED1D1D1D1CA
:10B65000D1D1D1D182828282828282827D7D7D7DA2
:10B660007D7D7D7D5F5F5F5F5F5F5F5FA2A2A2A266
:10B67000A2A2A2A2FFFFFFFFFFFFFFFF6F6F6F6F8E
:10B680006F6F6F6F0101010101010101FDFDFDFD02
:10B69000FDFDFDFD8894948880808080BFBFBFBF82
:10B6A000BFBFBFBF1129291101010101FDFDFDFD32
:10B6B000FDFDFDFDBCA683808083A6B4839980999F
:10B6C000BDBC9988FF00FEFEFEFEFEFE0000D1D14B
:10B6D000D1D1D1D1FF0082828282828200007D7D21
:10B6E0007D7D7D7DFF005F5F5F5F5F5F0000A2A2E9
:10B6F000A2A2A2A2FF00FFFFFFFFFFFF00006F6FEB
:10B700006F6F6F6FFEFEFEFEFEFEFEFFD1D1D1D148
:10B71000D1D1D1FF82828282828282FF7D7D7D7D36
:10B720007D7D7DFF5F5F5F5F5F5F5FFFA2A2A2A283
:10B73000A2A2A2FFFFFFFFFFFFFFFFFF6F6F6F6F70
:10B740006F6F6FFF3C66430000C36634C3998099F6
:10B750003D3C99083D65410101C16535C19981991B
:10B760003D3D99098080BCA6838080FF9993839991
:10B77000BCBF80FF00003C66430000FF99D3C39923
:10B78000BCFF00FF01013D65410101FF99D1C19955
:10B79000BDFD01FF031F7BED75373E1800010F3F14
:10B7A0001F1C0000C0F8DEB7AEEC7C180080F0FC77
:10B7B000F8380000FFFFFFFFFFFF00FFFFFFFFFF64
:10B7C000FFFFFF00000040808040E0E000000060DC
:10B7D0006040809FFFFFFFFFFFFFFFFFEEEEDDDD1C
:10B7E000B9B976762717978FCFC7E7E784844444A3
:10B7F000A4A4D4D4E4E8E9F1F3E3E7E78181828209
:10B8000085858B8BFFFFFFFFFFFFFFFF7777BBBBBC
:10B810009D9D6E6EFFFFFFFFFFFFFFFFEFEFDFDF7E
:10B820009F9F6F6FF7F7FBFBFDFDFEFE6C6CB4B4E2
:10B83000DADAEDED024404228757472F4023231222
:10B84000140C0C0440828045E1EAE2F4026464488E
:10B8500088909080EFEFDFDFBFBF7F7F9696ADAD22
:10B86000DBDBB7B7FFFFFFFFFFFFFFFFF7F7FBFBD8
:10B87000F9F9F6F67F7F3F3F1F1F0F0F77773B3BAE
:10B880001D1D0E0EFFFFFFFFFFFFFFFFF7F7EBEBA6
:10B89000DDDDBEBEFFFFFFFFFFFFFFFF6F6FD7D7EE
:10B8A000BBBB7D7DFEFEFCFCF8F8F0F0EEEEDCDCD0
:10B8B000B8B870700707030301010000070703030E
:10B8C00001010000FFFFFFFFFFFFFFFF7F7FBFBF02
:10B8D000DFDFEFEF000002040402070700000003AF
:10B8E000030204FCE0E0C0C080800000E0E0C0C0D3
:10B8F00080800000000000000000008000000000C8
:10B9000000808040000000000000000100000000F6
:10B9100000010102FFE4E4E4E4E4E4FF80848484C1
:10B9200084848480FF272727272727FF04242424B3
:10B9300024242404E0E0E0E0E0E0E0E08080808097
:10B9400080808080070707070707070704040404AF
:10B950000404040400FFFFFFFFFFFFFFFF00FFFFE1
:10B96000FFFFFFFFBFBFBFBFBFBF80FF7F7F7F7FE6
:10B970007F7F7F00FF01FDFDFDFDFDFD00FEFEFE62
:10B98000FEFEFEFEFF00FFFFFFFFFFFF00FFFFFFC9
:10B99000FFFFFFFFFF80BFBFBFBFBFBF007F7F7F35
:10B9A0007F7F7F7FF9F9F9F9F9F9F9F9F6F6D6D63B
:10B9B000D6D6D6D6FDFDFDFDFDFD01FFFEFEFEFE49
:10B9C000FEFEFE00F9F9F9F9F9F9F9F9D6D6D6D65D
:10B9D000D6D6D6D6FFFFFBFBF9F9F9F9D7D7D7D7DB
:10B9E000D7D7D6D6FFFFFDFDF9F9F9F9EEEEDEDE89
:10B9F000BEBE7676FFFFFFFFFFFFFFFFF7F7FBFB03
:10BA0000DDDDDEDEFF00000000000000FFFF0000C3
:10BA100000000000FFFFFFFFFFFFFFFE000000002F
:10BA200000000103FEFEF1E6C8912244030F1F3E11
:10BA300078F1E2C4889122448913A74F8891224467
:10BA40008913A74F9E3C78F0E0C080009F3F7FFFA6
:10BA5000FFFFFFFF9E3E7AF2E2E2E2E29F3D7DFDC4
:10BA6000FDDDDDDD9F3F7FFFFFFFFFFF9F3F7FFF8E
:10BA7000EFEFAF2F793C1E0F07030100F9FCFEFF2B
:10BA8000FFFFFFFF1189442291CAE4F21189442289
:10BA900091CAE4F27F7F8F6713894422C0F0F87C5B
:10BAA0001E8F4723FFFFFFFFFFFFFF7F0000000007
:10BAB000000080C0F9FCFEEFE7E3E3E2F9FCDEDF23
:10BAC000DFDFDDDDF9FCFEFFFFFFFFFF793C3E2FEE
:10BAD0002F2F2F2FF93C1EFF07FFFFFF79FCFE0FD2
:10BAE000FF03FFFF9F3C78FFE0FFFFFF9E3F7FF0DB
:10BAF000FFC0FFFF81C37E00FF00FFFFFFFFFFFFCE
:10BB0000FF00FFFFFF000000FF00FFFFFFFFFFFF40
:10BB1000FF00FFFF00FF0000FFFFFFFF00FF00002E
:10BB2000FFFFFFFFFFFFFFFCFCFCFCFC0103030029
:10BB300000000000FFFFFFFFFFFFFFFF008080808D
:10BB4000808080800000FCFCFCFCFCFC0000FC8091
:10BB5000808080808080FFFCFCFCFCFC8080FF807B
:10BB600080808080FC80FCFCFCFCFCFC8080FC80F5
:10BB700080808080FFFFFFFFFFF8C00F0000000003
:10BB800000073FF0FFFFFCF0001973EF0000030F08
:10BB9000FFE68C10DF07010080A673FD20F8FEFF92
:10BBA0007F598C02FFFFFF7F1F03C0FF0000008052
:10BBB000E0FC3F00FFFFFFFFFFFE78C70000000032
:10BBC00000018738FFFFFFFFFFFF07FF00000000B5
:10BBD0000000F800FFF3F9F8FCFCFCFE000E07077C
:10BBE00003030301EF271694A8A8ABA418FCFDFFDC
:10BBF000FFFFFFFFFEFEFEFEFEFEE6C201010101A9
:10BC000001031B3FA9A6A8A083871F9FFFFFFFFF7B
:10BC1000FCF8F0F0C9E4EAF4F2F898883F1F1F0F2F
:10BC20000F07677723074F0F2B872F67FCFCF8F070
:10BC3000F4FCF8F8CEC6E6E2F2F3391D3F3F3F3F91
:10BC40007F7FFFFF434F4F4B495E1F1FFEFCF8FCF9
:10BC5000FEFFF9F0FFFFFF7F3FC7033F00000080BA
:10BC6000C0F8FCF8C3037FFFFFFFFFFFFCFC800070
:10BC700000000000FFFFFFFFFF7F0F8700000000B4
:10BC80000080F8FC9CCEE3F0FFFEFFFF7F3F1F0F1C
:10BC90000F0703019F8F66678B0403F0F0F9FFFB2A
:10BCA000FDFFFFFF870F1FFFFF07FF1FFCFCF8F8DA
:10BCB00050F8F0E0FFFFFFFEFCE3C0FC00000001D5
:10BCC000031F3F1FF7E468291505C525183FBFFF6F
:10BCD000FFFFFFFFFFCF9F1F3F3F3F7F0070E0E070
:10BCE000C0C0C080C3C0FEFFFFFFFFFF3F3F010099
:10BCF00000000000956515C5E1F9F8D9FFFFFF3F89
:10BD00001F0F0F2F7F7F7F7F7F7F67438080808023
:10BD100080C0D8FCC4E0F2F0D4E1F4A63F3F1F0F8E
:10BD20002F3F1F5F9327572F4F1F1911FCF8F8F073
:10BD3000F0E0E6EEC2F2F2D2927AF8F87F3F1F3FCF
:10BD40007FFF9F0F736367474FCF9CB8FCFCFCFCE1
:10BD5000FEFEFFFFFFFFFFFFFFFEF0E1000000001F
:10BD600000011F3FE1F0F8FFFFE0FFF83F3F1F1F1A
:10BD70000A1F0F07F9F166E6D120C00F0F9FFFDF02
:10BD8000BFFFFFFF3973C70FFF7FFFFFFEFCF8F017
:10BD9000F0E0C080FFFFFFFFFFFFFFFFFEFEFDFDA5
:10BDA000FBFBF7F7E2E4C4E287D7472FE0E3E3D2F7
:10BDB000948C0C0447878347E1EBE2F40767674BF9
:10BDC00089919080FFFFE7C38181818100183C7ECB
:10BDD000E7DBDBE708F0EF830280C0DAF70F107CC7
:10BDE000FDFFFFFF0000000000000607000000004C
:10BDF0001F3F793800038780E7EC78710000787F77
:10BE00001813878EF8F0D81E17030602000C27E1DE
:10BE1000E8FCF9FD0000000000000000000000C088
:10BE2000E0F0E0C00000000000000303000000009C
:10BE30000000043C041F1F3C00BEFF701B000003F9
:10BE40003F41008FFF3FF013034FBAFC00C00FEEDD
:10BE5000FEBC4D33000000F8FB4F0104C0F8FC06A7
:10BE600004B0FEFA00000000000000000000000125
:10BE70000103071F7C070327FF7FF5E083F8FDD947
:10BE8000078F3FFFE0F8FEBF7F8FEE607FF7C1C7EF
:10BE900099FCF1FF060008FCF898381FFFFFFFF33C
:10BEA0000767C7E000000000000000F0F0FEFFF0B0
:10BEB000E0F8FC0C00A0E38FF8F0E8FFFF5F1C70D7
:10BEC0001FFFFFFF0101C9FF7D381CFCFFFF3FFF83
:10BED000FEFFE303E0A0E0F0FF7F3F7FFFFF9F0F47
:10BEE0000080C0801ADF830781BBFE3EE5207CF81E
:10BEF0007E4401C108F0E68302000000F70F197CC0
:10BF0000FDFFFFFF7800201F06E3631E86FFDFE0D2
:10BF1000F81C9CE03F0F9FC5F8F0F0E0F0F0E0FA6D
:10BF200085080000E2F0BF1F0A1036001D0F40E038
:10BF3000F5E70000D1800000000000002E7FFFF731
:10BF4000E0C00000FC1400000000000001E0A000C0
:10BF5000000000000A0F120000000000F5F06C3C29
:10BF6000100000008CF8F0000000000070000000DD
:10BF7000000000000000000021773F1F030F1F3F5B
:10BF80001E0840E0BF9F0D1F3171E0804C63F2E05E
:10BF9000CE8E1F7FF8FCFFF9DF8E0C3F07032036A3
:10BFA0003879FBC401010701E3FF4D010006187E4B
:10BFB0001C00327E83E7FBC09FFFFFFF7C18043F1D
:10BFC0007FF00000387CC0E0F3EF9EFCC7833F1F8A
:10BFD000FF1761033F6EFC1E0FFFF971C29707E365
:10BFE000F3AB969F0EFFC309CDF9F3FFF1003CF6CA
:10BFF00032868CC001030301030000003E1C1C06B6
:10C0000000000000FFF1E0F8FE133FFE070F1F07DE
:10C0100001ECC001FFFF7E1F0F9FBFFFF0F8FFFF85
:10C02000FF6F43008F7F06C0FFFFFFFF7080F9FFA7
:10C03000FFFFFF3F00031E0907000000000001068C
:10C040000000000067C3C2800C000000983C3D7FE8
:10C05000F3CF030000C2AABEEB7DED63000041E117
:10C06000148B52FE8ACACEFAD349796D02071307A0
:10C070006CB68EB60A0AEE426BF9D99D001511BD59
:10C080009656B6660003878BC6CD4E9A0000010413
:10C090009DBBB57D761E5DF7F36A248EABE3B75F7B
:10C0A000EEBFDFFF2B9B8E32A5AB4DDCFEFFF9CD43
:10C0B0007BDFFFFFBFDEA64DBBF1FFF74C39D9BBDD
:10C0C000F7FFFFFFFCEA4919CBA7FFFBB3FDB7EF72
:10C0D000FFFFFFFF624ED7DEFFED4900DFF3BE7DBD
:10C0E000E43FBEFFDEB7BDB7FFDB6A02A9DA63CC6F
:10C0F000A9A6D5FF9FB6BB9ADFB50520F5C9D667BF
:10C10000727AFFFFBED7DD6FFA7F820065696EDA53
:10C110002F98FDFFFFFFFFBF1F87C1F00000DEFF6C
:10C12000FFFFFFFFFFFFFFFFCFEB3B3300005BFF95
:10C13000FFFFFFFFFFFFFFFCF8F89E070082EFFF05
:10C14000FFFFFFFFFFFFFFFE7071E1E50002E7FF69
:10C15000FFFFFFFFF3A0F0F3DF8EECFFFFFFFFFF19
:10C16000FFFFFFFF03810FFFF9311FDDFFFFFFFF1F
:10C17000FFFFFFFF83C7FECC5FFFFBFFFFFFFFFF5B
:10C18000FFFFFFFF313367FDD003F7FFFFFFFFFF26
:10C19000FFFFFFFF1ADF8307C1FBFFFFE5207CF8ED
:10C1A0007E4CCDED08F0EF8302088DAFF70F107CC9
:10C1B000FDFFFFFFE7E7CFDFBF7FFFFFFFFFFDFBD7
:10C1C000FBF7A400CFE3797D3FBF9FDFFFFFFFFFB9
:10C1D000FB77E762C0F0F0FEFFFCE8CFFFFFFFFF58
:10C1E000FFEFB7B7F7F3351C0C25FEFEFFFFFFF797
:10C1F000F7FBD995C3C1E070B0F97F3FFFFFFFFFA8
:10C20000FFFEF6E283C7C3F97C3C1F1FFFFFFFFF61
:10C21000FBF3F7E5F2F8F8F8F9F1F3F3FFFFFFFFAE
:10C22000FFFFFFFF8481C1C3879F9FCFFFFFFFFFF9
:10C23000FFFFFFFF888888808080C0C0FFFFFFFF6E
:10C24000FFFFFFFF6860607C6E6FEFE7FFFFFFFF9F
:10C25000FFFFFFFF1410000001018383EBEFFFFFDE
:10C26000FFFFFFFFCBAB1B031B99998B3757E7FFF2
:10C27000F7FFFFFFF77DFE797E7AF6FAFFFFFFFFFB
:10C28000FFFFFFFF3C59DBFADECAA8C0FFFFFFFF3C
:10C29000FFFFFFFF82A9AAEAC9C88888FFFFFFFF46
:10C2A000FFFFFFFF6664646262686868FFFFFFFF6C
:10C2B000FFFFFFFFC861684800200000B7DED7F726
:10C2C000FFFFFFFF415590099085A353BFAB6FF768
:10C2D0006F7B5FAF7EFF7B73FFF57B7DFFFFFFFF13
:10C2E000FFFFFFFFAA329683ABBF7A9AFFFFFFFFE3
:10C2F000FFFFFFFFAC8A9A92D2929290FFFFFFFF5E
:10C30000FFFFFFFF042D2921606A6362FFFFFFFF2B
:10C31000FFFFFFFF4421892108128280BBDE76FEE9
:10C32000F7ED7DFFA93041E1A581B56057CFBF1F73
:10C330005B7F4B9FFEF67FFFFFFFFB77FFFFFFFF5B
:10C34000FFFFFFFFB56D45D0527AF362FFFFFFFF9D
:10C35000FFFFFFFF034362E84A480C28FFFFFFFF8F
:10C36000FFFFFFFF1111195544444584FFFFFFFBF8
:10C37000FFFFBEFF8400602105A4E894FBFFBFDE41
:10C38000FADB97EB1383111543A9612DEF7FEFEBD8
:10C39000BF579FD3F8FEFAFFFCF7F5FAFFFFFFFF48
:10C3A000FFFFFFFF56DA7AD0E294E6D4FFFFFFFFEB
:10C3B000FFFFFFFF5010B268A8A0A061FFFFFFFFC2
:10C3C000FFFFFFFF12332329A1040002FFFEFFF746
:10C3D000FFFFFFFD4901290181801000FFFFF7FFEA
:10C3E000FFFFEFFF8383238303038323FFFFDF7FAD
:10C3F000FFFF7FDFF5F5F5F5FBFBFDF8FFFFFFFF26
:10C40000FFFFFFFFF1F5D59555B4644CFFFFFFFF2B
:10C41000FFFFFFFFCBCBC9C94D4D1C14FFFFFFFF32
:10C42000FFFFFFFFCAC88A891A2A2A2AFFFFFFFFD7
:10C43000FFFFFFFFEFEE6A4C05404849FFFFFFFF9B
:10C44000FFFFFFFF2B2B2FAB0B030B4BFFFFFFFF60
:10C45000FFFFFFFF00000000800080D00000000010
:10C4600000E0702818DF810781BBFFFFE7207EF81E
:10C470007EC4C5D50870EF834260E0F1F70F107CF1
:10C48000FDFFFFFF18DF830781BBFFFFE7207CF87C
:10C49000FEC4C1CBE2E2E2E2E2E2E2E2DDDDDDDDCA
:10C4A000DDDDDDDDFFFFFFFFFFFFFFFF2F2F2F2F64
:10C4B0002F2F2F2FE22202E202E2E2E25DDDFD1DDC
:10C4C000FD1DDDDDFFFCF8FFF8FFFFFF2E2F2F28FD
:10C4D0002F282F2F06037FFF8F7F7F7F060F7FBFC1
:10C4E000FF0B0B0F0307077333030307000C1E0E2C
:10C4F0000F1F0707C0C08080800000E0FCFEFEFE2A
:10C50000FCF8F0E0000000040E0E1E1C070F0F0BDD
:10C51000010000000000003070787838E0F0F0C8CA
:10C52000880000003C1C1C0E0E070F1E001C000E95
:10C530000007050A38181C0C0C0C1E3E0018000CD5
:10C54000000C0A1603030E386000000000030E38CA
:10C55000600000007FBCBC3C1C08040F0F6767E74D
:10C56000773F0F0F00000000000000C000808080B7
:10C570008080C0C0000070F8F070383C0F3F0F079B
:10C580000370003C0000000020E0E0E0C0E0E0E0DC
:10C59000C00000001C0E060E1C000000000E02066B
:10C5A00008000000E0F0F0703818387800F00070F3
:10C5B0000018283001010103060C181000000103C7
:10C5C000060C1810000070FC7E7E7F3F0F3F0F03AB
:10C5D000070812140000000000000080C0E0E0C066
:10C5E000800000800F01010103000000050100012F
:10C5F00001000000E0F0E0C000000000A07020405A
:10C60000000000001C0E7FFF877F7F7F1C3E7FCFD6
:10C61000FF0707070707173F3F06060F3C7CECC5DF
:10C62000477F0F0F80808080000000C0F8FCFCFC7A
:10C63000FCF0E0C003031F3F7F3F0003040F00072F
:10C6400002000001C0E0F0F8F0E0E0E030D828E0BF
:10C6500000E0E06000000000000E0E0E1F1F3F3FD4
:10C660001E00000040E0E0E0E0E0F07880E000E064
:10C6700000E0E0680E0E0E0E0E0E1E3E000E000EC6
:10C68000000E0E160000406C7E7E7C7E7E7F3F1387
:10C69000010000063F3B327070E0C0003F013200F5
:10C6A0007020C0000000000000E0E0E0E0F0F0F0EA
:10C6B000F0000000E0E0E0E0E0E0F0F800E000E0A2
:10C6C00000E0A0F007070F7FFF07030F0C3C3000CE
:10C6D00000181C0F9080848C0CFCF8E0F0F8F8F047
:10C6E000F00000E00103070707070703010307073E
:10C6F00007073F3F80C0E0E0E0E0E0C080C0E0E04E
:10C70000E0E0E0E003030100000004033F1F1F0F0F
:10C710000707070FC0C08000000000C0F0F8F8F065
:10C72000E0E0E0C010183C7CF0E0F0700F0703017F
:10C7300000E0205038381C387000000020180C1819
:10C74000300000000000000000000000070F0F078D
:10C750000707030170303000000030C0F8F8F0F037
:10C76000F0F0F0F8000000040E0F0E0E01030703B6
:10C77000010000000004040C1838383CF8F8FCF004
:10C78000F820303C0E0E0E0E0E1E3E000E000E0067
:10C790000E0E160007030303337B736104001C3C79
:10C7A0000E060607F8F8F8F8C0C6CEFE3828283876
:10C7B0007C78700063E0E01C3F3F1E0003070F031E
:10C7C00000000000FC9C1E3E3C7078000060FCC233
:10C7D000386070001C26636363321C001C26636390
:10C7E00063321C000C1C0C0C0C0C3F000C1C0C0CC1
:10C7F0000C0C3F003E63071E3C707F003E63071E2B
:10C800003C707F003F060C1E03633E003F060C1E7B
:10C8100003633E000E1E36667F0606000E1E366659
:10C820007F0606007E607E0303633E007E607E031B
:10C8300003633E001E30607E63633E001E30607EF8
:10C8400063633E007F63060C181818007F63060CB4
:10C85000181818003C62723C4F433E003C62723C28
:10C860004F433E003E63633F03063C003E63633F2D
:10C8700003063C007E6363637E6060007E636363E7
:10C880007E6060001C3663637F6363001C366363F5
:10C890007F6363006363636363633E006363636337
:10C8A00063633E003C66603E03633E003C66603E60
:10C8B00003633E003F30303E30303F003F30303E7B
:10C8C00030303F0000442810284400000044281065
:10C8D00028440000000C3F7F7F7FBFBE000C3E7EDF
:10C8E0007F7FFFFF0301E8FCE2BE7F7F001EFF3F6A
:10C8F0007FC38080E0F0381C3F3FFFFF007080DC8A
:10C90000C0C000000000000001C3FFFF00000000E5
:10C9100001032B2F60E0F0180C0603010000101833
:10C920000C06030181C1E3E276341C180101030205
:10C930000604040000303838383830700000000039
:10C9400000000000E0E030180C0603010000301881
:10C950000C0603010307070E1C38E0C000000000AE
:10C9600000000000C06030180C040000C0603018E7
:10C970000C04000080E0380E0307070380E0380E47
:10C980000300000003030303030707030000000084
:10C990000000000070FC7C1C78E0FF00000000003C
:10C9A00000003F0000000000007FFFF000000000DA
:10C9B000000000000000000000F000000000000087
:10C9C000007000000000000303037F3E0000000031
:10C9D0000000000000000202020203030000020245
:10C9E0000200000007FF06060606070700F8000021
:10C9F000000000003070782C2663E1C00000180CA5
:10CA00000603010007FF0E0C1C1C1C0000F00000B8
:10CA100000000000303C2E276340C0800000202032
:10CA20006040C0800006037FFF8F7F7F00060F7F7E
:10CA3000BFFF0B0B181C1E0E1EFCE0300000000098
:10CA400000000030180C060301000000180C06035B
:10CA500001000000FF00000000000000FC000000DA
:10CA60000000000060707878F8F8F8F8E0F0F8F866
:10CA7000F8F8F8F801020408102040F80001030754
:10CA80000F1F3F0781818181818181FF7E7E7E7EB4
:10CA90007E7E7E0010800044202170FA1000004449
:10CAA000000040F2014000274E5CFCFE0100002027
:10CAB00002044CFE0010000000003C7E101010101C
:10CAC00010103C7E0000000010000000000000007C
:10CAD000101010103C3C3C3C3C3C20A0FFFFFFFFF2
:10CAE000FF7D1850FCFC7E3E1E02060CFCFCFEFE88
:10CAF000FEFF79020F0E1E3C3D7D3D3C1F3F7FFF38
:10CB0000FFFFFF7FE0F0F0F8F8FCFEFEE0F0F0F849
:10CB1000F8FCFEFE0E040800000000000F030700F2
:10CB200000000000FFFF7F3F3E1C2870FFFFFFFF5B
:10CB30003E1C140803061C1913070F1F0F1F3F3F4D
:10CB40003F1F3F7FE0F0F0F0F0E0C080E0F0F0F059
:10CB5000F0E0C0801F3F3E1E0E0C38A07FFFFEFE9F
:10CB60007E3C0058060C3C39311301001F7F7F7F4B
:10CB70003F1F0F0F30F8FCFCFEFFFEFCF0F8FCFC42
:10CB8000FFFEFDFA000000F9F1FF7F7F0000007F4B
:10CB90001F618080002078FE00FFFFFF307CFEFFD9
:10CBA000FFFF1F07000000000182FDFC0000008065
:10CBB000C0F9FEFF040C183060000000040C1830AF
:10CBC0006000000007070E0E1C1C1C3C0F1F1F3FBF
:10CBD0003F7F7FFF2020202C0C18382004040C10ED
:10CBE000342018000F0D0D0D0D0D0D0D070303431F
:10CBF0004343C3C346464646464646463C3C3C3C09
:10CC00003C3C3C3C000000003F001F0000000000D6
:10CC10003F001F0000000000FC00FE0000000000BC
:10CC2000FF03FF0100000008080C060300000008D5
:10CC3000080C0603F8F0F0F0F4F0FAF8F8F0004011
:10CC400074100200A0A267474F4E1EEC7F7EFFFFCC
:10CC5000FFF2F2EC0C1E1E0C00000000080E1C047B
:10CC6000000000000000000E181C1C0E0000000A4E
:10CC7000170B170B000000000000F0F80000000088
:10CC800000000000F0F800000000000000000000BC
:10CC90000000000000000020301098C800000020B4
:10CCA000301098C84C642632121808084C64263399
:10CCB00013180F0F00000000000010180000000003
:10CCC00000001018080C040602030101080C0406F9
:10CCD00002030101FFFFFFFFFFFF7F1FF8F00818AD
:10CCE000088C46020003070703030301000307053E
:10CCF00001000000001FFFFFFFFF3F00001FFFFFBC
:10CD00007F7F3F00181898D8989830300020B8F8E6
:10CD1000F8F8F0F0181F0F0F0703030F0F3F3F3F06
:10CD20001F1F0F0F6040C0E0F0F0FEFFE0C0C0E04A
:10CD3000F0F0F0F8010307070F1F1F1F00000000AD
:10CD400000010101F8FCFEFEFEFEFEFE00000000F8
:10CD5000000000003F3F3F3F3F3F1214010103032B
:10CD600003070E28FEFFFFFFFF7F3E0100000000CB
:10CD7000804021067F7F7FFFFFFF7F1F1F0F4080C6
:10CD80000000301FF8F8F8FCFEFEFCF5800838C003
:10CD90000001030A000C3F7F7F7FBFA0000C3E7E96
:10CDA0007F7FFFFF000000C1813F7F7F0000003FC9
:10CDB0007FFFFFFF307CFEFFFFFFFFFF00001864D6
:10CDC000001CE7E700000080C1FAFDFC0000000045
:10CDD00000010283000000070700000003070700AE
:10CDE000000707030607038303030723C0E0F37369
:10CDF000F3F3EFFF000000010102141F0F1F3F3F7C
:10CE00003F1F0F0741408000000000E0FFFEFCF8DC
:10CE1000F8F0E0E000000000000000000F0F1F1F0E
:10CE20001F1E3E3C0000000000000000E0F0F0F893
:10CE3000F87C3C3C1C1E0E0E0603071F1C1E0E0E2B
:10CE40000603050B1C1C1C0C0C0C0E1F1C1C1C0CC4
:10CE50000C0C0C1A0000008000000818C0E0F070F4
:10CE6000F0F0E0E00000003131120407070F1F0F5F
:10CE70000F0F0F073C4C8C0E060000E0E4FCFEFE9A
:10CE8000FEFEF0E00000008000000000C0E0F07056
:10CE9000F0F0E0E00000000161623F3F070F0F1F6C
:10CEA0001F1F070F204080000000E0E0F0F8FCFCAE
:10CEB000FCFCF8F000000001071FFC7F03070707D8
:10CEC000071F3F1F00000000000000E0F0F8F8F826
:10CED000F0F0E0E00F1327274747427E7CFFFFFF7B
:10CEE000FFFF7E7E00006070383C1C0E3F7F7F7F1E
:10CEF0003F3C1C0E0000000000000004E0F0F0F0D9
:10CF0000F0F8783C060E3E0000000000060E3E00E1
:10CF1000000000001C1C0E0E06070E181C1C0E0E36
:10CF200006030608000000000000083C3F3F7F7E2B
:10CF3000FCF8F8FC3E0F0703070E00003E0F070346
:10CF400003040000000000040703000003070F0BA8
:10CF5000080C070300000020E8CC0C0CC0E0F0D067
:10CF60001030E0CC00000001120A0C0F0F1F1F1F31
:10CF70001F0F0F0F2E4E8E06000000E0FEFEFEFE7D
:10CF8000FCF0E0E0000000000000041C0F1F1F3F49
:10CF90003E3C3C1C1C0E0E060E1E00001C0E0E0617
:10CFA000061A00000F1F1D383070F0000F1F1D38CB
:10CFB00030305000C0E0E07818387000C0E0E07811
:10CFC00018183000080824C00324101018183CFF5B
:10CFD000FF3C181820408000000000E0FFFFFFFF2A
:10CFE000FCF8F0E03F3E600000000000FCF8E000CC
:10CFF000000000003F1F0000000000000F070000BD
:10D0000000000000C0C0C00002040407FFFFFF0FC3
:10D010000707070700000000000000E0F0F8F8F83C
:10D02000F0F0E0E003060C000000000003060C0036
:10D030002060400008181030206040C008181030F0
:10D04000206040C000000000206040C000000000E0
:10D05000206040C000000000000000FF0000000051
:10D06000000000FF00180C0C06040000002673F3FB
:10D07000F9FB7F3E0000F00C020001010001FFFF00
:10D08000FFFFFFFF000C1E0F0000F8FCF0FCFEFF8E
:10D09000FFFFE7FB0000000001637F7F000000004E
:10D0A00000E1FEFF3F0C0C0C0C0C0C003F0C0C0CB8
:10D0B0000C0C0C006363637F636363006363637FD3
:10D0C000636363003E63636363633E003E63636365
:10D0D00063633E00000008381C10000000000838A0
:10D0E0001C10000000002418182400000000241860
:10D0F00018240000000000080402011F00000008BE
:10D100000402011F000080808890A0C00000808081
:10D110008890A0C00000000907030000000000097B
:10D1200007030000383878F0E0C00000383878F0A5
:10D13000E0C00000000000201018181800000020B7
:10D14000101818180000387C7C7C7C38000008041B
:10D1500004044C38070F0F0700000000070F1F0FD3
:10D1600006000000E0F8783810000000F0F8F878C9
:10D1700030000000070E1F3E3F1F0F77070E3F7F56
:10D180007F7F3F7F78FCFE7CB8DEDFFE78FCFEFE12
:10D19000FCFEFFFF7F7B77371B0F0600FFFFFFFFC3
:10D1A0007F3F1E0CFCD8BCFEFE7C3800FFFEFCFE60
:10D1B000FEFEFC38000003070F1F1F1F00000307BF
:10D1C0000F1F1F1F000000189918000000000066C4
:10D1D000E76600000000303000000001003C0C0C4D
:10D1E0003C183E7E7F60607E606060007F60607E95
:10D1F0006060600018083C3C7C38108218183C3491
:10D2000064006C7C000003038161180603070404BA
:10D2100086621B0700000060401030000080E09034
:10D22000B8E8C8C08030180000000000F84C643A2C
:10D2300001000000000080601804023900008060D6
:10D2400018047AC760081206000000009FF7EC7807
:10D25000380000000000406020000000C0F0BC9AD0
:10D26000D160000000201204204804000062361C37
:10D27000386C46000F070000000C1F3F090F0F0716
:10D28000070F1F3FF8F030787C7E3E9C9CFCFCFC36
:10D29000FCFE3E9C0000000000000F0B0000000799
:10D2A0000F0F090D000000000000F0B8000000F0B2
:10D2B000F8FC9CDC0F273038383C1E00092F3F3F1C
:10D2C0003F3F1E00F8F00000001C3E3F9CFCFCFCB1
:10D2D000FCFC3E3F0001030707070703070F1F3E43
:10D2E0003C1C0C006030F8F8F8F8F8F8F8FCFF3F48
:10D2F0003F3E3E3C0363F3F2723A18073E7E3E3FE8
:10D300007F3F1F07A0A267474F4E1CE07F7EFCFCBB
:10D31000FFFEFCE00F1F1F3F3F3F3F3F0010123258
:10D3200022220202F0F8FCFEFEFEFEFE10180402AD
:10D33000020000003F3F3F3F3F3F1328020202022E
:10D3400003010D14FEFEFEFEFEFEF00100000000D3
:10D3500000008C0E0677FBFF7F7E7C39067FFFBFC7
:10D360003F1B1B0F00068E9C3C7CFCF80020E0D885
:10D37000FCFCFCF81B1B0B090402010F0F2F3F3FA5
:10D380001F1F0E0EF0E0C0800000FEFFF0E0C0C0E6
:10D39000C0C000003F7FFFFFFFFF7F1F060C081883
:10D3A000888C4601C0E0F0F8FCFCFEFE40601008EE
:10D3B00004040202FFFF7F7F3E3E08500100000090
:10D3C0000000142C00030707C3E3FBFD000307055F
:10D3D0000160F8FC30B8DCFCFCFCF8E030F9FDFD45
:10D3E000FFDFDE7EFF7F3F0F0302070FFF7F3F0F50
:10D3F000030307030080C0C0C0800FFFFCFCFCFCDF
:10D40000FCFCF0F000008080808000000020A0A0E4
:10D41000E0C0C080202C1E1E3E7EFFFF1F1F3F3F2E
:10D420003F7FFCFC000000000000FEFF8080808049
:10D4300080800000000000010303070F00000000CF
:10D4400000000000FFFFFFFEFEFEFCFCF9F10302FE
:10D45000000002031F3F3F3F1F0B20500000000051
:10D4600000041C28F8F0F0F0E08000000600000046
:10D4700000000000070F1F1F1F1F1F1F00081811AB
:10D4800011110101F0F8F8FCFCFCFEFE0008080C8C
:10D49000040402021F0F0F0701020000010009032C
:10D4A00003050000FEFEFEFEFEFC6810808080800A
:10D4B0008240502C0677FBFF7F7F7F3C067FFFBFBB
:10D4C0003F1B1B0F604080803C7CFCF80060E0C08C
:10D4D000FCFCFCF800000000000000000000000060
:10D4E000000000000000000000000000FFFFFFFF40
:10D4F000FFFFFFFFFFFFFFFFFFFFFFFF0000000038
:10D5000000000000FFFFFFFFFFFFFFFFFFFFFFFF27
:10D51000FFFFFFFF0101010101017F007F7F7F7F8E
:10D520007F7F7F00101010101010F700F7F7F7F74B
:10D53000F7F7F7001C3F7F7FEFEDA928634000005D
:10D54000101256001337FFDFFFFDFFFF6C4800008D
:10D5500000000000058FEFFDFFFFFFFF7A70100055
:10D56000000000008DDFFDFFDFFFFFFF72200000E5
:10D5700000000000C3E7FFDFFDFFFFFF3C180000D5
:10D5800000000000FFFFFFFF70040050FFFF73204A
:10D590008FFBFFAFFFFFFF9F07538000FF9F0F63CD
:10D5A000F9AC7FFFFFFFFFF8E0822E04FFFDF0C71C
:10D5B0001F7DD1FBFFFFFFE7000C1C00FFE74218B7
:10D5C000FFF3E3FF301D061040E0F9FFCFE2F9EF73
:10D5D000BF1F06008801004818BEFEFF77FEFFB798
:10D5E000E74101008090E820040C5FFF7F6F17DFA8
:10D5F000FBF3A00060EC700108DCFFFF9F138FFEBF
:10D60000F7230000000000FF00FFFFFFFFFFFF0007
:10D61000FF000000FFFFFFFFFFFFFFFFFF00FFFF16
:10D62000FFFFFFFF3810000000000000C7EFFFFF02
:10D63000FFFFFFFF60C0808202063E00831D3D3C6D
:10D640007C7880C100073D0000001010FFF800C288
:10D65000F7F7E7E70000020206041C08DBBC7C7C4D
:10D6600078B9C1E31020C042030C0000E7CB1D1CB9
:10D67000BCC0F3F71E3F7FFFFFED2301FFFFFFFF5D
:10D68000F5A1F1F7000002C2F3FFFFFFDBBC7CFC59
:10D69000FDFFFFFF1020C476BFEFFDFFE7CB193A77
:10D6A000BFEFFFFF00000006CEFBEFFFE3DDBDBCD8
:10D6B000FEFFFFFF00073D0E1F7FEFFFFFF800CECC
:10D6C000FFFFFFFF00DD00DD0000DDDDFFFFFFFFEE
:10D6D0000000FFFFFF808080FF080808FF80808037
:10D6E000FF080808FFFFFFF700000000FFFFFFFF33
:10D6F000FF10101099FF990000000000FFFF990033
:10D7000000000000FF00FFFF00DD00DDFFFFFFFF66
:10D71000FFFFFFFF80808080808080809E9E9E9E95
:10D720009E9E9E9E0B0B0B0B0B0B0B0B8B8B8B8BFD
:10D730008B8B8B8B5EC3818180000000000000100A
:10D74000107D7C380000808080C0406000000000B8
:10D7500000000000303020000000000021818181A5
:10D76000818585DD200000000000000040A0B0B8E9
:10D77000D8E0F8FC60FCFDFDFF7F7F709D1D7DFD06
:10D78000FFDF8F8F000000000718242EFCFCFEFE38
:10D79000F8E7DBD12020203030303C3CDFDFDFEF0A
:10D7A000EFEFF3F3464E4240444C2C2CB9B1BDBED2
:10D7B000B8B0D0D23030303030303030F0F0F0F01F
:10D7C000B0B0B0B0120D0000C2200284ECF2FFFF36
:10D7D0003DDFFC7A1C26636363321C001C266363F6
:10D7E00063321C000C1C0C0C0C0C3F000C1C0C0CB1
:10D7F0000C0C3F003E63071E3C707F003E63071E1B
:10D800003C707F003F060C1E03633E003F060C1E6B
:10D8100003633E000E1E36667F0606000E1E366649
:10D820007F0606007E607E0303633E007E607E030B
:10D8300003633E001E30607E63633E001E30607EE8
:10D8400063633E007F63060C181818007F63060CA4
:10D85000181818003C62723C4F433E003C62723C18
:10D860004F433E003E63633F03063C003E63633F1D
:10D8700003063C0081818181818101018181818157
:10D88000818101013F3F3F0F0F070300C4E2CAF24D
:10D89000F4FCFCFF00008080E0E0FD7F0000000061
:10D8A00080003CB9000000000004000100000102FB
:10D8B000060A0D020D0C10191B1B3F3F12130F27F8
:10D8C0002727070707070700000000001F1F0F0F8B
:10D8D00007070303000000FFFF000000000000FF37
:10D8E000FF0000001C3663637F6363001C366363C4
:10D8F0007F6363007E63637E63637E007E63637E1B
:10D9000063637E001E33606060331E001E33606000
:10D9100060331E007C66636363667C007C666363C1
:10D9200063667C003F30303E30303F003F30303E59
:10D9300030303F007F60607E606060007F60607EAE
:10D94000606060001F30606763331F001F306067D6
:10D9500063331F006363637F636363006363637F99
:10D96000636363001E0C0C0C0C0C1E001E0C0C0CD4
:10D970000C0C1E000303030303633E0003030303B5
:10D9800003633E0063666C787C6E670063666C7848
:10D990007C6E67003030303030303F003030303017
:10D9A00030303F0063777F7F6B63630063777F7FF7
:10D9B0006B63630063737B7F6F67630063737B7F5D
:10D9C0006F6763003E63636363633E003E6363634C
:10D9D00063633E007E6363637E6060007E636363B7
:10D9E0007E6060003E6363636F663D003E63636319
:10D9F0006F663D007E6363677C6E67007E6363676E
:10DA00007C6E67003C66603E03633E003C66603EA1
:10DA100003633E003F0C0C0C0C0C0C003F0C0C0C78
:10DA20000C0C0C006363636363633E0063636363B6
:10DA300063633E00636363773E1C08006363637740
:10DA40003E1C080063636B7F7F36220063636B7F3D
:10DA50007F36220063773E1C3E77630063773E1C6F
:10DA60003E7763003333121E0C0C0C003333121E4E
:10DA70000C0C0C007F070E1C38707F007F070E1CFB
:10DA800038707F0024242400000000002424240097
:10DA9000000000000000001818000000000000183E
:10DAA000180000007F003E6363633E007F003E631A
:10DAB00063633E003C4299A1A199423C3C4299A13A
:10DAC000A199423C0000000000181800000000006E
:10DAD000001818000101010101010101000000000E
:10DAE00000000000C0633E30033F3F300080C1CFE4
:10DAF000FCC0C0CF010101010000000300000000D4
:10DB000000000000063E308CCE6660C1F9C1CF73C4
:10DB100031191F3E00C060301808183F000080C057
:10DB2000E0F0E0C8000000000000008000000000FD
:10DB3000000000007C78F8D0B06120C093B7674F38
:10DB40000F9EDF3FC06023266CE869330080C0C1B0
:10DB5000832786CC7E4060717F3F1F02013F1F4EAE
:10DB6000603E1C010D38D0CDD0423200F2C72FB23A
:10DB70002FBDCDFF020303030100000001000203DB
:10DB8000010000000173FBFEDC0F0707FE8D24F18E
:10DB9000DB0807079CF0E0C61C3C3830630F5F3998
:10DBA000E3C3C7CF171772783C1F1EFCE8E88D97B8
:10DBB000C3E8E903E1C78F3FFDFBE6841EB873C7E6
:10DBC0001C78E183F9F3E7CF9E3C78F066CC99337B
:10DBD00066CC983007070700000000000007070028
:10DBE00000000000E0C0000000000000E0C00000F5
:10DBF00000000000000080E030180C04000000006D
:10DC0000C0E0F0F80507060C193F7FF7F8F8F9F3C4
:10DC1000E6C89F37E0C080000000000060C08000C0
:10DC200000000000000000000007040400000000E5
:10DC3000000003030C081810306141CC0307070FE4
:10DC40000F1E3E339C3D79F9E9C9890963C29636B6
:10DC500066C68606000000000080C0670000000065
:10DC60000000008000000000000000F00000000044
:10DC70000000000034161777F3F1C0FFC3E1E4861B
:10DC800033F14000380C068382C3FFC3C0F0F87C38
:10DC90007D3C813D908080C1FFFF7E0D6F7F7F3E88
:10DCA00080FC790202064EDE8C4CE783FCF8B2263B
:10DCB00074B0187C183020303F3F1F00070F1F0F33
:10DCC000203F1F00133171FBFFDF8E00ECCE8E244E
:10DCD00071DF8E000000000000F09CC60000000014
:10DCE00000006038000000070404FE8C0000000003
:10DCF00003030173C3E260C10310E1E3BC9D1F3E57
:10DD0000FCEF1E9CC461E0039F8FCEC63B9E1FFCB0
:10DD1000627637B9C743C68F9890841CB93D387076
:10DD2000676F7BE3E07971F165054DCD9F466E0E1F
:10DD30009AFAB2321999CBC3E67F7F3FE66634BCCC
:10DD400099407F3FDC9C3C76F7E7C381236BCB9106
:10DD50003466C381090909090D0F0F070606060677
:10DD600002080F0700000080E030103000000000C3
:10DD700000C0E0C0F098088C041C3C7C1060F0707F
:10DD8000F8E0CC80F4F4F4A4242464C42868C8988F
:10DD900018181838C642030103FFFFFE38BCFCFE0A
:10DDA000FC01FFFE00000000000000000000000079
:10DDB0000000000000000000000000000000000063
:10DDC0000000000000000000000000000000000053
:10DDD0000000000008F0EF830280C0DAF70F107C2B
:10DDE000FDFFFFFF0000000000000607000000002C
:10DDF0001F3F793800038780E7EC78710000787F57
:10DE00001813878EF8F0D81E17030602000C27E1BE
:10DE1000E8FCF9FD0000000000000000000000C068
:10DE2000E0F0E0C00000000000000303000000007C
:10DE30000000043C041F1F3C00BEFF701B000003D9
:10DE40003F41008FFF3FF013034FBAFC00C00FEEBD
:10DE5000FEBC4D33000000F8FB4F0104C0F8FC0687
:10DE600004B0FEFA00000000000000000000000105
:10DE70000103071F7C070327FF7FF5E083F8FDD927
:10DE8000078F3FFFE0F8FEBF7F8FEE607FF7C1C7CF
:10DE900099FCF1FF060008FCF898381FFFFFFFF31C
:10DEA0000767C7E000000000000000F0F0FEFFF090
:10DEB000E0F8FC0C00A0E38FF8F0E8FFFF5F1C70B7
:10DEC0001FFFFFFF0101C9FF7D381CFCFFFF3FFF63
:10DED000FEFFE303E0A0E0F0FF7F3F7FFFFF9F0F27
:10DEE0000080C0801ADF830781BBFE3EE5207CF8FE
:10DEF0007E4401C108F0E68302000000F70F197CA0
:10DF0000FDFFFFFF7800201F06E3631E86FFDFE0B2
:10DF1000F81C9CE03F0F9FC5F8F0F0E0F0F0E0FA4D
:10DF200085080000E2F0BF1F0A1036001D0F40E018
:10DF3000F5E70000D1800000000000002E7FFFF711
:10DF4000E0C00000FC1400000000000001E0A000A0
:10DF5000000000000A0F120000000000F5F06C3C09
:10DF6000100000008CF8F0000000000070000000BD
:10DF7000000000000000000021773F1F030F1F3F3B
:10DF80001E0840E0BF9F0D1F3171E0804C63F2E03E
:10DF9000CE8E1F7FF8FCFFF9DF8E0C3F0703203683
:10DFA0003879FBC401010701E3FF4D010006187E2B
:10DFB0001C00327E83E7FBC09FFFFFFF7C18043FFD
:10DFC0007FF00000387CC0E0F3EF9EFCC7833F1F6A
:10DFD000FF1761033F6EFC1E0FFFF971C29707E345
:10DFE000F3AB969F0EFFC309CDF9F3FFF1003CF6AA
:10DFF00032868CC001030301030000003E1C1C0696
:10E0000000000000FFF1E0F8FE133FFE070F1F07BE
:10E0100001ECC001FFFF7E1F0F9FBFFFF0F8FFFF65
:10E02000FF6F43008F7F06C0FFFFFFFF7080F9FF87
:10E03000FFFFFF3F00031E0907000000000001066C
:10E040000000000067C3C2800C000000983C3D7FC8
:10E05000F3CF030000C2AABEEB7DED63000041E1F7
:10E06000148B52FE8ACACEFAD349796D0207130780
:10E070006CB68EB60A0AEE426BF9D99D001511BD39
:10E080009656B6660003878BC6CD4E9A00000104F3
:10E090009DBBB57D761E5DF7F36A248EABE3B75F5B
:10E0A000EEBFDFFF2B9B8E32A5AB4DDCFEFFF9CD23
:10E0B0007BDFFFFFBFDEA64DBBF1FFF74C39D9BBBD
:10E0C000F7FFFFFFFCEA4919CBA7FFFBB3FDB7EF52
:10E0D000FFFFFFFF624ED7DEFFED4900DFF3BE7D9D
:10E0E000E43FBEFFDEB7BDB7FFDB6A02A9DA63CC4F
:10E0F000A9A6D5FF9FB6BB9ADFB50520F5C9D6679F
:10E10000727AFFFFBED7DD6FFA7F820065696EDA33
:10E110002F98FDFFFFFFFFBF1F87C1F00000DEFF4C
:10E12000FFFFFFFFFFFFFFFFCFEB3B3300005BFF75
:10E13000FFFFFFFFFFFFFFFCF8F89E070082EFFFE5
:10E14000FFFFFFFFFFFFFFFE7071E1E50002E7FF49
:10E15000FFFFFFFFF3A0F0F3DF8EECFFFFFFFFFFF9
:10E16000FFFFFFFF03810FFFF9311FDDFFFFFFFFFF
:10E17000FFFFFFFF83C7FECC5FFFFBFFFFFFFFFF3B
:10E18000FFFFFFFF313367FDD003F7FFFFFFFFFF06
:10E19000FFFFFFFF1ADF8307C1FBFFFFE5207CF8CD
:10E1A0007E4CCDED08F0EF8302088DAFF70F107CA9
:10E1B000FDFFFFFFE7E7CFDFBF7FFFFFFFFFFDFBB7
:10E1C000FBF7A400CFE3797D3FBF9FDFFFFFFFFF99
:10E1D000FB77E762C0F0F0FEFFFCE8CFFFFFFFFF38
:10E1E000FFEFB7B7F7F3351C0C25FEFEFFFFFFF777
:10E1F000F7FBD995C3C1E070B0F97F3FFFFFFFFF88
:10E20000FFFEF6E283C7C3F97C3C1F1FFFFFFFFF41
:10E21000FBF3F7E5F2F8F8F8F9F1F3F3FFFFFFFF8E
:10E22000FFFFFFFF8481C1C3879F9FCFFFFFFFFFD9
:10E23000FFFFFFFF888888808080C0C0FFFFFFFF4E
:10E24000FFFFFFFF6860607C6E6FEFE7FFFFFFFF7F
:10E25000FFFFFFFF1410000001018383EBEFFFFFBE
:10E26000FFFFFFFFCBAB1B031B99998B3757E7FFD2
:10E27000F7FFFFFFF77DFE797E7AF6FAFFFFFFFFDB
:10E28000FFFFFFFF3C59DBFADECAA8C0FFFFFFFF1C
:10E29000FFFFFFFF82A9AAEAC9C88888FFFFFFFF26
:10E2A000FFFFFFFF6664646262686868FFFFFFFF4C
:10E2B000FFFFFFFFC861684800200000B7DED7F706
:10E2C000FFFFFFFF415590099085A353BFAB6FF748
:10E2D0006F7B5FAF7EFF7B73FFF57B7DFFFFFFFFF3
:10E2E000FFFFFFFFAA329683ABBF7A9AFFFFFFFFC3
:10E2F000FFFFFFFFAC8A9A92D2929290FFFFFFFF3E
:10E30000FFFFFFFF042D2921606A6362FFFFFFFF0B
:10E31000FFFFFFFF4421892108128280BBDE76FEC9
:10E32000F7ED7DFFA93041E1A581B56057CFBF1F53
:10E330005B7F4B9FFEF67FFFFFFFFB77FFFFFFFF3B
:10E34000FFFFFFFFB56D45D0527AF362FFFFFFFF7D
:10E35000FFFFFFFF034362E84A480C28FFFFFFFF6F
:10E36000FFFFFFFF1111195544444584FFFFFFFBD8
:10E37000FFFFBEFF8400602105A4E894FBFFBFDE21
:10E38000FADB97EB1383111543A9612DEF7FEFEBB8
:10E39000BF579FD3F8FEFAFFFCF7F5FAFFFFFFFF28
:10E3A000FFFFFFFF56DA7AD0E294E6D4FFFFFFFFCB
:10E3B000FFFFFFFF5010B268A8A0A061FFFFFFFFA2
:10E3C000FFFFFFFF12332329A1040002FFFEFFF726
:10E3D000FFFFFFFD4901290181801000FFFFF7FFCA
:10E3E000FFFFEFFF8383238303038323FFFFDF7F8D
:10E3F000FFFF7FDFF5F5F5F5FBFBFDF8FFFFFFFF06
:10E40000FFFFFFFFF1F5D59555B4644CFFFFFFFF0B
:10E41000FFFFFFFFCBCBC9C94D4D1C14FFFFFFFF12
:10E42000FFFFFFFFCAC88A891A2A2A2AFFFFFFFFB7
:10E43000FFFFFFFFEFEE6A4C05404849FFFFFFFF7B
:10E44000FFFFFFFF2B2B2FAB0B030B4BFFFFFFFF40
:10E45000FFFFFFFF00000000800080D000000000F0
:10E4600000E0702818DF810781BBFFFFE7207EF8FE
:10E470007EC4C5D50870EF834260E0F1F70F107CD1
:10E48000FDFFFFFF18DF830781BBFFFFE7207CF85C
:10E49000FEC4C1CB00030307070F3F3F1F1C1C181E
:10E4A000187143C300000004000104100303070BAC
:10E4B0000F1E1B0FFFFFFFFFFFFFFFFFFFFFFFFF11
:10E4C000FFFFFFFFFFFFFFFFFFFFFFFFFFFFFFFF5C
:08E4D000FFFFFFFF10C0000078
:08E4D800186CFE7F010000003A
:10E4E000010000001000000000000240001802407F
:10E4F000000C0240000C02400028024040000000D6
:10E5000010000000200000000800000001000000D2
:10E51000E001000020030000485602080B00100034
:10E5200028620208110018003D4D0008694C0008DF
:10E53000614C0008314D00087D4C0008C54C0008B6
:10E54000254D00085D4D0008654C0008614D000830
:10E550000808090908090809090909090808080833
:10E5600008090A0B0808080902000000AC010000B5
:10E570007C01000054010000400100001E01000069
:10E58000FE000000E2000000D6000000BE00000017
:10E59000A00000008E000000800000006A00000063
:10E5A0005500000048000000360000000400000094
:10E5B00008000000100000002000000040000000E3
:10E5C0006000000080000000A0000000CA00000001
:10E5D000FE0000007C010000FC010000FA020000C7
:10E5E000F8030000F2070000E40F0000FF035505E8
:10E5F00066061C078707C107E007F007057F0A01C9
:10E600001302280350041E0507060D0706080C090F
:10E61000180A300B600C240D080E100F6C0100203E
:10E620008C010020AC010020CC0100200010203023
:10E63000405060708090A0B0C0D0E0F0FFEFDFCF1E
:10E64000BFAF9F8F7F6F5F4F3F2F1F0F11111111B2
:10E6500011111111111111111111111111111111AA
:10E6600011111111111111110000000011111111DE
:10E67000111111111111111111111111111111118A
:10E680001111111100000000000000001111111102
:10E6900011111111111111111111111100000000AE
:10E6A0000000000000000000000000001111111126
:10E6B0001111111100000000000000000000000016
:10E6C000000000000000000000000000007056A2E2
:10E6D000007056A2007056A2B7000000A40000000F
:10E6E000112B00000237100000382B5100382B513D
:10E6F00000382B516F01000052000000225600002C
:10E70000811B0800009C9D28009C9D28009C9D2842
:10E71000DF0200002900000044AC0000C00D04002E
:10E7200045E5010881E50108C1E50108FDE50108AD
:10E7300039E6010875E60108B1E60108EDE60108D1
:10E7400029E7010865E70108A1E70108DDE70108FD
:10E7500019E8010855E8010891E80108CDE8010829
:10E7600009E9010845E9010881E90108BDE9010855
:10E77000CE397110150013200E4402540050203C75
:10E78000A02000014001E200EB0C000000000000AE
:10E79000F75EDD01FD101E40175C0B70A06C21655B
:10E7A000C0454002A0024702110200000000000024
:10E7B000FF7FFF1E5F2E3F22FF79D67DCC7D677ED7
:10E7C000E77A42436927F32FBB03000000000000F3
:10E7D000FF7F9F575F633F6B1F7F1B7FF67E757FB9
:10E7E000947FF473D757F95BFE4F000000000000E0
:10E7F0009883020800000000B083020800000000B7
:10E800000024F40001000000DD3F02084941020835
:10E810004D41020889420208B94102082D4202080E
:10E82000E94102088D3F0208953F02086541020850
:10E83000E9400208913F02085C030020000000004C
:10E840000000000068000000D00000000000000090
:10E8500000000000000000000000000000000000B8
:10E8600000000000000000000000000000000000A8
:10E870000000000000000000000000000000000098
:08E88000000000000000000090
:040000050802503964
:00000001FF
